"","Code","Governance.Units.x","Provinces.x","Districts.x","Name.of.Government.Unit.x","Children.Immunized.BCG.Doses","Children.Immunized.DPT.HepB.Hib.1st","Children.Immunized.DPT.HepB.Hib.3rd","Children.Immunized.OPV.3rd","Children.Immunized.PCV.3rd","Children.Immunized.Measles.Rubella.12.23.Months","Children.Immunized.JE","Pregnant.women.Immunized.TD.Pregnant.Women..2","Pregnant.women.Immunized.TD.Pregnant.Women..2.","Fully.Immunized.Children","Health.Facilities.within.Catchment.Area.Immunization.Sessions.Planned","Health.Facilities.within.Catchment.Area.Immunization.Sessions.Planned.months","Health.Facilities.within.Catchment.Area.Immunization.Sessions.Conducted","Safe.Motherhood.Program..Birth.Weight.Low.and.Very.low....2.5.kg.","Registered.for.GM.New.Visit.0.11.Months...Normal","Registered.for.GM.New.Visit.0.11.Months...Moderate","Registered.for.GM.New.Visit.0.11.Months...Severe","Registered.for.GM.New.Visit.12.23.Months...Normal","Registered.for.GM.New.Visit.12.23.Months...Moderate","Registered.for.GM.New.Visit.12.23.Months...Severe","X..5yr.Children.Receiving.Vitamin.A.6.59.Months..sharwan.Poush.2074.","Nutrition...5yr.Children.Receiving.Deworming.Tab..Sharwan.poush.2074.","CBIMCI..2.59Months..Classification.Diarrhoea.No.Dehydration","CBIMCI..2.59Months..Classification.Diarrhoea.Some.Dehydration","CBIMCI..2.59Months..Classification.Diarrhoea.Severe.Dehydration","FCHV.Program.CBIMCI..2.59.Months.Total.Diarrhoea.Cases","CBIMCI..2.59Months..Treatment.ORS...Zinc","FCHV.Program.CBIMCI..2.59.Months.Treated.with.ORS...Zinc","Total.Diarrhoea.cases","Total.diarrhoea.treated.with.ORS.and.zinc","CBIMCI..2.59Months..Classification.ARI.No.Pneumonia","CBIMCI..2.59Months..Classification.ARI.Pneumonia","CBIMCI..2.59Months..Classification.ARI.Severe.Pneu.Very.Severe.Disease","FCHV.Program.CBIMCI..2.59.Months.Total.cases.ARI","Total.ARI.cases","Total.Pneumonia.cases..at.HF...Outreach.","CBIMCI..2.59Months..Treatment.Amoxicillin","CBIMCI..2.59Months..Treatment.Cotrim.Paediatrics","CBIMCI..2.59Months..Treatment.Other.Antibiotics.Facility","Safe.Motherhood.Program.Antenatal.Checkup.First.ANC.Visit..any.time...20.Years","Safe.Motherhood.Program.Antenatal.Checkup.First.ANC.Visit..any.time...20.Years.1","Safe.Motherhood.Program.Antenatal.Checkup.Four.ANC.Visits.as.per.Protocol..20.Years","Safe.Motherhood.Program.Antenatal.Checkup.Four.ANC.Visits.as.per.Protocol..20.Years.1","Nutrition.Pregnant.Women.Receiving.180.Iron.Tablets","Safe.Motherhood.Program.Delivery.Service.Non.SBA.Health.Workers.Facility","Safe.Motherhood.Program.Delivery.Service.Non.SBA.Health.Workers.Home","Safe.Motherhood.Program.Delivery.Service.Skilled.Birth.Attendants..SBA.Facility","Safe.Motherhood.Program.Delivery.Service.Skilled.Birth.Attendants..SBA.Home","Safe.Motherhood.Program.3.PNC.Visits.as.per.Protocol","FCHV.Program.Maternal.Death.Antepartum","FCHV.Program.Maternal.Death.Intrapartum","FCHV.Program.Maternal.Death.Postpartum","Safe.Motherhood.Program.Maternal.Death.Antepartum","Safe.Motherhood.Program.Maternal.Death.Intrapartum","Safe.Motherhood.Program.Maternal.Death.Postpartum","Safe.Motherhood.Program.Safe.Abortion.Service.Number.of.Women...20.Years.Medical","Safe.Motherhood.Program.Safe.Abortion.Service.Number.of.Women...20.Years.Surgical","Safe.Motherhood.Program.Safe.Abortion.Service.Number.of.Women...20.Years.Medical.1","Safe.Motherhood.Program.Safe.Abortion.Service.Number.of.Women...20.Years.Surgical.1","CBIMCI..2Months.Total.Death...28.Days..Facility","CBIMCI..2Months.Total.Death...28.Days..OutReach.Clinics","FCHV.Program.Death..28.days","Safe.Motherhood.Program.Maternal.Death.Neonatal.death.at.Health.Facility","Total.number.of.neonatal.deaths","Family.Planning.Program.Temporary.FP.Method.Pills.Current.User","Family.Planning.Program.Temporary.FP.Method.Implant.Current.User","Family.Planning.Program.Temporary.FP.Method.IUCD.Current.User","Family.Planning.Program.Temporary.FP.Method.Depo.Current.User","Family.Planning.Program.Temporary.FP.Method.Condom.Pieces.Qty.150","Family.Planning.Program.Postpartum.FP.Acceptors..Within.48.Hours.of.Delivery..IUCD","Family.Planning.Program.Postpartum.FP.Acceptors..Within.48.Hours.of.Delivery..Implant","Family.Planning.Program.Postpartum.FP.Acceptors..Within.48.Hours.of.Delivery..Tubectomy","Total.FCHVs.within.Catchment.Area","FCHV.Program.SMH.FP.Meetings.Held.of.Mothers.Group","Health.Facilities.within.Catchment.Area.Outreach.Clinics.Planned.months","Health.Facilities.within.Catchment.Area.Outreach.Clinics.Conducted","HIV.Tested.in.HTC.Program","HIV.found.Positive.in.HTC.Program","Outpatient.Morbidity.Communicable.Vector.Borne.Filariasis.Cases","Outpatient.Morbidity.Trachoma.Cases","No..of.new.TB.cases.registered","TB.PBC..new..registered.cases","TB.PBC..new..treatment.completed....cured.and.completed..cases","Malaria..Total.number.of.positive.cases","Number.of..P..Falciparum..PF..cases","Malaria..Diagnosis...Result.Examined","Malaria..Blood.Slide.Collection","Leprosy.Total.Additions.New.Cases.Never.Registered.earlier.Multi.Bacillary","Leprosy.Total.Additions.New.Cases.Never.registered.earlier.Pauci.Bacillary","Leprosy.Patient..from.OPD.","Total.New.OPD.Visits.Female","Total.New.OPD.Visits.Male","fid","Provinces.y","Districts.y","Governance.Units.y","Name.of.Government.Unit.y"
"1",10101,"Rural Municipality","Province 1","Taplejung","Phaktanlung Rural Municipality",282,297,283,280,261,178,383,146,72,220,206,17,161,0,300,0,0,84,5,0,1037,844,318,98,0,478,382,434,894,"816",682,256,6,535,1479,262,200,63,9,69,143,22,77,109,16,1,72,0,40,0,0,0,0,0,0,0,0,0,0,0,0,5,0,5,94,209,36,311,105,0,0,0,111,789,"25",276,0,0,0,3,3,2,0,0,0,0,0,0,0,0,5777,5397,5,"Koshi Province","Taplejung","Rural Municipality","Phaktanlung Rural Municipality"
"2",10102,"Rural Municipality","Province 1","Taplejung","Mikwakhola Rural Municipality",177,193,191,194,187,138,173,56,33,146,129,11,115,2,199,5,1,68,1,0,748,675,198,34,0,524,236,447,756,"683",310,51,0,576,937,51,38,8,3,35,127,14,43,127,0,39,37,0,41,0,1,1,0,0,0,0,0,0,0,0,0,5,0,5,35,43,12,180,56,0,0,0,63,172,"14",138,0,0,0,7,3,0,0,0,0,0,0,0,0,0,2846,2626,4,"Koshi Province","Taplejung","Rural Municipality","Mikwakhola Rural Municipality"
"3",10103,"Rural Municipality","Province 1","Taplejung","Meringden Rural Municipality",252,221,215,226,209,175,205,117,55,220,183,15,174,3,278,0,0,24,1,0,1187,1049,227,82,0,364,291,382,673,"673",507,116,5,491,1119,121,98,9,3,50,195,14,53,70,10,9,71,2,19,0,0,0,0,0,0,5,5,5,5,0,0,3,1,4,87,179,107,285,64,0,0,0,108,676,"18",203,0,0,0,0,6,1,0,0,0,0,0,0,0,0,4512,4462,3,"Koshi Province","Taplejung","Rural Municipality","Meringden Rural Municipality"
"4",10104,"Rural Municipality","Province 1","Taplejung","Maiwakhola Rural Municipality",192,194,192,200,193,134,180,84,43,178,102,9,93,0,240,1,1,173,2,1,1283,1146,195,41,0,274,194,287,510,"481",492,69,0,350,911,69,53,3,42,36,164,6,53,49,3,5,37,0,17,0,0,1,0,0,1,0,0,9,0,0,0,9,0,9,43,126,38,116,62,0,0,0,67,457,"8",81,0,0,0,0,4,3,0,0,0,0,0,0,0,0,3682,3087,2,"Koshi Province","Taplejung","Rural Municipality","Maiwakhola Rural Municipality"
"5",10105,"Rural Municipality","Province 1","Taplejung","Aatharai Tribeni Rural Municipality",278,278,271,271,236,234,249,116,107,249,201,17,188,0,415,16,1,226,16,0,1945,1819,304,72,0,410,378,382,786,"760",741,95,1,273,1110,96,69,20,5,70,174,34,121,153,12,13,79,0,61,0,0,0,0,0,0,0,0,0,0,0,0,2,0,2,97,217,50,297,82,0,0,0,72,330,"15",175,0,0,0,2,6,0,0,0,0,0,0,0,0,0,6499,5771,1,"Koshi Province","Taplejung","Rural Municipality","Aatharai Tribeni Rural Municipality"
"6",10106,"Municipality ","Province 1","Taplejung","Phungling Municipality",722,623,548,539,529,478,605,520,74,210,203,17,163,17,491,40,2,50,4,0,481,434,271,156,0,1055,304,782,1482,"1086",607,160,0,1024,1791,160,107,37,6,125,522,29,183,197,0,0,718,0,240,0,0,0,0,0,0,13,17,156,279,0,0,3,2,5,62,466,45,421,612,0,0,1,100,673,"20",197,0,0,0,59,25,18,18,0,0,0,0,0,0,0,19182,16347,6,"Koshi Province","Taplejung","Municipality ","Phungling Municipality"
"7",10107,"Rural Municipality","Province 1","Taplejung","Yangwarak Rural Municipality",260,268,241,244,223,203,263,143,67,229,201,17,192,1,342,0,0,132,0,0,1118,1006,213,52,0,630,297,834,895,"1131",730,251,0,527,1508,251,208,20,2,65,160,16,76,107,2,1,35,2,16,0,0,1,0,0,0,0,0,0,0,0,0,5,0,5,41,227,18,139,55,0,1,0,95,580,"24",282,0,0,0,1,4,0,0,0,0,600,600,0,0,0,5497,4580,9,"Koshi Province","Taplejung","Rural Municipality","Pathibhara Yangwarak Rural Municipality"
"8",10108,"Rural Municipality","Province 1","Taplejung","Sirijanga Rural Municipality",240,251,248,265,267,218,274,144,49,236,264,22,222,1,255,2,2,109,0,0,1210,1065,153,164,11,281,288,292,609,"580",735,222,10,994,1961,232,195,26,7,45,167,16,93,133,5,16,22,4,17,0,0,0,0,0,0,0,0,2,0,0,0,6,0,6,114,179,103,335,82,0,0,0,152,1138,"29",312,0,0,0,0,2,3,0,0,0,0,0,0,0,0,7237,6449,8,"Koshi Province","Taplejung","Rural Municipality","Sirijanga Rural Municipality"
"9",10109,"Rural Municipality","Province 1","Taplejung","Sidingba Rural Municipality",208,234,209,204,184,191,238,106,82,213,158,13,147,3,273,22,0,107,7,0,1049,926,154,27,0,335,187,308,516,"495",590,149,3,349,1091,152,122,22,22,99,141,19,49,86,1,52,28,2,21,0,0,0,0,0,0,0,0,0,0,0,0,4,0,4,142,238,43,248,30,1,0,0,104,910,"25",298,0,0,0,1,1,0,0,0,0,0,0,0,0,0,4283,3714,7,"Koshi Province","Taplejung","Rural Municipality","Sidingba Rural Municipality"
"10",10201,"Rural Municipality","Province 1","Sankhuwasabha","Bhotkhola Rural Municipality",130,141,154,151,118,83,146,32,32,216,92,8,67,0,107,0,0,59,3,0,448,396,233,24,0,6,230,21,263,"251",246,58,12,8,324,70,83,93,230,18,74,1,24,30,2,0,30,4,20,0,0,0,0,0,0,1,0,0,0,0,0,0,1,1,24,34,8,204,9,1,0,0,30,30,"9",54,0,0,0,3,1,0,0,0,0,0,0,0,0,0,3728,3006,86,"Koshi Province","Sankhuwasabha","Rural Municipality","Bhotkhola Rural Municipality"
"11",10202,"Rural Municipality","Province 1","Sankhuwasabha","Makalu Rural Municipality",260,307,259,256,297,210,316,101,107,294,195,16,173,6,275,3,0,62,0,0,751,589,275,55,0,275,298,230,605,"528",415,250,2,222,889,252,353,72,139,61,207,8,51,108,9,4,74,6,19,0,1,0,0,0,0,0,0,2,0,0,0,2,0,2,51,458,17,313,61,0,0,0,42,336,"14",133,0,0,0,1,5,0,0,0,0,0,0,0,0,0,7092,7270,92,"Koshi Province","Sankhuwasabha","Rural Municipality","Makalu Rural Municipality"
"12",10203,"Rural Municipality","Province 1","Sankhuwasabha","Silichong Rural Municipality",162,163,171,178,166,142,188,75,35,170,199,17,188,0,234,0,0,131,0,0,769,596,164,13,2,343,144,329,522,"473",386,57,2,528,973,59,257,78,44,41,89,11,42,52,5,0,35,2,3,1,0,0,0,0,0,0,0,0,0,0,0,1,0,1,50,244,3,261,31,0,0,0,37,282,"16",171,0,0,0,0,1,0,0,0,0,0,0,0,0,0,5264,3927,95,"Koshi Province","Sankhuwasabha","Rural Municipality","Silichong Rural Municipality"
"13",10204,"Rural Municipality","Province 1","Sankhuwasabha","Chichila Rural Municipality",108,105,110,110,96,105,114,36,57,102,138,12,130,5,159,0,0,63,1,0,625,299,111,3,0,114,113,111,228,"224",222,243,7,171,643,250,246,18,131,38,75,9,25,39,5,0,13,0,13,0,0,0,0,0,0,0,0,0,0,0,0,2,0,2,28,161,7,135,43,0,0,0,17,182,"7",60,0,0,0,0,2,0,0,0,0,0,0,0,0,1,2028,1692,88,"Koshi Province","Sankhuwasabha","Rural Municipality","Chichila Rural Municipality"
"14",10205,"Rural Municipality","Province 1","Sankhuwasabha","Sabhapokhari Rural Municipality",172,174,182,183,209,166,256,98,11,131,128,11,123,0,159,11,1,49,5,1,653,557,105,9,0,257,119,239,371,"358",373,144,14,407,938,158,192,39,86,63,141,18,29,58,20,0,33,0,8,0,0,0,0,0,0,0,0,1,0,0,0,1,0,1,36,216,1,106,59,0,0,0,26,238,"7",77,0,0,0,0,2,0,0,0,0,0,0,0,0,0,2962,2300,94,"Koshi Province","Sankhuwasabha","Rural Municipality","Sabhapokhari Rural Municipality"
"15",10206,"Municipality ","Province 1","Sankhuwasabha","Khandabari Municipality",742,701,697,692,728,648,727,383,254,456,274,23,274,48,771,6,0,221,4,0,3614,3271,200,5,0,472,204,556,677,"760",459,126,1,565,1151,127,225,62,104,87,263,78,401,416,1,11,1072,0,72,0,0,0,0,0,0,45,14,329,173,0,0,0,1,1,141,789,349,557,159,0,0,0,36,364,"13",141,47,2,0,2,29,4,6,0,0,0,0,0,0,1,27837,19791,90,"Koshi Province","Sankhuwasabha","Municipality ","Khandabari Municipality"
"16",10207,"Municipality ","Province 1","Sankhuwasabha","Panchakhapan Municipality",329,346,351,339,367,292,361,182,97,429,132,11,123,6,366,1,0,108,0,2,853,736,174,30,2,231,186,251,437,"437",589,450,6,893,1938,456,512,27,188,91,235,53,125,121,2,0,113,0,48,0,0,0,0,0,0,0,0,23,0,1,0,1,1,3,69,235,26,255,66,0,10,0,26,276,"8",85,0,0,0,0,1,0,1,0,0,0,0,0,0,0,8912,6760,93,"Koshi Province","Sankhuwasabha","Municipality ","Panchakhapan Municipality"
"17",10208,"Municipality ","Province 1","Sankhuwasabha","Chainapur Municipality",534,560,497,495,517,441,562,227,137,491,393,33,322,12,339,6,1,127,2,0,1831,1625,360,40,1,409,447,418,810,"865",764,350,15,531,1660,365,314,43,154,122,386,57,234,281,83,0,186,0,69,0,0,0,0,0,0,3,0,47,2,0,0,2,0,2,101,352,53,422,136,0,0,0,51,465,"13",145,26,0,0,0,40,2,1,0,0,0,0,0,0,0,9254,7128,87,"Koshi Province","Sankhuwasabha","Municipality ","Chainapur Municipality"
"18",10209,"Municipality ","Province 1","Sankhuwasabha","Madi Municipality",256,269,260,251,274,261,305,128,112,276,164,14,154,10,344,2,0,130,2,0,1287,1156,79,15,1,381,114,385,476,"499",457,123,0,1000,1580,123,69,96,63,105,176,40,79,133,48,0,44,0,2,0,0,0,0,0,0,0,0,0,0,0,0,0,0,0,25,174,9,192,60,0,0,0,27,284,"7",76,0,0,0,3,5,0,2,0,0,0,0,0,0,0,4758,4170,91,"Koshi Province","Sankhuwasabha","Municipality ","Madi Municipality"
"19",10210,"Municipality ","Province 1","Sankhuwasabha","Dharmadevi Municipality",293,312,301,289,310,307,366,167,42,385,205,17,205,10,274,1,0,126,0,0,1492,1327,159,4,0,496,196,345,659,"541",493,536,10,1063,2102,546,383,135,178,67,179,36,106,134,18,0,97,2,60,0,0,0,0,0,0,0,0,8,0,2,0,2,0,4,30,196,109,190,94,0,0,0,26,277,"6",70,0,0,0,0,1,0,1,0,0,12,12,0,0,0,6837,5115,89,"Koshi Province","Sankhuwasabha","Municipality ","Dharmadevi Municipality"
"20",10301,"Rural Municipality","Province 1","Solukhumbu","Khumbu Pasanglhamu Rural Municipality",122,126,103,103,78,69,80,66,14,94,39,3,36,4,56,0,0,107,0,0,418,376,92,1,0,95,87,79,188,"166",237,55,5,192,489,60,47,27,58,30,167,14,61,28,0,0,44,3,17,0,0,0,0,0,0,0,0,0,0,0,0,1,0,1,6,21,0,135,15,0,0,0,14,109,"5",46,0,0,0,2,8,0,0,0,0,0,0,0,0,0,3803,3149,107,"Koshi Province","Solukhumbu","Rural Municipality","Khumbu Pasanglhamu Rural Municipality"
"21",10302,"Rural Municipality","Province 1","Solukhumbu","Mahakulung Rural Municipality",161,144,162,162,160,145,157,68,83,149,109,9,38,1,160,2,0,140,1,0,1217,1136,246,60,1,807,249,596,1114,"845",511,110,22,894,1537,132,139,106,196,30,140,9,54,146,1,7,21,3,24,0,0,0,0,0,0,0,0,0,0,0,0,1,0,1,0,0,0,0,51,0,0,0,23,218,"8",39,0,0,0,0,1,0,0,0,0,0,0,0,0,0,3441,2446,109,"Koshi Province","Solukhumbu","Rural Municipality","Mahakulung Rural Municipality"
"22",10303,"Rural Municipality","Province 1","Solukhumbu","Sotang Rural Municipality",134,158,138,138,112,113,145,103,11,122,50,4,37,1,163,4,0,627,0,0,692,660,194,26,2,488,185,229,710,"414",523,86,13,442,1064,99,49,5,48,75,180,13,62,107,3,2,56,18,57,0,0,0,0,0,0,3,0,39,0,0,0,5,0,5,0,0,0,0,53,0,0,0,19,179,"4",16,0,0,0,0,3,0,0,0,0,0,0,0,0,0,5642,3606,112,"Koshi Province","Solukhumbu","Rural Municipality","Sotang Rural Municipality"
"23",10304,"Rural Municipality","Province 1","Solukhumbu","Dhudhakoshi Rural Municipality",158,157,94,94,85,115,94,61,22,48,58,5,49,0,158,0,13,212,47,3,1166,1046,69,60,5,266,100,193,400,"293",453,107,2,394,956,109,131,32,42,23,81,8,62,86,1,1,18,3,7,0,0,0,0,0,0,0,0,0,0,0,0,0,0,0,3,0,0,34,37,0,0,0,19,175,"6",60,0,0,0,5,4,1,1,0,0,0,0,0,0,0,2612,2047,106,"Koshi Province","Solukhumbu","Rural Municipality","Dhudhakoshi Rural Municipality"
"24",10305,"Rural Municipality","Province 1","Solukhumbu","Dhudha Koushika Rural Municipality",256,249,235,235,235,207,195,156,91,188,152,13,131,8,278,2,5,424,1,0,854,779,321,84,2,479,442,342,886,"784",1171,220,17,554,1962,237,417,88,245,85,206,11,90,262,29,8,36,3,60,0,0,0,0,0,0,0,0,2,0,1,0,1,0,2,104,47,7,741,84,0,0,0,45,491,"11",113,0,0,0,0,5,0,0,0,0,0,0,0,0,0,6255,4443,105,"Koshi Province","Solukhumbu","Rural Municipality","Thulung Dudhkoshi Rural Municipality"
"25",10306,"Rural Municipality","Province 1","Solukhumbu","Necha Salyan Rural Municipality",176,192,182,181,146,125,165,101,97,103,129,11,118,0,189,1,0,155,1,0,605,542,162,37,1,194,204,171,394,"375",506,306,11,451,1274,317,412,120,170,36,115,8,97,123,22,5,71,2,52,0,0,0,0,0,0,0,0,0,0,0,0,1,0,1,98,55,16,354,136,0,0,0,32,316,"8",74,0,0,0,0,1,0,0,0,0,0,0,0,0,0,6372,4486,110,"Koshi Province","Solukhumbu","Rural Municipality","Necha Salyan Rural Municipality"
"26",10307,"Municipality ","Province 1","Solukhumbu","Solu Dhudhakunda Municipality",379,445,473,473,465,346,388,261,58,320,288,24,265,14,314,0,0,445,27,0,2085,1875,500,74,1,439,410,376,1014,"786",1997,329,17,882,3225,346,566,142,242,195,773,17,157,225,5,16,329,1,89,0,0,0,0,0,0,22,9,93,62,1,0,1,0,2,208,102,47,1045,136,0,0,0,75,676,"21",241,0,0,0,8,6,1,1,0,0,0,0,0,0,0,17815,13234,111,"Koshi Province","Solukhumbu","Municipality ","Solu Dhudhakunda Municipality"
"27",10308,"Rural Municipality","Province 1","Solukhumbu","Likhu Pike Rural Municipality",77,90,82,81,74,50,70,41,31,44,54,5,48,0,54,0,0,15,5,0,244,209,85,22,0,227,102,174,334,"276",172,41,0,258,471,41,61,18,39,9,63,2,56,40,1,6,24,4,22,0,0,0,0,0,0,0,0,0,0,0,0,0,0,0,14,0,0,117,29,0,0,0,22,237,"4",44,0,0,0,0,0,0,0,0,0,0,0,0,0,0,2473,1983,108,"Koshi Province","Solukhumbu","Rural Municipality","Likhu Pike Rural Municipality"
"28",10401,"Rural Municipality","Province 1","Okhaldhunga","Chishankhu Gadhi Rural Municipality",149,230,217,216,225,199,236,117,24,190,241,20,238,2,279,10,5,173,1,2,1064,945,133,30,0,1069,186,877,1232,"1063",486,150,3,1959,2598,153,142,2,93,38,138,17,110,102,15,2,47,0,43,0,0,0,0,0,0,0,0,2,0,0,0,1,1,2,124,215,15,242,93,0,0,0,88,1960,"21",252,0,0,0,8,0,0,0,0,0,56,56,0,0,1,6575,5240,114,"Koshi Province","Okhaldhunga","Rural Municipality","Chishankhu Gadhi Rural Municipality"
"29",10402,"Municipality ","Province 1","Okhaldhunga","Siddhicharan Municipality",1205,509,448,448,471,408,501,403,133,355,488,41,462,105,1892,10,0,917,27,0,2395,2100,415,139,0,1938,473,1762,2492,"2235",1589,298,6,3057,4950,304,283,75,119,232,802,27,166,249,4,0,1369,2,304,0,0,0,0,0,0,2,1,57,18,0,0,0,15,15,615,1626,424,1934,211,0,6,30,135,1597,"32",381,145,0,0,0,43,19,16,0,0,49,49,0,0,0,27091,18446,119,"Koshi Province","Okhaldhunga","Municipality ","Siddhicharan Municipality"
"30",10403,"Rural Municipality","Province 1","Okhaldhunga","Molung Rural Municipality",195,373,312,311,310,258,325,219,106,235,259,22,259,0,495,6,1,358,3,0,1365,1207,322,203,0,1012,411,946,1537,"1357",1013,422,15,2439,3889,437,333,152,88,57,290,15,196,207,19,7,95,11,107,0,0,0,0,0,0,0,0,15,0,0,0,0,0,0,130,220,41,642,124,0,0,0,87,911,"21",248,0,0,0,14,0,0,0,0,0,0,0,0,0,0,12697,9331,118,"Koshi Province","Okhaldhunga","Rural Municipality","Molung Rural Municipality"
"31",10404,"Rural Municipality","Province 1","Okhaldhunga","Khiji Demba Rural Municipality",197,245,197,196,216,203,211,129,65,212,216,18,216,1,229,0,0,115,1,0,1173,1014,267,39,8,491,269,434,805,"703",521,80,0,1023,1624,80,196,144,131,20,176,10,137,127,2,8,90,20,83,0,0,0,0,0,0,0,0,0,0,0,0,2,1,3,57,147,23,379,116,0,0,0,73,894,"18",215,0,0,0,4,2,0,0,0,0,0,0,0,0,0,7357,5413,115,"Koshi Province","Okhaldhunga","Rural Municipality","Khiji Demba Rural Municipality"
"32",10405,"Rural Municipality","Province 1","Okhaldhunga","Likhu Rural Municipality",147,165,166,166,165,136,147,78,33,161,212,18,212,3,234,1,0,185,1,0,988,880,184,103,0,1029,290,850,1316,"1140",517,180,0,1681,2378,180,204,53,53,38,128,19,79,92,6,0,41,0,39,0,0,0,0,0,0,1,0,3,0,0,0,1,1,2,68,175,58,360,107,0,0,0,83,952,"19",228,0,0,0,0,0,0,0,0,0,0,0,0,0,0,8808,6966,116,"Koshi Province","Okhaldhunga","Rural Municipality","Likhu Rural Municipality"
"33",10406,"Rural Municipality","Province 1","Okhaldhunga","Champadevi Rural Municipality",258,294,276,279,290,241,239,169,36,254,216,18,216,4,464,5,3,279,12,3,1211,1090,297,134,0,1201,399,1110,1632,"1509",920,489,10,2260,3679,499,516,100,155,68,174,33,88,155,0,0,138,1,110,0,0,0,0,0,0,0,0,9,0,0,0,1,0,1,102,241,72,476,190,0,0,0,77,884,"19",227,0,0,0,1,0,1,3,0,0,0,0,0,0,0,8492,5758,113,"Koshi Province","Okhaldhunga","Rural Municipality","Champadevi Rural Municipality"
"34",10407,"Rural Municipality","Province 1","Okhaldhunga","Sunkoshi Rural Municipality",230,330,335,333,341,301,370,188,63,313,188,16,188,2,312,8,0,254,0,0,1591,1388,298,22,0,1248,348,1229,1568,"1577",761,202,3,2123,3089,205,271,87,173,95,201,43,105,139,3,1,97,0,95,0,0,0,0,0,0,0,0,5,0,0,0,0,0,0,100,163,30,351,85,0,0,0,72,853,"15",180,0,0,0,0,1,1,0,0,0,75,75,0,0,0,8472,6290,120,"Koshi Province","Okhaldhunga","Rural Municipality","Sunkoshi Rural Municipality"
"35",10408,"Rural Municipality","Province 1","Okhaldhunga","Manebhanjyang Rural Municipality",257,387,368,368,352,326,398,295,37,384,282,24,282,3,417,0,8,323,2,1,1549,1226,258,14,0,933,517,869,1205,"1386",744,205,2,1391,2342,207,315,63,112,112,240,60,158,242,12,0,123,1,121,0,0,0,0,0,0,0,0,2,0,0,0,4,0,4,257,202,45,524,123,0,0,0,93,1102,"24",288,0,0,0,5,4,2,1,0,0,386,386,0,0,0,9041,6185,117,"Koshi Province","Okhaldhunga","Rural Municipality","Manebhanjyang Rural Municipality"
"36",10501,"Rural Municipality","Province 1","Khotang","Kepilasgadhi Rural Municipality",274,297,293,293,290,249,313,143,64,273,251,21,220,1,270,4,1,184,7,1,1449,1229,412,74,0,670,469,624,1156,"1093",777,171,8,605,1561,179,88,56,9,82,221,18,83,139,12,25,44,1,58,0,0,0,0,0,0,2,0,13,0,0,0,3,0,3,41,168,2,205,168,0,0,0,75,809,"20",224,0,0,0,4,2,3,2,0,0,0,0,0,0,0,6575,5488,126,"Koshi Province","Khotang","Rural Municipality","Kepilasgadhi Rural Municipality"
"37",10502,"Rural Municipality","Province 1","Khotang","Aiselukharka Rural Municipality",228,262,223,227,254,229,305,146,64,280,252,21,234,2,322,3,0,226,4,0,1337,1133,201,101,1,323,309,318,626,"627",652,117,0,490,1259,117,52,53,12,48,218,24,146,170,4,11,118,1,123,0,0,0,0,0,0,0,0,0,0,0,0,2,0,2,60,239,6,380,151,0,0,0,79,665,"20",237,0,0,0,9,6,2,2,0,0,0,0,1,0,0,5756,4868,121,"Koshi Province","Khotang","Rural Municipality","Aiselukharka Rural Municipality"
"38",10503,"Rural Municipality","Province 1","Khotang","Lamidanda Rural Municipality",191,232,215,221,210,167,231,120,21,212,216,18,194,0,225,2,9,147,3,0,1178,1014,207,47,0,247,236,223,501,"459",703,158,3,546,1410,161,55,85,21,53,146,28,140,168,9,17,47,10,57,0,0,0,0,0,0,0,0,0,0,1,0,2,0,3,64,187,0,171,125,0,0,0,76,1702,"18",209,0,0,0,0,6,3,4,0,0,0,0,0,0,0,4104,3360,128,"Koshi Province","Khotang","Rural Municipality","Rawa Besi Rural Municipality"
"39",10504,"Municipality ","Province 1","Khotang","Halesi Tuwachung Municipality",509,569,533,537,530,491,588,389,151,561,408,34,377,9,625,10,13,567,13,1,2803,2489,621,192,0,975,777,924,1788,"1701",949,262,5,1588,2804,267,201,54,36,198,421,113,320,419,64,2,229,0,247,0,0,0,0,1,0,12,0,56,0,0,0,6,2,8,174,436,47,530,348,0,2,0,128,1446,"33",396,0,0,5,3,15,2,2,0,0,35,35,0,0,0,13880,11781,124,"Koshi Province","Khotang","Municipality ","Halesi Tuwachung Municipality"
"40",10505,"Municipality ","Province 1","Khotang","Rupakot Majhuwagadhi Municipality",935,917,911,905,928,810,974,700,155,939,525,44,480,22,981,59,20,845,53,22,4958,4270,645,267,0,1615,909,1591,2527,"2500",1587,376,5,2405,4373,381,202,171,7,394,1321,159,745,872,50,9,612,0,120,0,0,0,0,0,0,14,0,193,6,0,0,4,0,4,2535,698,110,2407,524,0,0,0,159,2462,"41",401,476,0,0,5,16,10,11,0,0,333,333,2,0,0,23582,18224,129,"Koshi Province","Khotang","Municipality ","Rupakot Majhuwagadhi Municipality"
"41",10506,"Rural Municipality","Province 1","Khotang","Sakela Rural Municipality",195,221,208,208,215,181,236,114,59,218,157,13,141,0,236,4,2,157,1,0,895,766,269,13,0,353,276,332,635,"608",439,120,0,579,1138,120,42,80,1,51,161,20,127,146,2,40,30,0,49,0,0,0,0,0,0,0,0,0,0,0,0,1,1,2,26,137,16,156,51,0,0,0,43,469,"12",135,0,0,0,9,1,5,5,0,0,0,0,0,0,0,4289,3567,130,"Koshi Province","Khotang","Rural Municipality","Sakela Rural Municipality"
"42",10507,"Rural Municipality","Province 1","Khotang","Diprung Rural Municipality",325,354,366,370,310,267,350,181,76,282,252,21,232,1,445,4,1,280,3,2,1809,1622,304,103,2,702,423,672,1111,"1095",595,170,9,988,1762,179,142,62,6,81,262,33,144,189,4,93,43,2,53,0,0,0,0,0,0,0,0,0,0,0,0,3,0,3,122,201,0,263,144,0,0,0,80,771,"21",249,0,0,0,0,3,2,2,0,0,0,0,0,0,0,9195,7696,123,"Koshi Province","Khotang","Rural Municipality","Diprung Rural Municipality"
"43",10508,"Rural Municipality","Province 1","Khotang","Khotehang Rural Municipality",312,342,329,329,317,275,349,209,106,326,324,27,316,0,423,4,0,177,5,1,1974,1752,270,100,0,862,357,727,1232,"1084",591,162,1,1113,1867,163,85,72,5,128,264,49,165,212,2,91,33,11,108,0,0,0,0,0,0,1,0,8,0,0,0,5,0,5,132,285,6,341,194,0,0,0,106,934,"27",296,0,0,0,2,9,3,3,0,0,0,0,0,0,0,8211,6606,127,"Koshi Province","Khotang","Rural Municipality","Khotehang Rural Municipality"
"44",10509,"Rural Municipality","Province 1","Khotang","Jante Dhunga Rural Municipality",301,248,206,206,193,180,242,119,59,255,216,18,213,0,359,4,1,209,2,0,1146,1026,118,89,0,551,209,495,758,"704",806,258,10,846,1920,268,146,76,41,64,139,42,116,165,3,46,47,1,55,0,0,0,0,0,0,1,0,11,0,0,0,0,0,0,141,149,2,151,131,0,0,0,69,649,"18",194,0,0,0,1,4,1,1,0,0,0,0,0,0,2,6118,5469,125,"Koshi Province","Khotang","Rural Municipality","Jante Dhunga Rural Municipality"
"45",10510,"Rural Municipality","Province 1","Khotang","Baraha Pokhari Rural Municipality",215,227,222,222,209,186,224,118,40,195,216,18,216,1,211,0,0,139,0,1,1285,1154,136,48,0,607,179,528,791,"707",311,147,1,1022,1481,148,94,48,5,46,148,21,111,132,10,17,11,1,19,0,0,0,0,0,0,0,0,1,0,0,0,1,0,1,107,175,2,223,117,0,0,0,83,539,"18",203,0,0,0,12,2,4,4,0,0,0,0,0,0,0,4816,3789,122,"Koshi Province","Khotang","Rural Municipality","Baraha Pokhari Rural Municipality"
"46",10601,"Municipality ","Province 1","Bhojpur","Shadananda Municipality",526,599,538,541,630,526,602,365,75,647,279,23,275,0,657,8,1,449,4,22,2953,2300,400,102,0,978,495,799,1480,"1294",988,173,1,1104,2266,174,349,44,218,146,396,67,200,256,32,3,63,0,7,1,0,1,0,0,0,0,0,0,0,1,0,4,1,6,292,431,64,831,189,0,0,0,92,1130,"32",370,0,0,0,1,7,7,5,0,0,0,0,0,0,0,11462,9251,103,"Koshi Province","Bhojpur","Municipality ","Shadananda Municipality"
"47",10602,"Rural Municipality","Province 1","Bhojpur","Salpa Silichho Rural Municipality",223,215,212,217,244,212,217,150,52,243,105,9,105,1,304,3,0,141,5,0,505,672,212,28,0,574,239,439,814,"678",370,90,1,683,1144,91,112,99,63,29,119,9,40,50,8,0,20,1,25,0,0,0,0,0,0,0,0,0,0,0,0,2,0,2,93,231,28,184,52,0,0,0,34,345,"13",135,0,0,0,0,6,1,0,0,0,0,0,0,0,0,4548,4109,102,"Koshi Province","Bhojpur","Rural Municipality","Salpa Silichho Rural Municipality"
"48",10603,"Rural Municipality","Province 1","Bhojpur","Tyamke Maiyum Rural Municipality",261,277,241,240,283,238,291,162,34,263,265,22,265,4,285,5,3,116,1,0,873,760,209,59,1,526,288,429,795,"717",916,85,4,656,1661,89,277,161,106,57,176,33,92,121,66,6,67,1,35,0,1,0,0,0,0,0,0,0,0,0,0,2,1,3,108,278,47,422,171,0,0,0,67,941,"23",258,0,0,0,5,2,1,0,0,0,0,0,0,0,0,8476,7001,104,"Koshi Province","Bhojpur","Rural Municipality","Tyamke Maiyum Rural Municipality"
"49",10604,"Municipality ","Province 1","Bhojpur","Bhojpur Municipality",394,430,434,453,489,415,447,270,91,508,336,28,336,4,526,6,2,219,6,0,2287,1997,387,72,1,1129,449,970,1589,"1419",879,229,25,1592,2725,254,133,24,157,124,325,25,76,53,11,15,196,0,14,0,0,0,0,0,0,0,0,37,14,2,0,6,1,9,181,187,9,759,201,0,0,0,71,850,"24",274,2,2,0,6,13,10,8,0,0,0,0,1,1,1,16457,12694,98,"Koshi Province","Bhojpur","Municipality ","Bhojpur Municipality"
"50",10605,"Rural Municipality","Province 1","Bhojpur","Arun Rural Municipality",278,273,264,284,315,284,340,187,79,339,251,21,251,9,312,6,2,192,2,2,1405,1245,331,34,0,593,368,695,958,"1063",876,264,2,1135,2277,266,411,15,165,78,218,46,125,186,33,0,137,2,37,0,0,0,0,0,0,0,0,2,0,0,0,0,0,0,219,355,81,290,164,0,0,0,56,660,"24",268,0,0,0,0,13,2,1,0,0,0,0,0,0,1,10735,8293,97,"Koshi Province","Bhojpur","Rural Municipality","Arun Rural Municipality"
"51",10606,"Rural Municipality","Province 1","Bhojpur","Pauwa Dunma Rural Municipality",209,232,214,212,237,160,226,151,46,182,180,15,179,4,256,1,1,65,1,0,1135,973,134,11,0,638,157,545,783,"702",484,123,0,747,1354,123,158,41,78,54,157,12,58,82,12,2,44,2,22,0,0,0,0,0,0,0,0,0,0,1,0,3,1,5,99,241,27,201,128,0,0,0,54,584,"20",213,0,0,0,0,3,1,2,0,0,0,0,0,0,0,5850,4388,100,"Koshi Province","Bhojpur","Rural Municipality","Pauwa Dunma Rural Municipality"
"52",10607,"Rural Municipality","Province 1","Bhojpur","Ramprasad Rai Rural Municipality",316,310,321,327,360,271,344,224,124,365,213,18,213,0,376,0,0,272,0,0,1396,1308,633,46,2,861,516,845,1542,"1361",961,281,1,1328,2571,282,177,78,78,61,194,37,148,205,30,0,127,8,87,0,0,0,0,0,0,0,0,1,0,0,1,2,0,3,303,372,30,603,276,0,0,0,60,637,"20",240,0,0,0,2,5,3,3,0,0,0,0,0,0,0,8540,7588,101,"Koshi Province","Bhojpur","Rural Municipality","Ramprasad Rai Rural Municipality"
"53",10608,"Rural Municipality","Province 1","Bhojpur","Hatuwagadhi Rural Municipality",249,274,246,247,259,187,206,151,57,254,183,15,183,1,264,2,0,116,1,0,1437,1235,172,37,0,465,167,370,674,"537",505,84,1,545,1135,85,95,16,48,50,195,8,65,79,0,9,63,3,13,0,1,0,0,0,0,0,0,2,0,0,0,3,0,3,288,363,16,435,161,12,32,22,53,581,"18",227,0,0,0,0,6,6,4,0,0,0,0,0,0,0,5283,4476,99,"Koshi Province","Bhojpur","Rural Municipality","Hatuwagadhi Rural Municipality"
"54",10609,"Rural Municipality","Province 1","Bhojpur","Aamchowk Rural Municipality",275,321,288,292,263,177,231,144,82,270,243,20,243,0,350,4,2,204,2,0,1629,1380,184,93,0,777,280,635,1054,"915",524,48,0,802,1374,48,118,62,66,38,220,11,120,125,11,19,28,1,77,0,0,0,0,0,0,0,0,0,0,0,0,4,0,4,161,280,2,621,154,0,0,0,71,846,"24",277,0,0,0,0,7,2,1,0,0,0,0,0,0,0,6529,4964,96,"Koshi Province","Bhojpur","Rural Municipality","Aamchowk Rural Municipality"
"55",10701,"Municipality ","Province 1","Dhankuta","Mahalaxmi Municipality",363,397,392,399,400,368,460,280,105,412,267,22,253,6,374,2,2,325,0,0,1717,1533,207,17,0,744,342,721,968,"1063",1033,419,17,1560,3029,436,393,24,19,74,228,39,136,176,1,1,79,3,55,0,0,0,0,0,0,2,0,65,0,0,0,0,0,0,135,313,39,1157,123,0,0,0,53,623,"18",205,0,0,0,0,13,1,1,0,0,25,25,0,0,0,12735,10666,77,"Koshi Province","Dhankuta","Municipality ","Mahalaxmi Municipality"
"56",10702,"Municipality ","Province 1","Dhankuta","Pakhribas Municipality",335,379,356,363,354,363,411,267,34,381,298,25,284,0,336,1,0,239,2,0,1776,1551,152,2,0,874,170,874,1028,"1044",833,91,3,1407,2334,94,77,0,9,56,193,37,121,162,0,0,5,0,11,0,0,0,0,0,0,0,0,0,0,0,0,1,0,1,129,76,18,345,135,0,0,0,51,496,"16",169,0,0,0,0,10,6,5,0,0,3,3,0,0,0,7196,6236,78,"Koshi Province","Dhankuta","Municipality ","Pakhribas Municipality"
"57",10703,"Rural Municipality","Province 1","Dhankuta","Chhathar Jorpati Rural Municipality",325,333,334,327,386,317,387,226,47,300,193,16,189,0,359,0,0,331,0,0,939,788,106,1,0,520,110,517,627,"627",540,83,2,1074,1699,85,85,0,1,87,260,44,154,202,9,2,69,0,32,0,0,0,0,0,0,1,0,10,0,0,0,0,0,0,178,186,74,553,83,0,0,0,36,429,"18",211,0,0,3,0,8,3,3,0,0,1,1,0,0,0,5559,4612,74,"Koshi Province","Dhankuta","Rural Municipality","Chhathar Jorpati Rural Municipality"
"58",10704,"Municipality ","Province 1","Dhankuta","Dhankuta Municipality",711,651,578,578,641,533,643,606,21,667,295,25,208,15,757,0,0,596,8,0,1126,1018,182,14,0,413,240,402,609,"642",670,237,14,453,1374,251,243,7,26,101,1108,29,437,462,9,0,628,154,55,0,0,0,0,0,0,31,18,275,277,0,0,2,0,2,1703,698,260,1990,472,0,0,0,20,225,"7",78,56,1,0,6,21,12,12,0,0,21,21,0,0,0,13900,10680,75,"Koshi Province","Dhankuta","Municipality ","Dhankuta Municipality"
"59",10705,"Rural Municipality","Province 1","Dhankuta","Khalsa Chhintang Sahidbhumi Rural Municipality",319,343,320,317,357,285,320,161,47,306,175,15,160,0,346,0,0,81,0,0,1285,1148,145,9,0,364,148,361,518,"509",483,136,0,811,1430,136,124,0,0,51,215,6,84,102,0,0,11,0,1,0,0,1,0,0,0,0,0,16,0,0,0,2,0,2,254,100,40,353,73,0,0,0,26,382,"13",129,0,0,0,0,6,5,4,0,0,0,0,0,0,0,5766,4144,76,"Koshi Province","Dhankuta","Rural Municipality","Khalsa Chhintang Sahidbhumi Rural Municipality"
"60",10706,"Rural Municipality","Province 1","Dhankuta","Sangurigadhi Rural Municipality",346,306,307,307,295,338,377,227,60,394,324,27,302,2,397,0,1,203,2,0,1534,1374,300,9,0,742,296,691,1051,"987",1238,222,2,938,2400,224,209,19,0,68,322,36,171,197,0,2,85,0,13,0,0,0,0,0,0,1,0,31,0,0,0,0,0,0,371,85,54,670,135,0,0,0,62,743,"22",240,1,0,0,30,23,10,9,0,0,15,15,0,0,0,8731,7418,79,"Koshi Province","Dhankuta","Rural Municipality","Sangurigadhi Rural Municipality"
"61",10707,"Rural Municipality","Province 1","Dhankuta","Chaubise Rural Municipality",350,389,363,360,382,362,399,251,39,400,290,24,283,6,394,1,0,236,0,0,1469,1313,306,80,1,637,462,628,1024,"1090",1560,379,5,1176,3120,384,371,10,11,97,293,39,119,151,10,0,108,1,45,0,0,0,0,0,0,3,0,19,0,0,0,0,0,0,174,115,81,430,136,7,0,0,63,696,"18",190,0,0,0,0,7,4,4,0,0,0,0,0,0,0,10509,7980,73,"Koshi Province","Dhankuta","Rural Municipality","Chaubise Rural Municipality"
"62",10801,"Rural Municipality","Province 1","Terhathum","Aatharai Rural Municipality",326,362,343,345,389,306,391,222,34,349,305,25,305,0,370,1,0,214,6,0,1511,1351,193,116,1,1636,335,1639,1946,"1974",621,188,6,2041,2856,194,179,25,53,67,205,12,78,84,5,7,74,0,22,0,0,0,0,0,0,4,1,36,3,0,0,1,0,1,79,418,43,258,108,0,0,0,93,864,"14",154,0,0,0,5,1,0,0,0,0,0,0,0,0,1,7186,6165,80,"Koshi Province","Terhathum","Rural Municipality","Aatharai Rural Municipality"
"63",10802,"Rural Municipality","Province 1","Terhathum","Phedap Rural Municipality",251,333,348,348,423,270,297,157,85,274,221,18,221,3,258,1,0,218,27,2,877,779,237,210,8,919,631,736,1374,"1367",725,294,14,896,1929,308,294,80,22,82,208,27,90,111,4,3,69,1,8,0,0,0,0,0,0,3,0,34,0,0,0,3,0,3,110,128,4,327,117,0,0,0,74,761,"10",109,0,0,1,16,3,0,0,0,0,0,0,1,0,2,9463,8285,85,"Koshi Province","Terhathum","Rural Municipality","Phedap Rural Municipality"
"64",10803,"Rural Municipality","Province 1","Terhathum","Menchhayayem Rural Municipality",137,144,146,146,153,132,164,76,54,133,144,12,144,0,203,1,0,66,0,0,454,404,110,34,1,443,143,475,588,"618",480,155,2,559,1196,157,151,12,0,47,120,13,40,54,5,0,43,0,2,0,0,0,0,0,0,1,0,23,0,0,0,0,1,1,50,64,27,127,76,0,0,0,36,325,"6",66,0,0,0,0,4,2,2,0,0,0,0,0,0,0,4479,4054,83,"Koshi Province","Terhathum","Rural Municipality","Menchhayayem Rural Municipality"
"65",10804,"Municipality ","Province 1","Terhathum","Myanglung Municipality",426,340,326,334,341,338,415,357,267,371,307,26,287,19,620,8,0,377,0,1,1236,1134,224,79,0,636,320,598,939,"918",1118,194,4,863,2179,198,190,39,92,73,350,49,266,334,46,2,396,0,101,0,0,0,0,1,0,23,11,117,13,0,0,2,3,5,156,455,269,367,575,2,2,0,56,654,"16",178,0,0,0,4,7,4,2,0,0,11,11,1,0,1,11635,9738,84,"Koshi Province","Terhathum","Municipality ","Myanglung Municipality"
"66",10805,"Municipality ","Province 1","Terhathum","Laligurans Municipality",285,302,311,311,284,256,305,172,42,277,213,18,198,0,383,1,0,178,0,0,1308,1192,102,57,1,607,182,546,767,"728",726,279,4,1388,2397,283,279,63,2,71,210,28,99,138,3,2,80,0,1,0,0,1,0,0,0,1,0,25,5,0,0,1,0,1,83,155,76,243,166,0,0,0,61,706,"11",126,0,0,0,1,0,0,0,0,0,0,0,0,0,0,7050,5825,82,"Koshi Province","Terhathum","Municipality ","Laligurans Municipality"
"67",10806,"Rural Municipality","Province 1","Terhathum","Chhathar Rural Municipality",317,275,257,246,275,275,320,203,54,274,276,23,264,4,366,4,1,136,0,0,1388,1238,162,24,0,391,181,384,577,"565",699,112,0,469,1280,112,165,11,26,59,234,25,102,133,7,0,79,1,10,0,0,1,0,0,0,6,0,16,0,0,0,3,0,3,73,177,56,232,185,0,0,0,69,742,"12",146,0,0,0,0,5,2,2,0,0,0,0,0,0,0,9261,8472,81,"Koshi Province","Terhathum","Rural Municipality","Chhathar Rural Municipality"
"68",10901,"Rural Municipality","Province 1","Panchthar","Yangbarak Rural Municipality",350,340,343,343,355,320,345,208,7,339,308,26,308,1,655,6,4,496,8,2,1845,1670,335,12,0,556,329,551,903,"880",1133,298,1,1192,2624,299,283,8,8,84,276,17,112,135,12,0,136,0,59,0,0,0,0,0,0,11,0,152,0,0,0,0,1,1,168,371,70,506,272,0,0,0,45,445,"21",251,0,0,0,79,1,3,3,0,0,0,0,0,0,0,8651,7247,17,"Koshi Province","Panchthar","Rural Municipality","Yangbarak Rural Municipality"
"69",10902,"Rural Municipality","Province 1","Panchthar","Hilihan Rural Municipality",380,413,418,420,442,365,447,309,23,393,282,24,282,6,495,31,4,139,9,15,2116,1895,191,54,0,439,211,439,684,"650",855,304,0,1273,2432,304,280,8,115,104,335,40,140,188,15,0,83,0,58,0,0,0,0,0,0,3,1,80,0,0,0,3,0,3,155,358,102,276,176,0,0,0,35,367,"16",191,0,0,0,0,9,2,2,0,0,43,43,0,0,0,8760,6901,12,"Koshi Province","Panchthar","Rural Municipality","Hilihan Rural Municipality"
"70",10903,"Rural Municipality","Province 1","Panchthar","Falelung Rural Municipality",367,386,386,386,377,307,353,252,8,387,224,19,224,2,450,2,3,128,4,4,1634,1465,186,42,0,741,172,727,969,"899",760,146,1,892,1799,147,198,18,25,70,265,16,102,121,30,0,71,1,22,0,0,0,0,0,0,6,0,56,0,0,0,3,0,3,217,458,22,733,129,0,0,0,38,411,"14",165,0,0,0,0,6,6,6,0,0,0,0,0,0,0,6098,4801,10,"Koshi Province","Panchthar","Rural Municipality","Falelung Rural Municipality"
"71",10904,"Municipality ","Province 1","Panchthar","Phidim Municipality",1065,1032,1032,1031,1010,819,909,881,32,948,514,43,503,60,1507,6,5,356,6,6,3383,3767,567,277,1,999,845,997,1844,"1842",2712,928,73,2036,5749,1001,923,19,189,210,800,100,556,663,16,1,983,8,59,0,0,0,0,0,0,76,12,630,137,0,0,3,2,5,538,2492,825,1016,634,0,0,0,85,887,"25",284,0,0,0,0,19,12,11,0,0,306,306,0,0,0,10826,8504,15,"Koshi Province","Panchthar","Municipality ","Phidim Municipality"
"72",10905,"Rural Municipality","Province 1","Panchthar","Falgunanda Rural Municipality",527,537,550,550,524,482,434,367,31,495,321,27,317,2,643,2,0,199,2,1,2232,1916,254,221,0,700,444,701,1175,"1145",817,303,2,933,2055,305,337,39,272,65,357,24,168,191,12,0,105,0,85,0,0,0,0,0,0,14,0,127,2,0,0,2,0,2,292,355,43,706,230,0,0,0,53,526,"21",229,0,0,0,3,8,6,6,0,0,0,0,0,0,0,8982,7355,11,"Koshi Province","Panchthar","Rural Municipality","Falgunanda Rural Municipality"
"73",10906,"Rural Municipality","Province 1","Panchthar","Kummayak Rural Municipality",274,273,266,268,265,203,265,188,15,244,233,19,223,1,297,0,2,24,2,1,1439,1337,167,66,0,406,217,396,639,"613",702,166,2,1028,1898,168,173,45,221,82,185,28,88,121,1,0,69,0,47,0,0,0,0,0,0,1,0,8,0,0,0,1,0,1,102,163,28,251,136,0,0,0,36,356,"16",180,0,0,0,1,6,5,5,0,0,0,0,0,0,0,6520,5442,13,"Koshi Province","Panchthar","Rural Municipality","Kummayak Rural Municipality"
"74",10907,"Rural Municipality","Province 1","Panchthar","Tumbewa Rural Municipality",240,266,253,261,249,182,224,164,16,220,242,20,240,2,285,5,2,43,8,6,1091,944,128,79,3,160,156,159,370,"315",594,195,0,868,1657,195,199,0,29,81,190,44,94,149,13,0,84,0,39,0,0,0,0,0,0,11,0,127,0,0,0,0,0,0,98,122,62,211,154,0,0,0,35,375,"12",132,0,0,0,0,5,2,2,0,0,0,0,0,0,0,4351,3848,16,"Koshi Province","Panchthar","Rural Municipality","Tumbewa Rural Municipality"
"75",10908,"Rural Municipality","Province 1","Panchthar","Miklajung Rural Municipality",402,461,418,408,489,361,369,244,24,367,442,37,429,3,501,0,0,28,0,0,2057,1827,321,47,1,429,390,443,798,"833",897,614,3,836,2350,617,502,30,81,70,212,38,175,205,3,0,97,0,60,0,1,0,0,0,0,22,0,140,1,0,0,2,1,3,160,305,122,324,153,0,0,0,58,546,"25",275,0,0,0,0,10,5,5,0,0,134,134,0,0,0,8869,8066,14,"Koshi Province","Panchthar","Rural Municipality","Miklajung Rural Municipality"
"76",11001,"Rural Municipality","Province 1","Ilam","Mai Jogmai Rural Municipality",306,305,312,312,296,265,268,251,14,264,180,15,180,0,327,0,1,119,1,0,1642,1450,146,5,0,642,178,430,793,"608",812,330,2,1976,3120,332,303,20,94,34,197,21,121,150,17,13,17,0,10,0,0,0,0,0,0,1,1,13,1,0,0,0,0,0,140,303,0,398,137,0,0,0,90,872,"19",223,0,0,0,0,9,2,1,0,0,0,0,0,0,0,9197,7383,23,"Koshi Province","Ilam","Rural Municipality","Mai Jogmai Rural Municipality"
"77",11002,"Rural Municipality","Province 1","Ilam","Sandakpur Rural Municipality",213,233,218,216,204,159,183,178,0,154,210,18,207,0,230,0,0,74,0,0,1380,1191,79,62,0,607,127,462,748,"589",357,189,16,1516,2078,205,135,61,11,31,169,12,98,103,3,5,10,0,10,0,0,0,0,0,0,0,0,12,0,0,0,2,0,2,166,400,102,395,96,0,0,0,87,909,"16",180,0,0,0,0,7,1,0,0,0,15,15,0,0,0,5987,4624,26,"Koshi Province","Ilam","Rural Municipality","Sandakpur Rural Municipality"
"78",11003,"Municipality ","Province 1","Ilam","Ilam Municipality",962,915,911,923,988,811,818,809,48,1434,424,35,420,29,965,0,0,1010,0,0,4784,4311,516,47,2,1778,402,1491,2343,"1893",1387,282,0,2398,4067,282,250,2,13,149,958,57,589,588,1,1,1116,0,1,0,0,0,0,0,0,110,18,1031,203,0,0,0,1,1,3366,1617,521,3902,982,0,0,2,136,1269,"32",369,103,3,0,0,31,1,1,0,0,73,73,0,0,0,35195,24798,21,"Koshi Province","Ilam","Municipality ","Ilam Municipality"
"79",11004,"Municipality ","Province 1","Ilam","Deumai Municipality",542,570,565,563,611,535,593,427,19,517,264,22,253,2,738,1,0,1065,2,0,2812,2518,162,68,0,707,204,698,937,"902",807,271,2,1119,2199,273,240,11,49,91,389,36,290,298,0,0,99,0,41,0,1,0,0,0,0,7,0,124,0,0,0,1,0,1,371,715,225,793,112,0,0,0,130,1096,"20",231,5,0,0,14,11,3,1,0,0,0,0,0,0,0,11135,9661,19,"Koshi Province","Ilam","Municipality ","Deumai Municipality"
"80",11005,"Rural Municipality","Province 1","Ilam","Fakfokathum Rural Municipality",301,329,301,301,292,275,302,215,3,266,216,18,205,0,325,0,0,313,0,0,1819,1620,122,54,0,633,153,629,809,"782",461,186,2,918,1567,188,157,8,4,59,211,18,116,146,0,1,11,0,0,0,0,0,0,0,0,7,0,29,0,0,0,1,0,1,325,318,34,511,121,0,0,0,93,925,"15",180,0,0,0,0,8,1,1,0,0,0,0,0,0,0,6382,5334,20,"Koshi Province","Ilam","Rural Municipality","Fakfokathum Rural Municipality"
"81",11006,"Rural Municipality","Province 1","Ilam","Mangsebung Rural Municipality",248,276,245,245,267,211,248,216,0,189,168,14,154,0,514,0,1,230,0,0,1572,1361,53,92,0,370,237,447,515,"684",304,235,0,1052,1591,235,182,43,4,57,176,25,103,149,0,4,8,0,0,0,0,0,0,0,0,4,0,44,0,0,0,1,0,1,186,169,113,227,44,0,0,0,75,753,"12",141,0,0,0,0,5,0,0,0,0,0,0,0,0,0,4243,3670,24,"Koshi Province","Ilam","Rural Municipality","Mangsebung Rural Municipality"
"82",11007,"Rural Municipality","Province 1","Ilam","Chulachuli Rural Municipality",436,389,377,377,359,269,389,255,1,559,120,10,113,0,445,0,0,355,1,0,2371,2192,86,12,0,271,107,268,369,"375",536,140,0,401,1077,140,98,43,10,58,272,21,146,165,0,15,22,0,22,0,0,0,0,0,0,5,0,69,0,0,0,0,0,0,117,260,18,354,87,0,0,0,75,216,"9",103,0,0,0,2,21,12,11,0,0,70,70,0,0,0,4589,4255,18,"Koshi Province","Ilam","Rural Municipality","Chulachuli Rural Municipality"
"83",11008,"Municipality ","Province 1","Ilam","Mai Municipality",555,562,541,541,507,414,417,395,56,494,144,12,135,0,589,0,0,634,0,0,2615,2244,87,4,0,296,90,251,387,"341",315,185,3,521,1024,188,185,7,9,144,372,54,206,251,8,0,37,0,4,0,0,0,0,0,0,9,0,96,0,0,0,0,0,0,144,391,70,423,87,0,0,0,93,922,"13",156,0,0,0,0,21,6,8,0,0,430,430,0,0,0,5265,3913,22,"Koshi Province","Ilam","Municipality ","Mai Municipality"
"84",11009,"Municipality ","Province 1","Ilam","Suryodaya Municipality",780,809,837,837,806,702,629,509,20,817,328,27,305,8,807,0,0,580,1,0,4554,4071,647,80,1,1246,639,923,1974,"1562",1978,493,47,2373,4891,540,482,18,42,74,529,35,321,344,2,2,86,0,17,0,0,0,0,0,1,43,0,201,0,0,0,5,0,5,643,1521,566,1569,171,0,0,0,175,1357,"33",361,38,0,0,10,19,5,5,1,1,1276,1276,0,0,0,27455,20903,27,"Koshi Province","Ilam","Municipality ","Suryodaya Municipality"
"85",11010,"Rural Municipality","Province 1","Ilam","Rong Rural Municipality",274,283,284,284,254,211,201,205,7,194,205,17,193,0,368,1,0,295,0,0,1738,1535,65,6,0,469,75,378,540,"453",341,113,0,788,1242,113,93,8,5,53,128,24,110,125,0,0,9,0,1,0,0,0,0,0,0,6,0,34,0,0,0,1,0,1,208,336,42,368,63,0,0,0,77,676,"20",220,0,0,0,0,4,0,0,0,0,67,67,0,0,0,4560,3513,25,"Koshi Province","Ilam","Rural Municipality","Rong Rural Municipality"
"86",11101,"Municipality ","Province 1","Jhapa","Mechinagar Municipality",2264,2271,2274,2274,2288,1920,2226,1523,87,2537,353,29,328,18,1410,11,1,850,8,0,12115,10591,963,123,7,2063,1185,2018,3156,"3203",4100,372,5,2951,7428,377,236,98,67,221,1339,100,709,871,0,2,358,5,412,0,0,0,0,0,0,16,7,409,176,0,0,4,0,4,1164,1758,1025,2143,503,0,0,0,97,816,"25",242,15,0,4,77,135,77,70,3,0,287,288,5,4,7,53416,49752,41,"Koshi Province","Jhapa","Municipality ","Mechinagar Municipality"
"87",11102,"Rural Municipality","Province 1","Jhapa","Buddhashanti Rural Municipality",909,920,895,895,852,779,788,443,89,822,124,10,119,0,892,0,0,410,1,0,4468,3789,369,20,0,1113,337,1038,1502,"1375",657,175,11,1142,1985,186,109,34,32,50,670,19,394,449,0,0,8,0,8,0,0,0,0,0,0,0,0,36,0,0,0,0,0,0,173,101,8,151,89,0,0,0,25,270,"7",74,0,0,0,0,39,19,19,0,0,198,198,3,3,9,12283,10417,32,"Koshi Province","Jhapa","Rural Municipality","Buddhashanti Rural Municipality"
"88",11103,"Municipality ","Province 1","Jhapa","Arjundhara Municipality",1158,1092,1124,1124,1040,966,982,862,0,856,187,16,184,9,1263,42,19,768,19,9,6295,5800,842,30,35,1384,668,1377,2291,"2045",1275,637,0,2858,4770,637,470,3,229,155,1080,53,509,566,0,0,55,1,36,0,0,0,0,0,0,0,0,146,0,0,0,1,0,1,522,343,65,614,233,0,0,0,35,382,"13",146,0,0,0,0,93,38,36,0,0,217,217,5,1,3,24130,20564,28,"Koshi Province","Jhapa","Municipality ","Arjundhara Municipality"
"89",11104,"Municipality ","Province 1","Jhapa","Kankai Municipality",1045,985,983,983,1034,853,878,869,40,849,129,11,124,4,563,29,14,411,20,20,6356,5718,178,81,0,942,234,942,1201,"1176",431,164,0,1197,1792,164,158,17,95,105,388,43,257,278,0,0,75,0,25,0,0,0,0,0,0,5,1,153,29,0,0,0,0,0,600,200,807,649,241,0,0,0,28,197,"9",91,6,0,0,5,53,39,39,1,0,268,268,5,5,41,14150,11389,40,"Koshi Province","Jhapa","Municipality ","Kankai Municipality"
"90",11105,"Municipality ","Province 1","Jhapa","Shivasatakshi Municipality",1410,1389,1300,1322,1344,1185,1320,996,26,958,264,22,257,1,1508,14,15,1337,13,26,7170,6678,276,53,0,2237,312,1697,2566,"2009",1170,235,0,5423,6828,235,137,32,60,115,654,52,346,375,0,0,25,0,1,0,0,0,0,0,0,1,0,51,0,0,0,1,0,1,432,197,64,485,296,0,0,0,41,428,"15",137,0,0,1,0,52,30,20,0,0,195,195,7,9,18,15357,11511,42,"Koshi Province","Jhapa","Municipality ","Shivasatakshi Municipality"
"91",11106,"Rural Municipality","Province 1","Jhapa","Kamal Rural Municipality",813,883,881,881,917,683,698,315,0,945,130,11,130,0,563,49,3,173,71,18,5194,4581,117,23,0,1191,130,928,1331,"1058",267,110,2,1771,2150,112,88,21,5,86,408,6,149,155,0,0,1,0,0,0,0,0,0,0,0,0,0,0,0,0,0,0,0,0,468,101,39,301,48,0,0,0,24,279,"6",69,0,0,0,0,58,19,18,0,0,4,4,5,2,7,5653,5606,39,"Koshi Province","Jhapa","Rural Municipality","Kamal Rural Municipality"
"92",11107,"Municipality ","Province 1","Jhapa","Damak Municipality",1929,1867,1672,1672,1627,1277,1483,910,13,1287,36,3,17,1539,1204,7,2,1698,8,2,8323,8351,188,75,11,0,218,0,274,"218",364,310,13,0,687,323,244,41,104,993,2110,810,1783,454,0,0,12497,0,0,0,0,0,0,0,1,31,71,81,225,0,0,0,0,0,1001,246,269,372,109,279,15,477,47,7,"#DIV/0!",0,989,12,0,5,131,49,47,0,0,582,582,5,2,3,34626,29132,33,"Koshi Province","Jhapa","Municipality ","Damak Municipality"
"93",11108,"Municipality ","Province 1","Jhapa","Gauradaha Municipality",1324,1182,1177,1185,1287,997,1079,782,109,1173,298,25,285,0,1391,0,0,327,0,0,5769,5269,472,98,1,2264,613,2280,2835,"2893",1237,398,3,4458,6096,401,129,267,2,156,607,61,331,409,0,0,0,0,0,0,0,0,0,0,0,0,0,95,0,0,0,1,0,1,384,120,1,591,208,0,0,0,51,567,"17",187,0,0,0,0,46,34,29,1,0,65,65,1,1,1,15830,14192,34,"Koshi Province","Jhapa","Municipality ","Gauradaha Municipality"
"94",11109,"Rural Municipality","Province 1","Jhapa","Gauriganj Rural Municipality",666,659,619,616,579,512,564,465,2,477,187,16,181,0,669,4,3,373,9,8,1247,1684,213,66,0,1573,205,1360,1852,"1565",421,184,5,1864,2474,189,142,82,32,82,409,17,134,190,0,0,6,1,1,0,0,0,0,0,0,1,0,95,0,0,0,0,0,0,125,235,62,316,111,0,0,0,40,420,"16",167,0,0,0,0,19,10,9,0,0,559,559,3,3,6,8869,7271,35,"Koshi Province","Jhapa","Rural Municipality","Gauriganj Rural Municipality"
"95",11110,"Rural Municipality","Province 1","Jhapa","Jhapa Rural Municipality",778,690,505,546,597,344,394,484,119,782,137,11,133,0,849,10,12,563,4,5,4467,3683,304,19,0,574,324,686,897,"1010",782,134,0,687,1603,134,110,9,21,144,517,24,217,262,0,0,0,0,0,0,0,0,0,0,0,0,0,0,0,0,0,0,0,0,135,157,10,232,94,0,0,0,29,267,"8",87,0,0,0,0,21,14,13,0,0,29,29,11,6,11,8306,7744,37,"Koshi Province","Jhapa","Rural Municipality","Jhapa Rural Municipality"
"96",11111,"Rural Municipality","Province 1","Jhapa","Barhadashi Rural Municipality",817,760,701,686,671,420,565,464,79,572,177,15,176,4,662,21,7,223,25,11,4075,3350,351,58,10,968,389,1467,1387,"1856",649,189,0,1762,2600,189,107,73,18,81,376,47,264,263,0,0,93,0,59,0,0,0,0,0,0,0,0,0,0,0,0,0,4,4,354,288,192,323,130,0,0,0,31,350,"12",126,0,0,23,0,27,20,15,0,0,3,3,4,0,5,8795,7252,29,"Koshi Province","Jhapa","Rural Municipality","Barhadashi Rural Municipality"
"97",11112,"Municipality ","Province 1","Jhapa","Birtamod Municipality",2220,2171,2198,2199,2187,1786,2286,1551,29,752,335,28,304,294,2348,1,0,2719,0,0,10342,9138,607,77,0,1343,464,1370,2027,"1834",1347,225,0,1900,3472,225,187,133,4,445,6675,15,624,398,2,0,1005,0,339,0,0,0,0,0,0,61,81,637,636,0,0,0,0,0,404,2636,987,605,194,0,0,0,35,395,"13",138,0,0,8,9,102,45,36,0,0,1753,1753,14,8,67,148645,118669,31,"Koshi Province","Jhapa","Municipality ","Birtamod Municipality"
"98",11113,"Rural Municipality","Province 1","Jhapa","Haldibari Rural Municipality",718,688,644,643,621,517,592,592,20,501,116,10,114,0,383,2,0,574,4,0,2898,2784,473,85,0,1513,429,1360,2071,"1789",911,200,1,1956,3068,201,94,110,7,110,405,116,280,373,0,0,0,0,0,0,0,0,0,0,0,0,0,0,0,0,0,0,0,0,288,218,3,377,129,0,0,0,31,371,"10",106,0,0,3,0,28,16,15,0,0,6,6,1,0,2,10670,8172,36,"Koshi Province","Jhapa","Rural Municipality","Haldibari Rural Municipality"
"99",11114,"Municipality ","Province 1","Jhapa","Bhadrapur Municipality",1860,1565,1569,1569,1460,1193,1378,1379,0,891,282,24,274,100,948,12,11,656,71,34,6444,5823,355,47,10,1079,418,1225,1491,"1643",1053,289,24,1286,2652,313,225,43,99,264,2332,210,1098,1230,0,1,1923,0,41,0,0,0,0,0,1,0,0,82,0,0,0,1,0,1,1066,1142,680,960,383,0,0,51,59,378,"14",145,5600,52,1,0,54,25,25,1,0,522,522,8,13,56,20728,18750,30,"Koshi Province","Jhapa","Municipality ","Bhadrapur Municipality"
"100",11115,"Rural Municipality","Province 1","Jhapa","Kachanakawal Rural Municipality",832,845,802,802,772,537,715,687,113,387,262,22,257,1,675,7,0,102,11,0,4507,4669,361,85,0,1443,378,1363,1889,"1741",665,409,26,1118,2218,435,190,150,97,84,564,36,385,433,2,6,72,0,37,0,0,0,0,0,0,2,0,52,0,0,0,3,0,3,243,489,168,515,122,0,0,0,59,464,"24",265,0,0,18,0,44,17,25,1,0,704,704,11,10,25,21628,19240,38,"Koshi Province","Jhapa","Rural Municipality","Kachanakawal Rural Municipality"
"101",11201,"Rural Municipality","Province 1","Morang","Miklajung Rural Municipality",647,653,691,691,642,532,624,391,93,610,149,12,149,3,646,0,0,415,3,0,1770,1614,305,3,0,524,349,487,832,"836",721,360,0,1482,2563,360,209,179,21,119,399,65,214,281,0,0,26,0,26,0,0,0,0,0,0,3,0,75,0,0,0,2,0,2,77,92,0,203,88,0,0,0,27,302,"12",144,0,0,0,0,20,24,10,0,0,448,448,0,0,0,10077,7489,53,"Koshi Province","Morang","Rural Municipality","Miklajung Rural Municipality"
"102",11202,"Municipality ","Province 1","Morang","Letang Municipality",715,692,687,687,677,702,746,368,251,808,199,17,199,2,749,2,5,581,0,0,3687,3314,151,10,0,637,155,525,798,"680",585,244,0,1038,1867,244,130,102,178,101,451,66,299,365,0,0,123,2,34,0,1,0,0,0,0,23,10,126,10,0,0,0,0,0,121,205,220,401,109,0,0,0,34,389,"12",138,2,0,2,1,39,33,25,0,0,254,254,2,1,3,7226,5368,52,"Koshi Province","Morang","Municipality ","Letang Municipality"
"103",11203,"Rural Municipality","Province 1","Morang","Kerabari Rural Municipality",535,604,629,632,583,445,472,164,275,534,201,17,201,4,627,3,0,178,1,0,2760,2388,536,31,0,1041,556,1012,1608,"1568",704,171,5,1672,2552,176,135,112,97,158,390,48,183,288,0,1,149,9,154,0,0,0,0,0,0,2,0,77,0,0,0,0,1,1,250,149,7,328,97,0,0,0,40,406,"11",125,0,0,0,0,56,12,12,4,1,220,220,3,0,3,10721,9360,51,"Koshi Province","Morang","Rural Municipality","Kerabari Rural Municipality"
"104",11204,"Municipality ","Province 1","Morang","Sundarharaicha Municipality",1891,1938,1909,1909,1912,1834,1620,747,749,2079,262,22,262,4,1190,31,13,1243,48,23,9445,8461,523,87,0,1938,568,1910,2548,"2478",1238,510,0,4169,5917,510,386,138,112,249,1438,99,652,667,0,0,68,0,2,0,0,0,0,0,0,18,0,244,0,0,0,0,1,1,512,212,26,1068,197,0,0,0,45,524,"23",262,0,0,0,16,95,59,53,0,0,194,184,2,3,3,21918,16961,57,"Koshi Province","Morang","Municipality ","Sundarharaicha Municipality"
"105",11205,"Municipality ","Province 1","Morang","Belbari Municipality",1403,1403,1303,1304,1333,1193,1271,496,485,1419,229,19,226,5,1378,0,0,1155,0,0,7828,6630,271,15,0,1875,275,1447,2161,"1722",604,131,0,2812,3547,131,128,97,196,229,1122,181,867,1011,0,0,35,0,17,0,0,0,0,0,0,5,0,113,0,0,0,1,0,1,638,104,66,1146,189,1,1,0,37,427,"18",202,0,0,0,0,76,74,46,1,0,17,17,5,4,8,13304,9877,43,"Koshi Province","Morang","Municipality ","Belbari Municipality"
"106",11206,"Rural Municipality","Province 1","Morang","Kanepokhari Rural Municipality",802,756,716,716,741,659,752,340,461,732,240,20,179,0,809,11,2,496,2,1,3344,2995,295,20,0,1126,273,1054,1441,"1327",531,117,2,1575,2225,119,108,82,127,92,500,70,373,418,0,0,3,0,2,0,0,0,0,0,0,0,0,22,0,0,0,2,0,2,188,65,15,319,133,0,0,0,26,288,"14",163,0,0,0,0,45,23,19,1,0,116,116,1,4,4,9735,7094,49,"Koshi Province","Morang","Rural Municipality","Kanepokhari Rural Municipality"
"107",11207,"Municipality ","Province 1","Morang","Pathari Shanishchare Municipality",1465,1359,1363,1363,1433,1317,1358,832,771,1444,192,16,192,0,1497,6,0,631,13,1,7100,6509,461,8,0,1289,455,1236,1758,"1691",1258,207,4,2291,3760,211,209,148,55,158,1077,52,620,660,0,0,0,0,0,0,0,0,0,0,0,7,0,67,0,0,0,0,0,0,288,295,32,704,97,0,0,0,30,1392,"12",137,0,0,0,0,99,69,82,0,0,143,143,14,6,1,16079,12609,54,"Koshi Province","Morang","Municipality ","Pathari Shanishchare Municipality"
"108",11208,"Municipality ","Province 1","Morang","Urlabari Municipality",1266,1301,1194,1194,1111,796,1057,77,1015,1172,178,15,174,10,1473,3,0,475,0,0,1472,1347,149,9,0,442,138,442,600,"580",315,169,2,751,1237,171,462,6,431,214,854,98,453,631,0,0,106,0,0,0,0,0,0,0,0,30,2,186,13,0,0,0,0,0,217,26,284,311,98,0,0,0,21,203,"8",96,0,0,0,0,67,54,42,0,0,312,312,4,4,7,24400,18859,59,"Koshi Province","Morang","Municipality ","Urlabari Municipality"
"109",11209,"Municipality ","Province 1","Morang","Ratuwamai Municipality",1639,1368,1307,1307,1213,971,1083,605,531,1015,302,25,293,12,1213,33,8,464,23,2,6841,6248,479,40,0,1410,571,1329,1929,"1900",1521,277,2,2752,4552,279,71,181,359,250,1303,57,409,633,0,0,67,0,67,0,0,0,0,0,0,6,0,33,3,0,0,1,3,4,219,239,5,611,134,0,2,0,43,507,"23",272,0,0,0,0,26,13,9,0,0,546,546,4,5,7,16568,14421,56,"Koshi Province","Morang","Municipality ","Ratuwamai Municipality"
"110",11210,"Municipality ","Province 1","Morang","Sunwarshi Municipality",1178,1097,981,981,949,601,778,406,535,650,229,19,220,0,730,25,5,256,9,3,4694,4191,440,132,0,1550,521,1138,2122,"1659",1046,156,2,2646,3850,158,314,256,318,132,776,59,382,409,0,0,8,2,8,0,0,0,0,0,0,0,0,0,0,0,0,2,0,2,239,70,0,492,52,0,0,0,36,414,"15",168,0,0,0,0,44,20,17,0,0,0,0,6,5,5,10834,11706,58,"Koshi Province","Morang","Municipality ","Sunwarshi Municipality"
"111",11211,"Municipality ","Province 1","Morang","Rangeli Municipality",1217,1256,1080,984,1033,754,875,670,479,734,230,19,220,18,899,9,8,334,2,13,5019,4372,272,104,0,1008,892,1039,1384,"1931",1019,322,1,2092,3434,323,814,1256,783,568,1079,114,329,353,0,0,147,0,14,0,0,0,0,0,1,0,0,0,0,0,0,0,0,0,242,0,0,401,88,0,0,0,91,333,"16",185,0,0,0,1,32,19,12,0,0,18,19,3,4,2,21164,17840,55,"Koshi Province","Morang","Municipality ","Rangeli Municipality"
"112",11212,"Rural Municipality","Province 1","Morang","Gramthan Rural Municipality",524,578,563,564,473,404,438,372,340,485,273,23,235,3,583,8,5,240,10,3,2253,2014,132,24,0,795,140,794,951,"934",348,190,0,1283,1821,190,126,81,132,61,358,32,370,394,0,0,54,0,49,0,0,0,0,0,0,4,0,64,0,0,0,1,0,1,344,284,35,839,199,0,0,0,54,646,"20",231,0,0,0,0,17,1,9,0,0,108,108,2,1,2,8561,5990,47,"Koshi Province","Morang","Rural Municipality","Gramthan Rural Municipality"
"113",11213,"Rural Municipality","Province 1","Morang","Budhiganga Rural Municipality",792,914,875,875,822,631,691,375,353,758,161,13,161,0,686,7,6,419,6,2,3969,3450,125,41,0,1015,185,1003,1181,"1188",542,142,0,1354,2038,142,152,124,135,99,467,59,264,318,0,0,3,0,5,0,0,0,0,0,0,1,0,42,0,0,0,0,0,0,175,167,54,197,157,0,0,0,37,429,"11",119,0,0,0,0,26,10,10,0,0,25,25,3,3,3,5130,3535,45,"Koshi Province","Morang","Rural Municipality","Budhiganga Rural Municipality"
"114",11214,"Metropolitan City","Province 1","Morang","Biratnagar Metropolitan City",7410,4896,4766,4851,5087,3303,3942,2897,1057,1028,501,42,484,3898,929,19,6,656,132,14,6911,6161,271,17,0,2308,416,2165,2596,"2581",629,48,0,2496,3173,48,13,47,57,5844,18702,1814,3174,328,8,0,19290,0,4831,0,0,0,0,3,11,81,45,665,856,0,0,0,135,135,1527,7366,2546,6473,296,559,0,3,132,884,"7",77,5079,45,7,82,288,101,93,3,2,2247,2247,5,2,28,371263,284236,44,"Koshi Province","Morang","Metropolitan City","Biratnagar Metropolitan City"
"115",11215,"Rural Municipality","Province 1","Morang","Katahari Rural Municipality",812,771,785,792,736,474,623,291,495,619,144,12,145,0,496,14,4,137,10,3,1686,1476,173,52,0,896,219,872,1121,"1091",781,342,2,1791,2916,344,119,259,19,111,636,49,354,401,0,0,0,0,0,0,0,0,0,0,0,0,0,0,0,0,0,0,0,0,177,0,0,202,114,0,0,0,27,324,"13",156,0,0,0,0,28,12,12,0,0,132,132,1,2,2,6862,5098,50,"Koshi Province","Morang","Rural Municipality","Katahari Rural Municipality"
"116",11216,"Rural Municipality","Province 1","Morang","Dhanapalthan Rural Municipality",922,938,900,884,802,663,672,395,459,778,316,26,304,13,1013,5,32,271,2,76,4919,4488,599,38,0,1983,591,1849,2620,"2440",1299,231,0,3212,4742,231,133,118,106,234,1116,95,548,644,0,0,78,0,81,0,0,0,0,0,0,2,0,49,0,0,0,1,0,1,138,41,12,451,176,0,0,0,45,540,"24",275,0,0,0,0,18,3,4,0,0,32,29,3,5,5,13639,9683,46,"Koshi Province","Morang","Rural Municipality","Dhanapalthan Rural Municipality"
"117",11217,"Rural Municipality","Province 1","Morang","Jahada Rural Municipality",1016,1046,1001,1001,927,737,819,430,491,928,275,23,260,1,960,2,0,631,0,0,3867,3464,582,109,0,1375,868,1358,2066,"2226",1098,204,0,1339,2641,204,472,414,61,229,939,114,503,554,0,0,18,0,18,0,0,0,0,0,0,0,0,5,0,0,0,1,0,1,165,0,8,305,141,0,0,0,42,484,"17",185,0,0,0,0,40,29,28,0,0,128,128,6,8,4,14265,11001,48,"Koshi Province","Morang","Rural Municipality","Jahada Rural Municipality"
"118",11301,"Sub-Metropolitan City","Province 1","Sunsari","Dharan Sub-Metropolitan City",2938,1987,1758,1758,1657,1278,1681,1196,932,1165,187,16,165,0,545,0,0,355,0,0,11187,10100,239,48,0,1054,278,849,1341,"1127",360,57,0,1058,1475,57,74,19,72,114,3697,28,3845,231,0,0,1841,2,70,0,0,0,0,0,0,23,0,242,0,0,0,0,0,0,622,294,64,1459,322,0,0,134,122,1572,"16",164,0,0,0,0,225,111,99,0,0,0,0,12,5,0,5243,3708,64,"Koshi Province","Sunsari","Sub-Metropolitan City","Dharan Sub-Metropolitan City"
"119",11302,"Municipality ","Province 1","Sunsari","Baraha Municipality",1465,1554,1503,1503,1570,1238,1382,621,473,2083,166,14,166,13,888,9,0,680,9,0,4976,4569,297,79,1,2375,308,1149,2752,"1457",656,232,0,2461,3349,232,269,111,188,206,828,126,584,721,0,0,242,0,183,0,0,0,0,0,0,10,0,169,0,0,0,0,0,0,595,912,242,1363,290,0,0,0,150,1015,"14",136,5,0,0,0,106,42,39,1,0,47,47,1,3,0,24143,18555,60,"Koshi Province","Sunsari","Municipality ","Baraha Municipality"
"120",11303,"Rural Municipality","Province 1","Sunsari","Koshi Rural Municipality",1069,1035,844,844,834,473,656,278,686,730,60,5,56,0,790,88,15,398,97,18,2723,2446,688,222,1,3124,474,1532,4035,"2006",1022,357,0,3222,4601,357,230,416,76,168,814,97,546,684,4,0,10,0,0,0,0,0,0,0,0,0,0,0,0,0,0,0,0,0,325,241,0,697,309,0,0,0,78,764,"9",102,0,0,0,10,33,20,23,1,0,6,6,5,0,2,13645,11487,70,"Koshi Province","Sunsari","Rural Municipality","Koshi Rural Municipality"
"121",11304,"Rural Municipality","Province 1","Sunsari","Bhokraha Rural Municipality",1198,1061,969,969,888,480,594,461,650,1074,72,6,30,1,387,1,0,335,6,0,8606,7362,514,446,0,692,564,662,1652,"1226",885,484,0,848,2217,484,143,671,23,183,1145,76,727,720,0,22,99,0,115,0,0,0,0,0,0,14,0,49,0,0,0,0,0,0,221,163,0,257,48,0,0,0,64,763,"6",76,0,0,0,21,37,20,19,0,0,0,0,0,0,0,13319,8995,62,"Koshi Province","Sunsari","Rural Municipality","Bhokraha Narsingh Rural Municipality"
"122",11305,"Municipality ","Province 1","Sunsari","Ramdhuni Municipality",1024,1045,965,965,985,776,964,428,262,857,128,11,117,0,1000,4,0,331,0,0,5361,4734,270,100,0,1836,270,1207,2206,"1477",1128,345,19,2145,3637,364,281,182,122,149,852,113,961,1012,0,0,0,0,10,0,0,0,0,0,0,10,0,94,0,0,0,0,0,0,223,450,145,556,197,0,0,0,102,1131,"12",143,0,0,0,0,50,37,35,0,0,78,78,3,0,4,15009,11281,71,"Koshi Province","Sunsari","Municipality ","Ramdhuni Municipality"
"123",11306,"Sub-Metropolitan City","Province 1","Sunsari","Itahari Sub-Metropolitan City",2852,2930,2663,2647,2917,2288,2773,1207,266,2336,331,28,349,49,1755,14,5,1153,11,2,16602,14901,352,49,0,3307,372,2597,3708,"2969",847,305,2,2262,3416,307,261,206,241,304,1781,111,606,1141,0,0,530,0,44,0,0,0,0,0,0,54,25,915,799,0,0,41,0,41,952,2176,6781,1557,756,0,0,0,148,1258,"15",167,1748,10,0,1,170,100,80,1,0,77,77,7,7,5,20967,14328,69,"Koshi Province","Sunsari","Sub-Metropolitan City","Itahari Sub-Metropolitan City"
"124",11307,"Municipality ","Province 1","Sunsari","Duhabi Municipality",888,919,790,789,782,588,787,383,437,931,200,17,198,7,913,91,31,433,43,21,4663,4352,455,238,8,4063,622,1953,4764,"2575",1156,242,16,2443,3857,258,214,142,108,250,820,91,533,548,0,0,249,0,102,0,0,0,0,0,0,6,0,192,0,0,0,0,0,0,423,651,2,576,191,0,0,0,95,906,"16",189,0,0,18,0,43,5,4,2,1,8,8,2,3,3,14821,9615,65,"Koshi Province","Sunsari","Municipality ","Duhabi Municipality"
"125",11308,"Rural Municipality","Province 1","Sunsari","Gadhi Rural Municipality",798,833,787,763,714,510,659,520,414,321,150,13,150,0,649,50,26,302,12,2,1037,894,268,102,1,1737,360,1663,2108,"2023",1060,239,0,1391,2690,239,482,193,163,110,476,44,293,302,0,0,0,0,0,0,0,0,0,0,0,1,0,32,0,0,0,0,0,0,410,295,9,604,92,0,0,0,75,760,"12",135,0,0,0,0,19,5,4,0,0,3,3,1,0,1,14043,10596,66,"Koshi Province","Sunsari","Rural Municipality","Gadhi Rural Municipality"
"126",11309,"Municipality ","Province 1","Sunsari","Inaruwa Municipality",1879,1783,1605,1599,1596,1091,1485,638,817,1469,335,28,307,169,2101,18,2,988,31,3,4887,4316,535,159,1,1697,613,1189,2392,"1802",1470,248,2,2179,3899,250,290,307,192,231,1025,92,689,722,0,0,1511,1,72,0,0,0,0,0,0,7,4,112,5,0,0,0,1,1,323,291,200,875,269,0,0,0,100,926,"18",204,30,13,0,42,40,16,11,1,0,61,61,2,1,9,27568,19982,68,"Koshi Province","Sunsari","Municipality ","Inaruwa Municipality"
"127",11310,"Rural Municipality","Province 1","Sunsari","Harinagara Rural Municipality",1407,1378,1338,1337,1340,960,1060,473,918,845,112,9,107,16,1270,19,0,536,56,0,4513,4053,583,407,0,2383,1212,1620,3373,"2832",1045,502,12,2250,3809,514,701,435,455,434,1010,145,538,766,3,17,236,2,29,0,0,0,0,0,0,16,0,31,0,0,0,0,0,0,175,377,4,377,147,0,0,0,90,953,"15",176,0,0,2,17,19,14,9,0,0,17,17,0,0,0,24097,18554,67,"Koshi Province","Sunsari","Rural Municipality","Harinagara Rural Municipality"
"128",11311,"Rural Municipality","Province 1","Sunsari","Dewangunj Rural Municipality",796,767,803,803,689,527,652,287,475,443,177,15,162,0,792,18,9,584,21,14,2417,2159,673,95,5,2539,813,2061,3312,"2874",961,492,0,1783,3236,492,410,538,206,173,710,28,251,253,8,55,0,0,11,0,0,0,0,0,0,0,0,0,0,0,0,0,0,0,108,271,46,210,190,0,0,0,79,741,"16",187,0,0,5,43,15,4,4,0,0,0,0,3,1,0,17723,14406,63,"Koshi Province","Sunsari","Rural Municipality","Dewangunj Rural Municipality"
"129",11312,"Rural Municipality","Province 1","Sunsari","Barju Rural Municipality",706,789,801,778,712,582,677,317,355,755,178,15,178,4,948,42,7,368,35,3,3431,3322,457,287,0,1987,667,1938,2731,"2605",2012,692,3,1549,4256,695,457,174,258,123,673,14,371,362,0,0,156,0,62,0,0,0,0,0,0,4,0,118,0,0,0,0,0,0,179,583,7,681,145,0,0,0,64,725,"15",154,0,0,0,1,15,7,3,0,0,66,66,4,1,5,20502,15764,61,"Koshi Province","Sunsari","Rural Municipality","Barju Rural Municipality"
"130",11401,"Municipality ","Province 1","Udayapur","Belaka Municipality",809,825,804,810,796,714,771,525,60,1122,229,19,211,22,680,25,0,504,27,5,4461,3970,373,144,0,361,520,373,878,"893",555,320,4,654,1533,324,330,269,214,254,675,100,299,424,74,50,224,0,42,0,0,0,0,0,0,0,0,28,0,0,0,0,1,1,210,333,4,398,95,0,0,0,35,320,"17",194,0,0,0,3,30,12,12,0,0,106,106,1,0,1,9962,7193,131,"Koshi Province","Udayapur","Municipality ","Belaka Municipality"
"131",11402,"Municipality ","Province 1","Udayapur","Chaudandigadhi Municipality",908,937,926,926,902,721,841,707,114,913,296,25,287,12,936,32,9,326,22,9,3540,3099,363,96,0,1110,361,927,1569,"1288",1097,160,16,2266,3539,176,179,68,200,183,816,77,463,496,0,0,282,0,89,0,0,0,0,0,0,3,1,41,12,0,0,0,0,0,198,762,97,286,338,0,0,0,52,586,"21",224,0,0,0,8,55,17,14,0,0,301,301,6,1,2,20556,13293,132,"Koshi Province","Udayapur","Municipality ","Chaudandigadhi Municipality"
"132",11403,"Municipality ","Province 1","Udayapur","Triyuga Municipality",2220,1889,1754,1770,1937,1540,1676,1447,335,6006,539,45,392,39,2677,19,4,338,7,0,2985,2657,527,142,3,1928,547,1970,2600,"2517",1215,531,5,1744,3495,536,536,230,365,394,1742,205,1190,1246,0,3,1624,0,1425,2,2,0,0,0,0,2,19,19,106,0,0,1,0,1,409,902,1870,846,270,0,0,0,74,798,"22",235,341,2,0,13,70,32,24,1,0,820,818,4,3,6,38765,28891,137,"Koshi Province","Udayapur","Municipality ","Triyuga Municipality"
"133",11404,"Rural Municipality","Province 1","Udayapur","Rautamai Rural Municipality",463,488,473,481,440,372,386,278,167,413,328,27,324,1,639,30,5,373,12,1,1942,1729,325,176,3,980,470,839,1484,"1309",635,384,4,1196,2219,388,195,255,309,155,287,67,111,163,79,0,37,0,53,0,0,0,0,0,0,0,0,0,0,0,0,1,1,2,125,448,92,207,110,0,1,0,53,443,"21",244,0,0,0,2,21,9,10,0,0,20,20,1,0,1,9211,6931,134,"Koshi Province","Udayapur","Rural Municipality","Rautamai Rural Municipality"
"134",11405,"Rural Municipality","Province 1","Udayapur","Sunkoshi Rural Municipality",209,217,213,213,202,134,181,102,38,213,212,18,199,4,242,6,1,200,6,1,1047,892,815,51,1,432,437,416,1299,"853",597,112,37,464,1210,149,49,68,145,53,167,17,111,154,58,4,71,2,88,0,0,0,0,0,0,0,0,0,0,0,0,1,1,2,79,292,17,160,52,0,0,0,44,524,"15",164,0,0,0,0,4,1,0,0,0,77,77,0,0,0,7987,6517,135,"Koshi Province","Udayapur","Rural Municipality","Sunkoshi Rural Municipality"
"135",11406,"Rural Municipality","Province 1","Udayapur","Tapli Rural Municipality",271,271,255,255,242,217,263,105,48,320,177,15,161,0,333,5,0,219,5,0,1468,1343,177,38,0,866,191,732,1081,"923",346,174,7,1443,1970,181,99,107,109,69,189,10,82,80,12,13,28,15,36,0,0,0,0,0,0,0,0,0,0,0,0,73,0,73,77,262,6,135,58,0,0,0,44,435,"15",162,0,0,0,0,1,0,0,0,0,0,0,0,0,0,4536,3254,136,"Koshi Province","Udayapur","Rural Municipality","Tapli Rural Municipality"
"136",11407,"Municipality ","Province 1","Udayapur","Katari Municipality",1214,1245,1183,1184,1194,988,983,1213,378,4674,340,28,294,45,1304,13,3,505,5,1,5006,4322,1037,427,32,1605,1281,1395,3101,"2676",1401,704,42,2149,4296,746,585,382,369,353,876,147,346,557,4,13,554,4,95,0,0,0,0,0,0,1,0,1,1,0,0,4,1,5,563,650,53,1043,319,0,0,0,77,920,"25",274,0,0,2,10,51,13,12,0,0,8,8,3,4,3,26875,20788,133,"Koshi Province","Udayapur","Municipality ","Katari Municipality"
"137",11408,"Rural Municipality","Province 1","Udayapur","Udayapurgadhi Rural Municipality",497,493,468,468,438,359,413,312,6,533,251,21,216,5,489,6,2,65,2,1,2136,1785,301,43,0,421,349,454,765,"803",539,230,2,658,1429,232,199,91,49,160,390,81,141,177,4,0,83,4,29,0,0,0,0,0,0,0,0,0,0,1,0,2,0,3,224,615,13,426,123,0,0,0,42,469,"19",183,0,0,0,8,12,0,0,0,0,11,11,0,0,0,6522,4521,138,"Koshi Province","Udayapur","Rural Municipality","Udayapurgadhi Rural Municipality"
"138",20101,"Municipality ","Province 2","Saptari","Saptakoshi Municipality",436,461,430,448,407,279,387,369,49,400,144,12,102,18,588,6,21,437,6,47,2380,2100,244,81,0,618,384,482,943,"866",532,66,0,891,1489,66,116,25,149,68,267,92,405,649,0,0,166,0,141,0,0,0,0,0,0,1,0,39,0,0,0,0,0,0,193,2,0,357,185,0,0,0,27,315,"11",108,0,0,0,29,21,8,1,5,0,43,43,3,10,14,6820,5598,153,"Madhesh Province","Saptari","Municipality ","Saptakoshi Municipality"
"139",20102,"Municipality ","Province 2","Saptari","Kanchanrup Municipality",1243,1339,1174,1174,1187,1021,1121,784,587,1132,480,40,349,47,1187,51,1,911,157,3,5217,4632,889,117,0,1322,1274,1217,2328,"2491",1247,150,1,1924,3322,151,350,105,233,153,1360,106,857,910,3,0,792,1,604,0,0,0,0,0,0,58,0,181,0,0,0,0,0,0,860,361,402,1405,453,0,0,0,90,1079,"25",283,0,0,0,0,26,1,1,0,0,430,430,3,4,7,19217,13354,148,"Madhesh Province","Saptari","Municipality ","Kanchanrup Municipality"
"140",20103,"Rural Municipality","Province 2","Saptari","Agnisair Krishna Sabaran Rural Municipality",591,599,509,535,552,489,492,244,292,691,240,20,187,8,421,4,0,368,21,0,1365,1183,222,144,0,1100,326,993,1466,"1319",456,80,1,1586,2123,81,82,85,28,63,829,12,585,585,0,0,392,0,160,0,0,0,0,0,0,1,0,101,0,0,0,0,0,0,255,325,517,440,65,0,0,0,45,538,"20",221,0,0,0,0,18,4,2,0,0,2,2,2,5,4,7125,5451,140,"Madhesh Province","Saptari","Rural Municipality","Agnisair Krishna Sabaran Rural Municipality"
"141",20104,"Rural Municipality","Province 2","Saptari","Rupani Rural Municipality",750,688,652,661,675,470,550,395,405,466,240,20,230,0,1094,20,1,559,29,5,2695,2420,645,243,0,1382,817,962,2270,"1779",841,117,0,1156,2114,117,141,99,103,98,519,46,349,384,0,0,0,14,35,0,0,0,0,0,0,0,0,0,0,0,0,0,0,0,98,0,0,328,71,0,0,0,45,519,"20",232,0,0,0,0,14,6,4,0,0,14,14,1,1,1,10757,9006,152,"Madhesh Province","Saptari","Rural Municipality","Rupani Rural Municipality"
"142",20105,"Municipality ","Province 2","Saptari","Shambhunath Municipality",758,748,706,742,976,575,574,290,457,676,336,28,318,22,521,13,0,456,33,30,3771,3341,387,32,0,908,475,832,1327,"1307",606,10,0,903,1519,10,53,44,74,59,689,19,610,628,0,0,284,0,194,0,0,0,0,0,0,0,0,0,0,0,0,0,0,0,592,0,0,771,184,0,0,0,63,689,"26",281,0,0,0,0,8,3,4,0,0,0,0,1,0,2,6755,5649,154,"Madhesh Province","Saptari","Municipality ","Shambhunath Municipality"
"143",20106,"Municipality ","Province 2","Saptari","Khadak Municipality",1144,1104,1040,1068,1013,853,967,904,352,1002,384,32,380,21,920,1,6,711,21,25,2159,1385,894,201,2,999,1067,1067,2096,"2134",1127,56,0,814,1997,56,110,258,146,227,1087,95,662,751,1,1,545,15,392,0,0,0,0,0,0,3,0,28,5,0,0,0,0,0,558,22,243,1411,284,0,0,0,72,864,"30",352,0,0,0,0,40,9,8,0,0,113,113,2,4,3,16128,11917,149,"Madhesh Province","Saptari","Municipality ","Khadak Municipality"
"144",20107,"Municipality ","Province 2","Saptari","Surunga Municipality",975,924,894,848,920,616,759,734,144,959,428,36,340,10,753,1,0,775,15,0,1287,1102,566,228,0,1105,1043,1030,1899,"2073",1386,28,0,1344,2758,28,242,70,156,160,810,63,524,594,0,0,62,0,145,0,0,0,0,0,0,1,0,17,0,0,0,0,1,1,344,40,63,1257,215,0,0,0,81,981,"31",334,0,0,0,1,42,8,4,0,0,31,31,3,10,17,13107,8717,155,"Madhesh Province","Saptari","Municipality ","Surunga Municipality"
"145",20108,"Rural Municipality","Province 2","Saptari","Balan-Bihul Rural Municipality",470,441,441,437,432,353,363,340,183,360,240,20,232,0,361,0,0,359,0,0,3351,3138,480,131,10,602,579,589,1223,"1168",623,127,0,559,1309,127,185,246,262,90,463,20,359,384,4,28,150,16,193,0,0,0,0,0,0,0,0,0,0,0,0,0,0,0,169,0,0,202,91,0,0,0,45,512,"19",199,0,0,0,1,6,0,0,0,0,3,3,1,0,1,8739,7741,141,"Madhesh Province","Saptari","Rural Municipality","Balan-Bihul Rural Municipality"
"146",20109,"Municipality ","Province 2","Saptari","BodeBarsain Municipality",946,910,841,870,872,706,787,609,374,797,432,36,266,11,960,8,0,794,12,0,3272,2875,848,137,26,1350,2265,1994,2361,"4259",1197,201,0,1324,2722,201,217,108,64,252,1140,84,671,827,13,14,384,56,269,0,0,0,0,0,0,2,0,73,0,0,0,0,0,0,537,40,158,936,238,0,0,0,81,946,"36",370,0,0,0,6,25,4,4,0,0,77,77,1,1,2,18521,16698,144,"Madhesh Province","Saptari","Municipality ","BodeBarsain Municipality"
"147",20110,"Municipality ","Province 2","Saptari","Dakneshwori Municipality",998,984,932,869,826,769,728,384,571,787,433,36,346,26,1190,36,5,756,33,11,1918,1721,900,175,0,1291,1097,974,2366,"2071",1375,111,0,1048,2534,111,315,61,83,163,847,65,532,716,60,11,455,0,408,0,0,0,0,0,0,11,0,74,0,0,0,0,1,1,613,79,53,634,237,0,0,0,81,910,"38",398,0,0,0,0,24,8,5,1,0,7,7,2,9,15,17456,14558,146,"Madhesh Province","Saptari","Municipality ","Dakneshwori Municipality"
"148",20111,"Rural Municipality","Province 2","Saptari","Belhi Chapena Rural Municipality",696,733,630,652,622,400,518,321,260,573,288,24,232,0,779,48,30,413,42,49,3501,2927,412,249,0,1013,566,1356,1674,"1922",584,133,0,1549,2266,133,140,112,67,85,503,36,359,388,0,62,18,18,52,0,0,0,0,0,0,0,0,0,0,0,0,0,0,0,165,13,0,198,106,0,0,0,54,633,"21",221,0,0,0,1,14,2,2,0,0,12,12,1,0,0,7311,7064,142,"Madhesh Province","Saptari","Rural Municipality","Belhi Chapena Rural Municipality"
"149",20112,"Rural Municipality","Province 2","Saptari","Bishnupur Rural Municipality",220,227,216,231,189,94,152,90,142,264,96,8,86,0,166,1,18,601,3,99,554,509,183,32,0,149,203,119,364,"322",253,48,0,168,469,48,122,68,84,46,175,4,45,45,0,9,0,8,15,0,0,0,0,0,0,0,0,0,0,0,0,0,1,1,26,17,0,33,43,0,0,0,18,175,"7",77,0,0,0,0,13,1,0,0,0,2,2,0,0,1,2920,2738,143,"Madhesh Province","Saptari","Rural Municipality","Bishnupur Rural Municipality"
"150",20113,"Municipality ","Province 2","Saptari","Rajbiraj Municipality",1148,1080,1042,1063,979,858,837,526,538,636,349,29,226,92,1148,145,0,436,29,3,2583,2254,586,39,0,922,532,714,1547,"1246",732,146,3,770,1651,149,133,139,48,206,1184,98,762,743,0,0,0,0,156,0,0,0,0,0,0,1,0,121,31,0,0,0,0,0,1079,2141,154,2334,872,0,0,0,108,756,"19",207,97,7,0,0,53,17,15,1,0,15,15,5,3,7,11025,9569,151,"Madhesh Province","Saptari","Municipality ","Rajbiraj Municipality"
"151",20114,"Rural Municipality","Province 2","Saptari","Mahadewa Rural Municipality",647,654,597,600,603,414,463,296,339,579,240,20,172,0,459,5,6,433,6,3,3703,3327,432,130,0,994,933,1011,1556,"1944",518,33,0,1060,1611,33,127,74,26,114,538,61,349,469,0,25,26,14,138,0,0,0,0,0,0,0,0,0,0,0,0,0,0,0,283,1,0,358,127,0,0,0,45,501,"19",205,0,0,0,0,16,0,6,0,0,41,41,0,0,1,9204,8268,150,"Madhesh Province","Saptari","Rural Municipality","Mahadewa Rural Municipality"
"152",20115,"Rural Municipality","Province 2","Saptari","Tirahut Rural Municipality",492,446,418,515,405,342,397,190,295,500,240,20,136,5,330,47,2,451,112,11,1863,1578,776,103,0,987,914,858,1866,"1772",1144,55,0,832,2031,55,121,397,183,97,381,24,209,262,9,13,170,2,132,0,0,0,0,0,0,0,0,0,0,0,0,0,0,0,134,0,0,171,105,0,0,0,45,505,"22",246,0,0,0,0,8,2,3,0,0,12,12,3,0,2,10030,7762,157,"Madhesh Province","Saptari","Rural Municipality","Tirahut Rural Municipality"
"153",20116,"Municipality ","Province 2","Saptari","Hanumannagar Kankalini Municipality",1067,1049,1045,990,1014,976,899,573,475,1105,444,37,380,44,1054,15,3,684,10,0,6486,5540,1182,350,2,1753,1669,1743,3287,"3412",1852,265,25,1565,3707,290,553,237,215,239,1244,147,1009,1108,0,1,733,0,373,0,0,0,0,0,0,10,0,97,0,0,0,0,0,0,387,184,476,1075,306,0,0,0,81,944,"34",361,0,0,5,6,27,9,9,2,0,437,437,2,3,0,23846,19459,147,"Madhesh Province","Saptari","Municipality ","Hanumannagar Kankalini Municipality"
"154",20117,"Rural Municipality","Province 2","Saptari","Tilathi Koiladi Rural Municipality",657,648,561,570,551,378,486,370,309,497,288,24,157,0,740,12,19,622,42,22,2985,2635,764,52,0,862,738,814,1678,"1552",945,96,3,845,1889,99,195,184,36,87,683,60,422,565,0,4,0,0,0,0,0,0,0,0,0,3,0,48,0,0,0,0,0,0,91,113,19,332,78,0,0,0,54,568,"18",174,0,0,0,14,10,2,5,0,0,141,141,4,0,0,13407,10784,156,"Madhesh Province","Saptari","Rural Municipality","Tilathi Koiladi Rural Municipality"
"155",20118,"Rural Municipality","Province 2","Saptari","Chhinnamasta Rural Municipality",587,621,504,504,534,402,317,213,373,429,192,16,65,0,569,0,0,243,0,0,4203,3641,405,91,0,415,520,410,911,"930",402,61,0,240,703,61,65,41,36,93,457,30,155,200,0,0,7,0,5,0,0,0,0,0,0,1,0,1,0,0,0,0,0,0,117,0,0,363,52,0,0,0,36,371,"12",133,0,0,0,0,41,9,1,0,0,14,14,4,0,3,9424,7472,145,"Madhesh Province","Saptari","Rural Municipality","Chhinnamasta Rural Municipality"
"156",20201,"Municipality ","Province 2","Siraha","Lahan Municipality",2149,2068,1884,1828,1646,1511,1522,748,1106,1490,492,41,486,501,1103,64,31,383,44,23,3918,3477,796,220,4,1755,1050,1610,2775,"2660",1462,281,0,2600,4343,281,559,441,163,456,1611,200,537,459,0,2,4827,0,192,0,0,0,0,0,0,63,33,330,572,0,0,1,0,1,343,748,358,1093,293,0,0,0,127,1412,"23",264,16,13,0,8,80,36,32,0,0,138,138,8,11,2,30436,24260,168,"Madhesh Province","Siraha","Municipality ","Lahan Municipality"
"157",20202,"Municipality ","Province 2","Siraha","Dhangadhimai Municipality",1276,1138,956,924,1031,856,868,381,670,1238,280,23,275,0,698,30,6,737,46,12,4680,3852,754,288,0,1205,764,785,2247,"1549",1333,459,3,1441,3236,462,389,389,109,211,650,91,217,1666,1,0,71,3,25,0,0,0,0,0,0,2,0,76,0,0,0,2,0,2,85,102,14,740,191,0,0,0,53,519,"14",151,0,0,0,29,46,30,26,0,0,3,3,2,3,2,13560,10336,164,"Madhesh Province","Siraha","Municipality ","Dhangadhimai Municipality"
"158",20203,"Municipality ","Province 2","Siraha","Golbazar Municipality",1633,1518,1140,1149,1226,1024,1214,516,917,1695,498,42,487,0,422,18,6,341,6,0,6235,5125,709,173,3,1620,784,1414,2505,"2198",1260,559,7,1921,3747,566,348,315,120,499,1054,142,310,720,1,1,29,0,7,0,0,0,0,0,0,9,0,191,0,0,0,2,0,2,199,23,0,845,152,0,0,0,79,912,"20",235,0,0,0,6,82,29,28,2,0,594,594,2,4,1,17491,14787,165,"Madhesh Province","Siraha","Municipality ","Golbazar Municipality"
"159",20204,"Municipality ","Province 2","Siraha","Mirchaiya Municipality",1325,1300,958,949,1102,685,893,434,749,976,347,29,346,39,762,15,2,541,22,1,6070,5284,585,167,1,988,675,959,1741,"1634",1348,192,7,1829,3376,199,237,273,246,424,1567,74,332,397,0,0,747,0,133,0,0,0,0,0,0,18,0,115,0,0,0,0,0,0,137,3,163,485,210,0,0,0,69,819,"20",221,0,0,0,10,62,15,13,0,0,34,34,1,4,4,15767,13794,170,"Madhesh Province","Siraha","Municipality ","Mirchaiya Municipality"
"160",20205,"Municipality ","Province 2","Siraha","Karjanha Municipality",1014,986,797,792,854,517,645,371,581,866,208,17,204,0,580,77,16,498,62,21,3333,3009,636,189,0,1325,745,1147,2150,"1892",1029,175,1,1555,2760,176,329,557,125,203,416,225,441,603,0,0,0,0,32,0,0,0,0,0,0,0,0,0,0,0,0,1,0,1,130,77,18,220,85,0,0,0,36,420,"14",150,0,0,0,0,39,13,12,0,0,20,20,9,10,5,7615,5437,167,"Madhesh Province","Siraha","Municipality ","Karjanha Municipality"
"161",20206,"Municipality ","Province 2","Siraha","Kalyanpur Municipality",1570,1518,1315,1316,1385,1128,1256,545,1114,1369,456,38,447,63,585,35,2,250,32,7,4735,4127,1294,276,4,1950,1598,1772,3524,"3370",1603,664,3,2020,4290,667,586,480,305,478,1110,157,424,547,0,17,406,0,250,0,0,0,0,0,0,8,0,55,0,0,0,1,0,1,169,43,43,482,259,0,0,0,99,1139,"24",267,0,0,3,4,31,8,8,0,0,0,0,5,2,3,21765,16403,166,"Madhesh Province","Siraha","Municipality ","Kalyanpur Municipality"
"162",20207,"Rural Municipality","Province 2","Siraha","Naraha Rural Municipality",510,498,391,390,422,273,384,149,293,481,158,13,158,0,446,8,11,296,23,26,784,662,391,39,2,602,626,568,1034,"1194",716,278,6,1270,2270,284,129,254,102,49,431,33,168,194,3,15,23,22,6,0,0,0,0,0,0,0,0,0,0,0,0,0,0,0,101,45,107,266,94,0,0,0,35,400,"9",107,0,0,0,2,14,8,7,0,0,0,0,0,1,0,6117,4523,171,"Madhesh Province","Siraha","Rural Municipality","Naraha Rural Municipality"
"163",20208,"Rural Municipality","Province 2","Siraha","Bishnupur Rural Municipality",558,542,489,489,530,194,457,189,352,529,157,13,157,0,352,62,37,285,47,27,2680,2385,577,96,0,857,674,752,1530,"1426",720,246,1,950,1917,247,337,167,267,99,365,32,182,210,0,0,0,0,0,0,0,0,0,0,0,0,0,0,0,0,0,0,0,0,83,29,0,281,80,0,0,0,36,408,"8",94,0,0,0,3,18,9,9,0,0,0,0,1,0,1,7713,6403,163,"Madhesh Province","Siraha","Rural Municipality","Bishnupur Rural Municipality"
"164",20209,"Rural Municipality","Province 2","Siraha","Arnama Rural Municipality",589,599,483,478,503,349,482,175,383,454,131,11,131,0,317,48,16,253,22,7,1355,1067,528,219,2,625,568,578,1374,"1146",1138,116,0,755,2009,116,192,174,73,121,480,27,104,348,7,0,50,0,49,0,0,0,0,0,0,0,0,100,0,0,0,0,0,0,55,18,0,162,78,0,0,0,36,415,"9",103,0,0,0,0,24,8,7,0,0,144,144,0,1,0,9964,8266,159,"Madhesh Province","Siraha","Rural Municipality","Arnama Rural Municipality"
"165",20210,"Municipality ","Province 2","Siraha","Sukhipur Municipality",997,961,739,747,740,589,663,330,666,771,223,19,223,5,801,31,14,685,49,8,3849,2844,459,227,6,1195,734,902,1887,"1636",1372,255,8,1399,3034,263,394,342,381,150,848,33,312,245,0,0,127,0,113,0,0,0,0,0,0,0,0,68,0,0,0,0,0,0,106,57,127,473,132,0,0,0,61,705,"17",196,0,0,0,0,37,10,10,1,0,2,2,1,2,2,16382,11701,175,"Madhesh Province","Siraha","Municipality ","Sukhipur Municipality"
"166",20211,"Rural Municipality","Province 2","Siraha","Laxmipur Patari Rural Municipality",647,643,502,498,530,433,569,229,435,545,164,14,161,0,348,29,24,305,31,60,3445,3110,486,260,0,910,585,875,1656,"1460",823,94,7,1157,2081,101,307,207,286,143,479,44,191,211,0,0,0,0,0,0,0,0,0,0,0,0,0,0,0,0,0,1,0,1,62,44,0,352,72,0,0,0,52,474,"14",139,0,0,0,0,27,9,8,0,0,0,0,1,4,3,8387,5447,169,"Madhesh Province","Siraha","Rural Municipality","Laxmipur Patari Rural Municipality"
"167",20212,"Rural Municipality","Province 2","Siraha","Sakhuwa Nankarkatti Rural Municipality",432,442,342,363,381,131,334,165,237,516,206,17,201,4,333,4,0,166,7,5,1017,895,413,305,14,667,604,682,1399,"1286",423,280,5,961,1669,285,125,312,27,89,252,33,206,210,8,1,39,9,54,0,0,0,0,0,0,6,0,45,0,0,0,0,0,0,82,43,0,212,102,0,0,0,41,530,"14",155,0,0,0,4,11,5,2,0,0,0,0,2,1,2,5215,4163,173,"Madhesh Province","Siraha","Rural Municipality","Sakhuwa Nankarkatti Rural Municipality"
"168",20213,"Rural Municipality","Province 2","Siraha","Bhagawanpur Rural Municipality",409,397,245,238,320,204,267,165,267,157,166,14,165,0,184,14,6,60,11,16,825,618,354,47,0,602,482,562,1003,"1044",496,90,0,719,1305,90,293,99,5,157,409,51,85,121,0,0,40,0,1,0,0,0,0,0,0,1,0,36,0,0,0,0,0,0,71,88,0,155,102,0,0,0,27,319,"9",105,0,0,0,1,23,11,9,1,0,220,220,4,0,1,8878,7196,162,"Madhesh Province","Siraha","Rural Municipality","Bhagawanpur Rural Municipality"
"169",20214,"Rural Municipality","Province 2","Siraha","Nawarajpur Rural Municipality",428,403,311,311,234,167,220,117,234,194,147,12,137,28,203,11,22,263,12,24,1861,1119,49,134,1,486,179,447,670,"626",292,225,1,791,1309,226,185,120,79,105,313,18,66,38,0,0,108,1,5,0,0,0,0,0,0,1,0,35,0,0,0,2,0,2,47,13,0,138,68,0,0,0,25,285,"9",83,0,0,0,0,6,8,9,0,0,9,9,0,0,0,5046,4875,172,"Madhesh Province","Siraha","Rural Municipality","Nawarajpur Rural Municipality"
"170",20215,"Rural Municipality","Province 2","Siraha","Bariyarpatti Rural Municipality",685,603,437,438,463,299,437,260,366,470,219,18,219,0,285,14,1,343,15,0,1298,1160,463,179,0,1570,624,1570,2212,"2194",967,176,0,1915,3058,176,480,376,111,220,444,111,236,247,3,0,103,12,22,0,0,0,0,0,0,3,0,101,0,0,0,0,0,0,137,486,427,820,113,1,0,0,44,540,"14",159,0,0,0,0,16,6,6,0,0,0,0,3,0,1,8122,6592,161,"Madhesh Province","Siraha","Rural Municipality","Bariyarpatti Rural Municipality"
"171",20216,"Rural Municipality","Province 2","Siraha","Aurahi Rural Municipality",577,566,459,448,448,343,415,180,340,399,165,14,163,5,460,21,1,223,11,0,2034,1715,386,220,0,654,547,546,1260,"1093",754,183,1,827,1765,184,296,332,136,239,478,65,194,407,0,0,218,0,136,0,0,0,0,0,0,2,0,56,0,0,0,0,0,0,91,66,10,530,131,0,0,0,43,525,"13",148,0,0,0,7,19,7,7,0,0,26,26,0,0,0,12310,10165,160,"Madhesh Province","Siraha","Rural Municipality","Aurahi Rural Municipality"
"172",20217,"Municipality ","Province 2","Siraha","Siraha Municipality",2224,2040,1736,1738,1898,1025,1275,584,1151,1601,938,78,931,18,949,59,4,518,71,7,4744,4235,896,506,1,2097,1479,1521,3500,"3000",1444,260,0,2485,4189,260,569,295,115,344,1272,89,399,4272,167,7,264,1,10,0,0,0,0,0,0,5,0,51,1,0,0,2,1,3,230,105,6,647,295,0,0,0,143,1397,"32",379,1,1,0,46,39,9,8,0,0,0,0,4,2,18,29222,25736,174,"Madhesh Province","Siraha","Municipality ","Siraha Municipality"
"173",20301,"Municipality ","Province 2","Dhunasa","Ganeshman Charnath Municipality",792,994,848,849,738,331,635,308,689,355,157,13,145,0,532,9,0,491,1,4,4993,4108,601,123,7,1066,658,924,1797,"1582",842,78,0,1227,2147,78,55,76,41,320,759,42,118,285,0,16,67,74,88,0,0,0,0,0,0,3,0,10,0,0,0,0,0,0,78,0,0,269,69,0,0,0,34,432,"11",119,0,0,0,2,37,17,16,2,0,866,866,4,1,1,8799,7779,182,"Madhesh Province","Dhunasa","Municipality ","Ganeshman Charnath Municipality"
"174",20302,"Municipality ","Province 2","Dhunasa","Dhanushadham Municipality",1234,1179,773,816,884,445,757,384,755,746,181,15,160,1,818,40,33,505,71,18,4699,3978,289,22,0,649,359,497,960,"856",376,167,14,840,1397,181,164,35,53,261,733,66,207,273,0,0,14,0,2,0,0,0,0,0,0,1,0,9,0,0,0,0,0,0,151,5,173,482,78,0,0,0,36,354,"18",115,0,0,0,6,59,24,18,1,0,320,320,3,5,8,9250,7067,181,"Madhesh Province","Dhunasa","Municipality ","Dhanushadham Municipality"
"175",20303,"Municipality ","Province 2","Dhunasa","Mithila Municipality",1067,1068,964,976,914,862,849,579,688,2088,245,20,233,0,769,90,46,732,89,81,2086,1721,384,78,1,870,428,837,1333,"1265",828,221,2,817,1868,223,486,459,33,257,840,73,237,1358,0,8,198,1,217,0,0,0,0,0,0,6,0,46,0,0,0,0,0,0,206,15,2,463,218,0,0,0,53,586,"15",153,0,0,0,7,41,41,36,1,0,1393,1393,164,247,3831,34858,34855,188,"Madhesh Province","Dhunasa","Municipality ","Mithila Municipality"
"176",20304,"Rural Municipality","Province 2","Dhunasa","Bateshwor Rural Municipality",524,484,424,419,433,287,350,133,294,273,145,12,134,0,179,1,1,186,1,0,648,101,176,20,0,640,185,601,836,"786",189,92,1,567,849,93,66,101,5,97,301,21,167,190,0,3,0,33,26,0,0,0,0,0,0,3,0,17,0,0,0,0,0,0,96,0,0,272,112,0,0,0,32,395,"10",101,0,0,0,0,29,11,11,0,0,0,0,0,0,0,5093,4613,177,"Madhesh Province","Dhunasa","Rural Municipality","Bateshwor Rural Municipality"
"177",20305,"Municipality ","Province 2","Dhunasa","Chhireshwornath Municipality",1078,1034,940,946,919,462,802,392,559,642,72,6,66,0,634,9,12,367,0,0,5925,5177,382,8,0,635,391,630,1025,"1021",706,80,9,950,1745,89,122,88,31,185,744,26,209,244,0,32,26,30,89,0,0,0,0,0,0,11,0,82,0,0,0,0,0,0,22,128,84,239,69,0,0,0,33,404,"12",120,0,0,0,0,60,17,12,0,0,246,246,8,5,12,10810,8713,179,"Madhesh Province","Dhunasa","Municipality ","Chhireshwornath Municipality"
"178",20306,"Rural Municipality","Province 2","Dhunasa","Laxminiya Rural Municipality",850,751,593,579,661,586,655,410,456,614,149,12,143,3,555,22,1,802,80,0,4695,3770,466,247,17,716,609,573,1446,"1182",811,126,14,1121,2072,140,198,87,49,244,357,87,189,194,0,6,2,0,58,0,0,0,0,0,0,1,0,17,0,0,0,0,0,0,96,0,0,251,247,0,0,0,35,422,"12",134,0,0,0,0,27,12,12,0,0,5,5,2,26,2,9197,6962,187,"Madhesh Province","Dhunasa","Rural Municipality","Laxminiya Rural Municipality"
"179",20307,"Municipality ","Province 2","Dhunasa","Mithila Bihari Municipality",814,825,695,718,415,119,390,229,479,105,147,12,116,6,522,22,0,585,28,1,956,860,265,81,0,187,450,202,533,"652",463,66,1,335,865,67,41,64,37,112,643,11,158,163,0,9,11,74,73,0,0,0,0,0,0,0,0,0,0,0,0,0,0,0,28,0,0,185,191,0,0,0,38,392,"23",217,0,0,0,5,20,16,12,0,0,0,0,2,1,0,7485,6477,189,"Madhesh Province","Dhunasa","Municipality ","Mithila Bihari Municipality"
"180",20308,"Municipality ","Province 2","Dhunasa","Hansapur Municipality",1285,1155,949,987,1041,712,1149,442,541,682,372,31,350,8,669,23,2,822,59,11,4225,2482,547,171,6,1234,940,1075,1958,"2015",816,376,5,2059,3256,381,173,493,55,139,851,26,138,156,11,14,34,41,140,1,0,0,0,0,0,0,0,0,0,0,0,1,0,1,88,0,0,295,160,0,0,0,81,694,"28",256,0,0,7,2,31,4,2,0,0,0,0,5,3,4,11691,9506,183,"Madhesh Province","Dhunasa","Municipality ","Hansapur Municipality"
"181",20309,"Municipality ","Province 2","Dhunasa","Sabaila Municipality",1813,1692,1178,1147,1309,971,1360,576,991,710,266,22,237,7,730,22,1,541,47,2,7275,6039,892,255,9,731,1019,706,1887,"1725",1254,303,13,884,2454,316,505,434,224,406,911,41,208,400,0,35,36,0,38,0,0,7,0,0,0,4,0,5,0,0,0,13,0,13,115,12,1,309,221,0,0,0,67,679,"22",200,0,0,0,8,47,20,20,5,0,410,410,4,21,4,18244,15051,192,"Madhesh Province","Dhunasa","Municipality ","Sabaila Municipality"
"182",20310,"Municipality ","Province 2","Dhunasa","Shahidnagar Municipality",1293,1192,875,872,968,786,1136,437,728,827,370,31,308,26,468,31,15,478,88,7,3196,2885,789,253,7,1086,909,846,2135,"1755",1440,289,18,1364,3111,307,296,84,72,476,1078,116,223,351,0,54,642,22,170,0,0,0,0,0,0,2,0,79,0,0,0,0,0,0,131,28,38,216,228,0,0,0,79,1823,"27",250,0,0,0,53,22,6,7,4,0,87,87,4,2,0,15157,11994,193,"Madhesh Province","Dhunasa","Municipality ","Shahidnagar Municipality"
"183",20311,"Municipality ","Province 2","Dhunasa","Kamala Municipality",1029,912,795,841,913,459,852,418,625,485,277,23,247,11,257,29,22,243,16,1,5925,5384,553,154,6,730,559,982,1443,"1541",737,192,0,1087,2016,192,126,65,32,234,491,58,76,189,1,121,2,25,61,0,0,0,0,0,0,0,0,0,0,0,0,0,0,0,28,0,0,105,64,0,0,0,50,470,"15",127,0,0,0,6,20,7,5,0,0,0,0,1,8,2,7262,6459,186,"Madhesh Province","Dhunasa","Municipality ","Kamala Municipality"
"184",20312,"Rural Municipality","Province 2","Dhunasa","Janak Nandini Rural Municipality",625,667,491,503,580,380,544,285,539,424,210,18,151,0,488,36,17,458,103,55,1931,1711,592,200,12,945,814,884,1749,"1698",974,169,0,1033,2176,169,311,265,49,160,480,24,99,136,0,13,0,0,2,0,0,0,0,0,0,0,0,0,0,0,0,2,0,2,70,0,0,196,91,0,0,0,47,585,"14",126,0,0,0,13,24,7,32,0,0,0,0,3,1,4,11208,8692,184,"Madhesh Province","Dhunasa","Rural Municipality","Janak Nandini Rural Municipality"
"185",20313,"Municipality ","Province 2","Dhunasa","Bideha Municipality",616,672,540,581,594,382,657,282,566,935,234,20,216,0,497,23,6,434,17,2,1105,879,628,220,0,1049,785,902,1897,"1687",776,272,7,1030,2085,279,72,131,47,188,484,19,53,541,1,151,12,12,141,0,0,0,0,0,0,0,0,0,0,0,0,0,0,0,77,0,0,302,107,0,0,0,49,560,"17",188,0,0,0,12,20,7,4,0,0,0,0,3,2,2,10731,8501,178,"Madhesh Province","Dhunasa","Municipality ","Bideha Municipality"
"186",20314,"Rural Municipality","Province 2","Dhunasa","Aurahi Rural Municipality",673,672,531,545,589,409,484,354,240,777,234,20,171,0,227,1,0,301,2,0,1652,767,246,106,0,643,321,384,995,"705",674,232,0,714,1620,232,411,192,33,158,431,22,50,26,6,20,5,2,21,0,0,0,0,0,0,0,0,30,0,0,0,3,0,3,25,0,0,98,116,0,0,0,34,339,"15",110,0,0,0,0,13,5,1,0,0,23,23,1,2,2,8648,7865,176,"Madhesh Province","Dhunasa","Rural Municipality","Aurahi Rural Municipality"
"187",20315,"Sub-Metropolitan City","Province 2","Dhunasa","Janakpur Sub-Metropolitan City",1766,1525,1318,1315,1401,1281,1414,545,954,1274,381,32,331,2,1073,18,2,871,26,10,6229,5744,975,168,3,1890,966,1754,3036,"2720",1764,242,5,2157,4168,247,332,163,147,356,1035,85,182,327,0,24,85,45,117,0,0,0,0,0,0,0,0,17,0,0,0,0,0,0,226,7,3,686,180,0,0,0,87,828,"28",236,0,0,0,0,56,24,21,1,0,1,1,4,8,13,18552,14911,185,"Madhesh Province","Dhunasa","Sub-Metropolitan City","Janakpur Sub-Metropolitan City"
"188",20316,"Rural Municipality","Province 2","Dhunasa","Dhanauji Rural Municipality",591,559,467,472,473,372,528,258,349,150,120,10,111,0,682,6,1,1425,25,0,1401,1241,287,83,3,448,788,549,821,"1337",571,248,0,1083,1902,248,219,198,72,155,371,35,102,199,5,71,8,93,117,0,0,0,0,0,0,0,0,0,0,0,0,0,0,0,121,0,0,160,56,0,0,0,35,399,"17",181,0,0,0,3,36,3,3,0,0,12,12,1,1,1,5940,5035,180,"Madhesh Province","Dhunasa","Rural Municipality","Dhanauji Rural Municipality"
"189",20317,"Municipality ","Province 2","Dhunasa","Nagarain Municipality",791,730,600,585,486,309,572,312,375,161,265,22,260,3,367,4,1,252,10,1,3001,2515,802,73,0,792,2654,605,1667,"3259",972,199,0,927,2098,199,112,102,31,138,527,50,118,623,0,8,53,29,36,0,0,0,0,0,0,0,0,13,0,0,0,0,0,0,52,0,0,203,145,0,0,0,40,460,"15",161,0,0,0,5,37,19,17,1,1,162,162,8,28,37,9473,7005,191,"Madhesh Province","Dhunasa","Municipality ","Nagarain Municipality"
"190",20318,"Rural Municipality","Province 2","Dhunasa","Mukhiyapatti Musaharmiya Rural Municipality",612,558,476,475,340,160,396,202,333,341,163,14,163,0,710,3,1,135,1,4,746,669,126,45,0,599,307,945,770,"1252",602,93,0,831,1526,93,24,34,4,41,242,1,30,70,0,19,0,1,2,0,0,0,0,0,0,0,0,0,0,0,0,0,0,0,61,0,0,165,49,0,0,0,33,340,"14",158,0,0,0,0,15,13,12,0,0,0,0,2,4,2,7006,6766,190,"Madhesh Province","Dhunasa","Rural Municipality","Mukhiyapatti Musaharmiya Rural Municipality"
"191",20401,"Municipality ","Province 2","Mohattari","Bardibas Municipality",1604,1590,1477,1464,1392,1164,1252,1025,213,2131,183,15,168,121,1920,56,3,1429,66,7,2531,2175,566,252,0,980,720,764,1798,"1484",1217,350,2,1752,3321,352,212,523,218,434,1285,259,706,1237,157,12,666,76,385,0,0,0,0,0,0,0,0,0,0,0,0,80,1,81,313,49,9,575,361,10,0,0,62,799,"28",303,0,0,1,2,98,54,55,0,0,276,276,2,2,0,24124,18866,196,"Madhesh Province","Mohattari","Municipality ","Bardibas Municipality"
"192",20402,"Municipality ","Province 2","Mohattari","Gaushala Municipality",1550,2019,1481,1517,1327,1282,1263,955,510,2129,299,25,292,34,1113,80,57,816,133,84,2667,2289,631,282,1,1675,1117,1706,2589,"2823",1536,464,1,1606,3607,465,565,127,331,801,1568,225,609,3975,236,52,378,18,169,0,0,0,0,0,0,43,0,22,0,0,0,0,0,0,243,139,236,951,316,0,0,0,62,713,"26",236,0,0,0,0,94,55,49,3,0,361,360,2,10,6,18909,13509,199,"Madhesh Province","Mohattari","Municipality ","Gaushala Municipality"
"193",20403,"Rural Municipality","Province 2","Mohattari","Sonama Rural Municipality",1171,983,993,992,768,711,630,735,517,657,115,10,101,0,1135,27,5,821,46,3,4157,3569,353,211,0,569,558,853,1133,"1411",864,322,9,1610,2805,331,250,475,66,285,559,162,443,796,8,211,8,0,248,0,0,0,0,0,0,0,0,0,0,0,0,1,0,1,136,0,5,276,89,0,0,0,35,411,"16",154,0,0,0,0,35,22,17,0,0,0,0,5,2,2,8536,7873,208,"Madhesh Province","Mohattari","Rural Municipality","Sonama Rural Municipality"
"194",20404,"Municipality ","Province 2","Mohattari","Aurahi Municipality",684,759,719,717,665,551,513,332,311,376,110,9,105,1,671,11,5,584,30,16,2686,2503,221,96,0,632,429,521,949,"950",532,92,0,1036,1660,92,125,32,0,38,723,5,477,540,9,234,0,20,171,0,0,0,0,0,0,0,0,0,0,0,0,0,0,0,24,2,1,78,54,0,0,0,26,305,"14",141,0,0,0,0,34,9,1,0,0,0,0,2,8,3,6398,5357,194,"Madhesh Province","Mohattari","Municipality ","Aurahi Municipality"
"195",20405,"Municipality ","Province 2","Mohattari","Bhangaha Municipality",1258,1284,1159,1034,962,532,584,757,301,744,244,20,206,4,732,27,5,408,55,7,4107,3685,425,93,0,963,397,804,1481,"1201",891,191,0,1546,2628,191,168,145,65,204,750,37,248,367,9,208,3,5,185,0,0,0,0,0,0,0,0,0,0,0,0,0,0,0,131,26,1,463,210,0,0,0,53,592,"20",164,0,0,0,3,56,38,23,0,0,0,0,4,5,3,11293,8334,197,"Madhesh Province","Mohattari","Municipality ","Bhangaha Municipality"
"196",20406,"Municipality ","Province 2","Mohattari","Loharpatti Municipality",1268,1218,1003,989,1053,522,706,588,460,958,174,15,151,5,1315,182,55,857,149,45,1618,1432,575,203,0,1082,770,832,1860,"1602",838,206,11,931,1986,217,492,362,35,313,1034,153,370,617,11,70,188,0,86,0,0,0,0,0,0,0,0,30,5,0,0,0,0,0,279,13,28,335,158,0,0,0,40,497,"18",164,0,0,60,3,50,22,15,1,0,415,415,2,6,7,13747,11835,201,"Madhesh Province","Mohattari","Municipality ","Loharpatti Municipality"
"197",20407,"Municipality ","Province 2","Mohattari","Balawa Municipality",1280,1120,1009,972,549,491,732,754,342,595,245,20,232,0,900,40,1,572,90,5,1062,927,444,67,4,794,422,541,1309,"963",915,224,8,827,1974,232,298,277,86,347,868,128,339,402,0,163,258,160,345,0,0,0,0,0,0,0,0,0,0,0,0,0,0,0,240,0,0,513,138,0,0,0,40,450,"19",188,0,0,0,11,25,9,6,0,0,0,0,5,20,6,9478,8999,195,"Madhesh Province","Mohattari","Municipality ","Balawa Municipality"
"198",20408,"Municipality ","Province 2","Mohattari","Ram Gopalpur Municipality",1033,966,822,844,735,597,596,467,535,788,115,10,115,2,1161,42,94,1088,33,153,2601,2252,497,188,0,1288,607,1476,1973,"2083",713,150,1,1758,2622,151,153,104,54,187,1126,5,122,245,0,22,219,34,69,0,0,0,0,0,0,0,0,10,0,0,0,0,0,0,60,12,30,300,146,0,0,0,36,429,"15",85,0,0,0,1,53,25,24,1,0,69,69,6,5,8,14404,11143,206,"Madhesh Province","Mohattari","Municipality ","Ram Gopalpur Municipality"
"199",20409,"Rural Municipality","Province 2","Mohattari","Samsi Rural Municipality",823,853,806,812,713,582,583,451,385,669,258,22,250,4,759,52,11,605,37,0,3211,3676,551,191,5,1170,667,1060,1917,"1727",1023,285,8,1754,3070,293,234,159,97,367,1122,114,341,580,11,225,212,26,212,0,0,0,0,0,0,0,0,0,0,0,0,0,1,1,185,4,87,396,134,1,0,0,41,888,"19",190,12,1,0,0,42,16,9,1,1,1213,1193,1,1,1,10894,8856,207,"Madhesh Province","Mohattari","Rural Municipality","Samsi Rural Municipality"
"200",20410,"Municipality ","Province 2","Mohattari","Manara Shisawa Municipality",1313,1221,1121,1129,953,879,959,448,656,1157,332,28,298,8,913,103,10,724,120,3,4951,3524,723,327,0,650,842,719,1700,"1561",1377,293,0,886,2556,293,173,363,127,313,958,73,282,476,46,187,10,0,186,0,0,0,0,0,0,0,0,0,0,0,0,0,0,0,126,83,1,312,238,0,0,0,62,647,"23",221,0,0,0,17,42,19,10,0,0,0,0,7,5,5,20126,16162,203,"Madhesh Province","Mohattari","Municipality ","Manara Shisawa Municipality"
"201",20411,"Rural Municipality","Province 2","Mohattari","Ekadara Rural Municipality",799,775,671,679,634,651,583,162,545,517,175,15,175,7,907,121,22,861,99,43,3906,3514,526,347,0,875,1054,762,1748,"1816",1122,394,0,612,2128,394,334,204,4,205,775,92,341,459,1,30,310,17,234,0,0,0,0,0,0,0,0,3,0,0,0,0,0,0,79,27,26,159,190,0,0,0,35,415,"15",162,0,0,0,10,33,9,2,0,0,17,17,4,4,3,12586,9276,198,"Madhesh Province","Mohattari","Rural Municipality","Ekadara Rural Municipality"
"202",20412,"Rural Municipality","Province 2","Mohattari","Mahottari Rural Municipality",684,677,626,787,646,685,615,272,480,680,60,5,60,0,281,28,9,573,37,8,2199,1944,390,121,0,266,427,438,777,"865",591,166,10,582,1349,176,133,112,25,75,409,4,169,257,0,0,12,0,0,0,0,0,0,0,0,0,0,0,0,0,0,0,0,0,36,0,0,89,99,0,0,0,27,324,"11",104,0,0,0,3,35,13,14,0,0,0,0,2,7,7,4121,3275,202,"Madhesh Province","Mohattari","Rural Municipality","Mahottari Rural Municipality"
"203",20413,"Rural Municipality","Province 2","Mohattari","Pipara Rural Municipality",872,843,758,758,766,587,590,349,413,473,12,1,6,0,694,67,10,479,132,7,3529,3207,513,114,2,508,648,420,1137,"1068",957,116,2,606,1681,118,325,184,62,266,505,114,232,305,0,15,7,0,69,0,0,0,0,0,0,0,0,0,0,0,0,0,0,0,94,75,305,403,158,0,0,0,41,477,"14",158,0,0,0,0,29,16,11,0,0,11,11,7,12,8,11020,8343,205,"Madhesh Province","Mohattari","Rural Municipality","Pipara Rural Municipality"
"204",20414,"Municipality ","Province 2","Mohattari","Matihani Municipality",899,855,844,862,802,803,729,561,310,784,195,16,190,0,813,24,8,671,32,8,2692,2338,549,29,0,596,555,549,1174,"1104",794,169,5,909,1877,174,533,197,120,139,743,38,230,288,0,0,0,0,15,0,0,0,0,0,0,0,0,0,0,0,0,0,0,0,207,25,0,324,128,0,0,0,34,408,"14",160,0,0,0,9,25,0,0,0,0,52,52,4,3,4,10450,8943,204,"Madhesh Province","Mohattari","Municipality ","Matihani Municipality"
"205",20415,"Municipality ","Province 2","Mohattari","Jaleshwor Municipality",1560,1324,1156,1136,1294,883,919,595,430,756,285,24,271,177,1309,56,10,1294,59,19,529,495,641,148,0,643,585,490,1432,"1075",907,210,26,901,2044,236,174,35,57,257,1036,74,501,771,0,14,1211,14,469,0,0,0,0,1,0,9,1,44,1,0,0,0,0,0,347,135,201,909,196,0,0,0,50,505,"18",179,2154,38,0,0,96,59,40,5,0,922,922,9,12,102,28672,26701,200,"Madhesh Province","Mohattari","Municipality ","Jaleshwor Municipality"
"206",20501,"Municipality ","Province 2","Sarlahi","Lalbandi Municipality",1110,1231,1022,1025,932,679,927,545,211,0,108,9,99,8,310,0,0,278,4,10,3909,4120,294,37,0,622,265,525,953,"790",740,127,11,1373,2251,138,139,28,41,156,597,60,197,498,16,0,148,0,98,0,0,0,0,0,0,4,0,61,0,0,0,5,1,6,0,0,0,0,77,0,0,0,76,547,"22",211,0,0,0,0,0,0,0,2,0,119,119,0,0,0,0,0,225,"Madhesh Province","Sarlahi","Municipality ","Lalbandi Municipality"
"207",20502,"Municipality ","Province 2","Sarlahi","Hariwan Municipality",839,808,963,937,493,457,638,448,383,820,216,18,179,4,394,35,45,420,10,0,7164,6317,402,38,0,724,848,609,1164,"1457",631,77,2,1699,2409,79,66,12,2,186,454,74,218,293,26,1,169,4,190,0,0,0,0,0,0,0,0,12,0,0,0,0,0,0,0,0,0,0,91,0,0,0,89,475,"13",130,0,0,10,0,52,31,26,0,0,30,30,5,1,3,6313,5339,221,"Madhesh Province","Sarlahi","Municipality ","Hariwan Municipality"
"208",20503,"Municipality ","Province 2","Sarlahi","Bagmati Municipality",914,876,754,752,577,464,642,507,254,292,136,11,118,0,349,0,0,248,33,0,952,819,260,30,0,704,249,685,994,"934",480,46,0,1650,2176,46,42,0,0,115,387,64,205,221,0,0,0,0,0,0,0,0,0,0,0,0,0,13,0,0,0,0,0,0,0,0,0,0,63,0,0,0,74,567,"11",118,0,0,0,0,60,30,20,0,0,48,48,2,4,5,5786,4928,209,"Madhesh Province","Sarlahi","Municipality ","Bagmati Municipality"
"209",20504,"Municipality ","Province 2","Sarlahi","Barahathawa Municipality",1323,1455,1120,1110,963,526,814,670,956,17,244,20,212,58,440,6,1,353,6,0,790,707,286,121,1,534,660,549,942,"1209",514,172,3,664,1353,175,172,0,3,252,691,59,111,774,10,0,307,2,111,0,0,0,0,0,0,0,0,0,0,0,0,8,0,8,0,0,0,0,86,0,0,0,85,491,"17",141,0,0,0,0,0,0,0,6,0,360,360,0,0,0,107,61,211,"Madhesh Province","Sarlahi","Municipality ","Barahathawa Municipality"
"210",20505,"Municipality ","Province 2","Sarlahi","Haripur Municipality",906,884,667,637,492,275,483,268,455,147,91,8,61,17,753,2,1,358,55,17,2482,1360,276,104,0,178,395,134,558,"529",591,260,1,378,1230,261,260,1,1,50,280,48,157,267,0,4,270,0,164,0,0,0,0,0,0,0,0,26,0,0,0,0,0,0,0,0,0,0,46,0,0,0,59,268,"14",127,0,0,0,0,45,6,5,2,0,162,162,0,0,0,3333,2380,219,"Madhesh Province","Sarlahi","Municipality ","Haripur Municipality"
"211",20506,"Municipality ","Province 2","Sarlahi","Ishworpur Municipality",1141,1168,897,900,678,612,813,541,453,460,181,15,171,110,2528,73,3,1378,4,14,3107,2706,365,29,0,596,343,509,990,"852",560,232,0,1038,1830,232,232,0,0,304,903,83,302,634,10,6,630,0,221,1,0,0,0,0,0,1,3,19,0,0,0,10,0,10,0,0,0,0,92,0,0,0,84,826,"11",93,0,0,0,2,49,23,26,0,0,0,0,7,2,3,11491,9661,222,"Madhesh Province","Sarlahi","Municipality ","Ishworpur Municipality"
"212",20507,"Municipality ","Province 2","Sarlahi","Haripurwa Municipality",548,553,503,503,357,184,441,217,457,108,73,6,47,0,117,2,11,112,2,7,1689,1514,144,11,7,147,133,191,309,"324",148,17,8,96,269,25,17,0,5,91,191,40,88,94,0,12,119,7,39,0,0,0,0,0,0,0,0,1,0,0,0,0,0,0,0,0,0,0,20,0,0,0,38,155,"8",61,0,0,0,0,4,0,0,0,0,0,0,1,3,0,2779,2177,220,"Madhesh Province","Sarlahi","Municipality ","Haripurwa Municipality"
"213",20508,"Rural Municipality","Province 2","Sarlahi","Parsa Rural Municipality",481,369,263,311,242,108,247,211,20,0,152,13,88,0,8,0,0,19,0,0,0,0,40,7,0,0,38,0,47,"38",48,0,0,0,48,0,0,0,0,6,40,2,8,17,0,0,3,2,5,0,0,0,0,0,0,0,0,0,0,0,0,0,0,0,0,0,0,0,7,0,0,0,35,25,"9",74,0,0,0,0,0,0,0,0,0,0,0,0,0,0,0,0,227,"Madhesh Province","Sarlahi","Rural Municipality","Parsa Rural Municipality"
"214",20509,"Rural Municipality","Province 2","Sarlahi","Brahmapuri Rural Municipality",608,603,475,435,378,341,395,167,298,653,191,16,158,2,378,21,0,406,17,0,798,800,424,84,0,610,476,458,1118,"934",644,200,0,1364,2208,200,200,0,0,157,405,35,164,617,8,141,22,39,209,0,0,0,0,0,0,0,0,0,0,0,0,1,0,1,0,0,0,0,58,0,0,0,46,409,"9",62,0,0,0,0,23,13,12,0,0,0,0,2,4,3,7568,6775,214,"Madhesh Province","Sarlahi","Rural Municipality","Brahmapuri Rural Municipality"
"215",20510,"Rural Municipality","Province 2","Sarlahi","Chandranagar Rural Municipality",681,656,469,461,400,193,520,182,469,178,160,13,155,3,912,48,0,1016,62,0,1315,1117,595,163,29,378,671,373,1165,"1044",635,379,12,713,1739,391,379,0,12,90,395,34,190,254,26,0,144,25,116,0,0,0,0,0,0,2,2,14,0,0,0,3,0,3,0,0,0,0,59,0,0,0,50,291,"10",102,0,0,0,0,11,16,14,0,0,0,0,1,1,4,6083,4114,216,"Madhesh Province","Sarlahi","Rural Municipality","Chandranagar Rural Municipality"
"216",20511,"Municipality ","Province 2","Sarlahi","Kabilashi Municipality",586,565,433,624,333,78,303,148,388,4,176,15,161,10,61,0,0,122,0,0,2213,1904,253,149,0,337,439,272,739,"711",310,21,55,272,658,76,21,1,42,144,285,25,111,117,0,0,226,2,96,0,0,0,0,0,0,0,0,0,0,0,0,0,0,0,18,27,0,32,62,0,0,0,47,267,"10",54,0,0,0,0,4,0,0,0,0,157,157,0,0,0,385,288,223,"Madhesh Province","Sarlahi","Municipality ","Kabilashi Municipality"
"217",20512,"Rural Municipality","Province 2","Sarlahi","Chakraghatta Rural Municipality",664,612,504,522,402,173,397,325,360,287,138,12,109,4,372,49,0,107,1,0,2130,637,522,35,0,955,459,813,1512,"1272",962,160,3,1746,2871,163,160,0,6,156,419,73,175,316,0,0,353,0,353,0,0,0,0,0,0,0,0,0,0,0,0,0,1,1,0,0,0,0,87,0,1,0,42,469,"13",136,0,0,0,8,11,2,1,0,0,0,0,0,0,0,8349,7410,215,"Madhesh Province","Sarlahi","Rural Municipality","Chakraghatta Rural Municipality"
"218",20513,"Rural Municipality","Province 2","Sarlahi","Basbariya Rural Municipality",554,542,427,432,333,232,341,129,402,256,123,10,122,0,225,0,0,114,0,0,2356,2147,196,7,0,245,181,245,448,"426",282,57,9,379,727,66,51,0,9,45,204,23,91,69,0,29,6,18,51,0,0,0,0,0,0,0,0,0,0,0,0,0,0,0,0,0,0,0,16,0,0,0,41,125,"10",56,0,0,0,0,6,1,1,0,0,0,0,0,1,0,4785,3036,212,"Madhesh Province","Sarlahi","Rural Municipality","Basbariya Rural Municipality"
"219",20514,"Rural Municipality","Province 2","Sarlahi","Dhanakaul Rural Municipality",531,511,424,430,315,109,247,162,256,0,233,19,164,6,631,69,1,649,100,0,3346,2643,463,94,0,302,528,312,859,"840",670,172,1,509,1352,173,172,0,1,115,224,27,32,140,5,42,29,0,36,0,0,1,0,0,0,0,0,0,0,0,0,0,0,0,0,0,0,0,32,0,0,0,39,297,"12",140,0,0,0,0,0,0,0,1,0,103,103,1,2,0,259,223,217,"Madhesh Province","Sarlahi","Rural Municipality","Dhanakaul Rural Municipality"
"220",20515,"Rural Municipality","Province 2","Sarlahi","Ramnagar Rural Municipality",850,901,577,3392,519,406,662,152,287,109,144,12,132,0,328,4,0,366,2,0,1388,1209,319,76,7,243,399,232,645,"631",522,29,4,614,1169,33,28,0,3,47,261,42,113,153,0,82,15,16,104,0,0,0,0,0,0,0,0,0,0,0,0,0,0,0,0,0,0,0,65,0,0,0,40,285,"11",95,0,0,0,0,0,0,0,0,0,45,45,0,1,1,1592,1543,228,"Madhesh Province","Sarlahi","Rural Municipality","Ramnagar Rural Municipality"
"221",20516,"Municipality ","Province 2","Sarlahi","Balara Municipality",892,862,739,735,481,331,542,442,668,193,201,17,178,6,631,45,4,850,36,3,2673,2335,734,130,3,1005,723,926,1872,"1649",701,179,6,955,1841,185,179,0,3,258,892,24,62,103,129,9,78,1,21,0,0,0,0,0,0,7,0,23,0,0,0,3,0,3,118,103,0,142,131,0,7,0,71,798,"16",154,0,0,0,0,14,9,0,1,0,216,216,0,10,1,12069,7467,210,"Madhesh Province","Sarlahi","Municipality ","Balara Municipality"
"222",20517,"Municipality ","Province 2","Sarlahi","Godaita Municipality",1027,1004,835,888,617,486,570,413,672,95,336,28,254,158,378,25,10,474,42,7,6226,5575,748,263,0,875,1004,820,1886,"1824",1012,251,0,1007,2270,251,248,3,2,141,763,26,216,243,0,16,785,35,84,5,5,5,0,0,0,0,0,10,0,0,0,3,0,3,0,0,0,0,79,0,0,0,74,363,"21",149,0,0,0,0,4,6,1,0,0,84,84,0,2,2,3545,3065,218,"Madhesh Province","Sarlahi","Municipality ","Godaita Municipality"
"223",20518,"Rural Municipality","Province 2","Sarlahi","Bishnu Rural Municipality",504,566,455,464,383,322,463,265,187,119,109,9,80,1,234,28,3,338,52,14,3584,3148,718,199,13,261,601,262,1191,"863",829,148,9,348,1334,157,164,47,51,60,123,39,62,445,0,3,0,4,0,0,0,0,0,0,0,0,0,0,0,0,0,8,0,8,0,0,0,0,33,0,0,0,34,302,"12",119,0,0,0,0,1,0,0,0,0,0,0,0,0,0,196,181,213,"Madhesh Province","Sarlahi","Rural Municipality","Bishnu Rural Municipality"
"224",20519,"Rural Municipality","Province 2","Sarlahi","Kaudena Rural Municipality",573,561,413,405,331,295,355,158,397,182,125,10,115,0,274,3,0,265,8,0,1428,1252,153,51,0,285,243,286,489,"529",136,32,6,432,606,38,34,4,8,138,297,20,110,205,1,56,7,30,45,0,0,0,0,0,0,0,0,0,0,0,0,0,0,0,5,28,0,24,71,0,0,0,35,519,"11",98,0,0,0,0,17,4,1,0,0,0,0,0,1,0,7052,5050,224,"Madhesh Province","Sarlahi","Rural Municipality","Kaudena Rural Municipality"
"225",20520,"Municipality ","Province 2","Sarlahi","Malangawa Municipality",854,788,679,680,683,286,539,377,579,50,187,16,186,3,265,1,0,306,18,0,766,713,497,73,0,131,368,120,701,"488",711,112,0,265,1088,112,108,0,0,245,1605,80,358,97,0,13,87,15,22,0,0,0,0,0,0,0,3,18,46,0,0,0,0,0,102,980,348,448,129,0,0,0,40,418,"10",120,1177,22,0,0,0,0,0,0,0,0,0,0,0,0,4765,6939,226,"Madhesh Province","Sarlahi","Municipality ","Malangawa Municipality"
"226",20601,"Municipality ","Province 2","Rautahat","Chandrapur Municipality",1567,1515,1375,1406,1356,1014,1350,529,694,214,177,15,162,65,350,34,1,297,30,0,8656,7603,527,242,2,1009,580,950,1780,"1530",655,294,5,1938,2892,299,204,436,73,352,1446,175,701,589,27,5,871,0,443,0,0,0,0,0,0,1,1,74,18,0,0,0,0,0,58,193,7,168,226,0,8,0,93,517,"13",116,0,0,0,0,58,30,25,1,0,1271,1271,8,4,11,17132,16150,347,"Madhesh Province","Rautahat","Municipality ","Chandrapur Municipality"
"227",20602,"Municipality ","Province 2","Rautahat","Gujara Municipality",1135,1068,922,964,848,569,628,453,575,90,81,7,70,2,517,27,0,612,27,0,7386,5143,809,153,11,1052,783,992,2025,"1775",1166,463,10,1291,2930,473,134,498,57,209,815,86,475,481,0,63,211,39,331,0,0,0,0,0,0,0,0,26,0,0,0,0,0,0,49,137,5,104,104,0,0,0,40,493,"18",185,0,0,0,16,22,12,7,1,0,35,38,2,2,13,8901,7386,353,"Madhesh Province","Rautahat","Municipality ","Gujara Municipality"
"228",20603,"Municipality ","Province 2","Rautahat","Phatuwa Bijayapur Municipality",539,512,529,533,406,245,376,285,498,22,189,16,167,23,196,4,0,342,5,0,4386,3728,634,214,25,338,888,318,1211,"1206",473,144,16,293,926,160,142,249,311,122,431,43,235,224,0,187,52,0,172,0,0,0,0,0,0,0,0,0,0,0,0,0,0,0,71,32,2,142,91,0,0,0,32,317,"14",148,0,0,0,7,9,6,4,0,0,61,61,5,3,3,6104,5872,359,"Madhesh Province","Rautahat","Municipality ","Phatuwa Bijayapur Municipality"
"229",20604,"Municipality ","Province 2","Rautahat","Katahariya Municipality",799,732,600,582,403,265,362,324,320,15,127,11,127,1,464,56,10,342,43,0,1332,323,516,222,0,536,1082,467,1274,"1549",388,197,0,411,996,197,119,199,49,149,310,17,70,165,0,62,40,9,87,0,0,0,0,0,0,0,0,0,0,0,0,0,0,0,28,80,0,170,73,0,0,0,41,384,"15",148,0,0,0,11,11,7,1,0,0,1,1,0,0,0,5819,5357,355,"Madhesh Province","Rautahat","Municipality ","Katahariya Municipality"
"230",20605,"Municipality ","Province 2","Rautahat","Brindaban Municipality",978,868,665,658,333,323,554,341,195,266,103,9,94,39,319,6,0,154,9,1,6724,6034,259,131,1,451,889,474,842,"1363",600,283,0,734,1617,283,47,255,24,170,366,71,146,102,0,81,100,16,174,0,0,0,0,0,0,0,0,0,0,0,0,0,0,0,30,0,0,68,58,0,0,0,32,299,"16",185,0,0,0,5,9,7,9,0,0,0,0,1,0,9,4865,3721,346,"Madhesh Province","Rautahat","Municipality ","Brindaban Municipality"
"231",20606,"Municipality ","Province 2","Rautahat","Gadhimai Municipality",909,813,637,647,689,465,626,237,538,106,151,13,144,3,192,18,9,250,7,0,6120,4893,389,125,6,249,379,189,769,"568",626,129,3,365,1123,132,85,371,91,146,597,15,171,132,0,46,289,78,44,0,0,0,0,0,0,0,0,0,0,0,0,0,0,0,63,18,3,142,144,0,2,0,47,354,"16",108,0,0,0,0,12,2,3,0,0,0,0,1,1,14,6811,5538,350,"Madhesh Province","Rautahat","Municipality ","Gadhimai Municipality"
"232",20607,"Municipality ","Province 2","Rautahat","Madhav Narayan Municipality",953,936,812,780,830,503,664,255,453,178,324,27,313,0,270,13,0,267,63,25,5431,4963,982,196,8,683,1179,560,1869,"1739",663,314,0,578,1555,314,349,503,61,152,639,15,289,454,1,55,129,141,139,0,0,0,0,0,0,0,0,0,0,0,0,0,0,0,116,91,0,175,125,0,0,0,67,673,"28",312,0,0,0,0,12,3,1,0,0,0,0,1,2,2,9338,8542,356,"Madhesh Province","Rautahat","Municipality ","Madhav Narayan Municipality"
"233",20608,"Municipality ","Province 2","Rautahat","Garuda Municipality",1426,1213,766,826,759,500,836,409,689,157,272,23,259,222,488,17,0,399,47,0,8161,7878,1054,280,12,1196,1420,1129,2542,"2549",1199,420,7,1252,2878,427,226,401,58,807,1565,146,540,642,20,146,1053,60,1137,0,0,0,0,0,0,34,0,96,0,0,0,0,0,0,134,133,56,281,157,0,0,0,75,903,"21",252,0,0,0,0,8,6,4,0,0,2,2,3,2,2,10783,7687,351,"Madhesh Province","Rautahat","Municipality ","Garuda Municipality"
"234",20609,"Municipality ","Province 2","Rautahat","Dewahi Gonahi Municipality",978,803,665,681,787,569,665,400,509,232,200,17,184,6,685,53,8,558,102,0,5795,5080,1029,118,0,508,1293,504,1655,"1797",1121,307,45,572,2045,352,225,354,48,147,732,20,173,155,0,91,8,106,127,0,0,0,0,0,0,0,0,0,0,0,0,0,0,0,57,83,0,142,182,0,2,0,44,384,"19",182,0,0,0,23,8,5,3,0,0,0,0,0,3,1,11406,9274,348,"Madhesh Province","Rautahat","Municipality ","Dewahi Gonahi Municipality"
"235",20610,"Municipality ","Province 2","Rautahat","Maulapur Municipality",533,489,386,316,295,182,281,230,416,78,128,11,107,11,214,0,0,128,0,0,3797,3499,552,117,18,758,411,613,1445,"1024",444,214,2,770,1430,216,115,134,55,73,419,74,95,199,0,182,9,20,137,0,0,0,0,0,0,0,0,0,0,0,0,0,0,0,16,9,0,127,141,0,0,0,32,429,"14",162,0,0,3,0,1,4,4,0,0,5,5,0,0,0,3936,3985,357,"Madhesh Province","Rautahat","Municipality ","Maulapur Municipality"
"236",20611,"Municipality ","Province 2","Rautahat","Boudhimai Municipality",789,772,581,587,490,330,351,275,491,78,187,16,168,1,302,5,2,312,16,0,6040,5208,686,118,5,661,728,631,1470,"1359",341,67,0,629,1037,67,283,125,64,219,742,41,147,360,0,194,61,0,164,0,0,0,0,0,0,4,0,50,0,0,0,0,0,0,27,117,258,96,149,0,0,0,43,458,"19",176,0,0,0,0,6,2,2,0,0,52,52,3,2,6,4950,4777,345,"Madhesh Province","Rautahat","Municipality ","Boudhimai Municipality"
"237",20612,"Municipality ","Province 2","Rautahat","Paroha Municipality",996,974,886,897,822,732,833,304,600,315,180,15,175,2,868,19,47,774,12,0,6720,4829,772,351,1,1899,911,2020,3023,"2931",699,328,0,2004,3031,328,206,520,118,181,767,108,292,450,16,239,71,4,256,0,0,0,0,0,0,0,0,0,0,0,0,0,0,0,161,126,10,247,322,0,0,0,54,587,"20",241,0,0,0,24,14,11,11,3,0,12,11,2,0,1,11273,10916,358,"Madhesh Province","Rautahat","Municipality ","Paroha Municipality"
"238",20613,"Municipality ","Province 2","Rautahat","Rajpur Municipality",1126,1208,949,939,673,314,525,414,719,275,173,14,161,65,498,11,10,601,15,0,5148,4945,655,382,11,895,1190,764,1943,"1954",856,250,14,1594,2714,264,105,463,70,358,1159,103,522,460,17,83,652,20,287,0,0,0,0,0,0,11,0,32,0,0,0,0,5,5,88,141,12,93,217,0,1,0,38,490,"17",162,0,0,4,0,40,9,7,0,0,310,310,0,0,1,12478,10209,361,"Madhesh Province","Rautahat","Municipality ","Rajpur Municipality"
"239",20614,"Rural Municipality","Province 2","Rautahat","Yamunamai Rural Municipality",530,506,380,365,310,195,309,175,180,129,128,11,115,9,320,9,0,338,6,0,4269,3945,704,96,1,454,761,546,1255,"1307",705,340,0,550,1595,340,203,190,22,113,321,101,129,336,3,97,26,125,186,0,0,0,0,0,0,0,0,0,0,0,0,0,0,0,67,89,0,133,138,0,0,0,33,397,"16",170,0,0,19,0,19,0,0,0,0,0,0,0,4,0,5372,4483,362,"Madhesh Province","Rautahat","Rural Municipality","Yamunamai Rural Municipality"
"240",20615,"Rural Municipality","Province 2","Rautahat","Durga Bhagawati Rural Municipality",606,495,385,376,319,204,266,108,398,23,116,10,90,6,416,13,0,772,17,0,2709,2501,442,104,0,523,533,465,1069,"998",670,112,0,425,1207,112,349,172,37,59,650,1,202,250,0,6,116,25,120,0,0,0,0,0,0,0,0,0,0,0,0,0,0,0,113,47,0,168,85,0,0,0,32,378,"15",96,0,0,35,0,3,2,0,1,1,43,75,0,0,0,6788,5993,349,"Madhesh Province","Rautahat","Rural Municipality","Durga Bhagawati Rural Municipality"
"241",20616,"Municipality ","Province 2","Rautahat","Rajdevi Municipality",772,774,669,664,683,465,507,217,426,109,289,24,244,0,428,44,11,466,42,0,3972,3314,1011,199,1,1604,1067,1519,2815,"2586",1207,312,7,1548,3074,319,222,553,94,131,598,43,422,457,5,80,183,11,204,0,0,0,0,0,0,0,0,0,0,0,0,0,0,0,77,169,3,223,2321,0,0,0,57,558,"26",183,0,0,0,1,7,7,7,0,0,14,14,0,1,0,10192,8567,360,"Madhesh Province","Rautahat","Municipality ","Rajdevi Municipality"
"242",20617,"Municipality ","Province 2","Rautahat","Gaur Municipality",2261,2467,2380,2368,842,736,1162,906,348,666,108,9,108,205,254,9,0,245,6,0,0,0,137,41,5,41,119,41,224,"160",165,21,9,49,244,30,173,113,13,408,1285,53,151,238,0,0,2100,0,0,0,0,0,0,0,1,16,0,15,0,0,0,0,0,0,28,2,1,29,272,0,0,0,60,650,"8",93,1142,24,0,0,2,0,0,2,1,2,2,0,0,0,18475,16395,352,"Madhesh Province","Rautahat","Municipality ","Gaur Municipality"
"243",20618,"Municipality ","Province 2","Rautahat","Ishanath Municipality",1421,1452,987,970,737,502,670,307,798,225,283,24,264,0,430,13,0,432,17,0,5950,5628,1087,110,0,1172,907,1273,2369,"2180",1124,215,31,782,2152,246,381,275,20,64,716,12,112,732,0,230,94,91,297,0,0,0,0,0,0,0,0,0,0,0,0,0,0,0,47,12,0,250,199,0,0,0,46,590,"23",237,0,0,0,0,17,5,4,0,0,0,0,0,1,0,7244,6380,354,"Madhesh Province","Rautahat","Municipality ","Ishanath Municipality"
"244",20701,"Municipality ","Province 2","Bara","Nijagadh Municipality",738,762,725,725,743,614,732,329,245,866,181,15,168,0,652,33,2,383,42,1,2423,2287,122,2,0,233,80,186,357,"266",192,36,0,284,512,36,32,47,17,202,618,27,137,350,98,2,47,0,103,0,0,0,0,0,0,0,0,0,0,0,0,0,1,1,98,301,134,234,175,0,0,0,25,317,"11",69,0,0,0,4,87,48,29,0,0,355,355,4,3,8,8051,5665,372,"Madhesh Province","Bara","Municipality ","Nijagadh Municipality"
"245",20702,"Municipality ","Province 2","Bara","Kolhabi Municipality",775,726,657,644,607,586,707,339,316,550,403,34,398,5,950,106,33,628,70,76,3037,2666,370,59,0,850,369,791,1279,"1160",610,61,0,1335,2006,61,57,145,73,201,692,51,270,329,0,73,207,4,250,0,0,0,0,0,0,0,0,55,0,0,0,0,0,0,82,50,60,394,203,0,0,0,63,752,"19",202,0,0,0,3,63,41,33,0,0,410,410,12,19,28,12135,10718,370,"Madhesh Province","Bara","Municipality ","Kolhabi Municipality"
"246",20703,"Sub-Metropolitan City","Province 2","Bara","Jitpur Simara Sub-Metropolitan City",2324,2494,2397,2396,2126,1768,2160,663,1111,2250,525,44,457,0,2581,67,12,1594,103,5,13473,11828,920,93,0,2197,1119,1999,3210,"3118",1124,396,25,3717,5262,421,662,1347,429,368,1866,150,814,907,6,10,80,0,54,0,0,0,0,0,0,4,0,47,0,0,0,0,0,0,354,1050,378,948,296,0,0,0,78,1166,"28",205,0,0,0,4,175,96,88,0,0,836,836,7,9,10,23123,18415,367,"Madhesh Province","Bara","Sub-Metropolitan City","Jitpur Simara Sub-Metropolitan City"
"247",20704,"Rural Municipality","Province 2","Bara","Parawanipur Rural Municipality",517,533,465,465,463,354,411,88,220,422,205,17,200,0,525,16,22,168,11,6,3313,2959,413,43,0,614,514,579,1070,"1093",362,78,0,508,948,78,294,249,49,112,363,12,41,77,0,0,5,0,42,0,0,0,0,0,0,1,0,7,0,0,0,1,0,1,36,38,0,168,112,0,0,0,36,401,"11",128,0,0,0,0,19,15,14,0,0,97,97,4,2,1,6957,5405,374,"Madhesh Province","Bara","Rural Municipality","Parawanipur Rural Municipality"
"248",20705,"Rural Municipality","Province 2","Bara","Prasauni Rural Municipality",393,392,425,429,362,330,398,89,189,408,192,16,174,0,125,0,23,179,1,24,1011,907,357,43,0,305,326,309,705,"635",239,38,0,686,963,38,39,135,9,38,270,1,52,74,0,0,3,0,16,0,0,0,0,0,0,0,0,0,0,0,0,0,0,0,17,37,1,125,95,0,0,0,27,299,"8",69,0,0,0,0,25,8,7,0,0,54,54,1,0,0,6225,5278,376,"Madhesh Province","Bara","Rural Municipality","Prasauni Rural Municipality"
"249",20706,"Rural Municipality","Province 2","Bara","Bishrampur Rural Municipality",522,563,464,464,453,412,423,104,225,283,165,14,135,1,640,136,68,494,92,68,3114,2906,283,189,0,476,766,476,948,"1242",484,97,0,1454,2035,97,54,74,16,1,473,0,369,354,0,19,1,2,21,0,0,0,0,0,0,0,0,0,0,0,0,0,0,0,36,0,1,199,113,0,0,0,36,374,"11",94,0,0,0,5,25,3,3,0,0,53,53,1,1,1,5196,3886,365,"Madhesh Province","Bara","Rural Municipality","Bishrampur Rural Municipality"
"250",20707,"Rural Municipality","Province 2","Bara","Pheta Rural Municipality",575,605,479,479,478,329,441,119,213,413,230,19,215,0,536,35,9,510,74,62,1876,1593,489,221,1,599,639,581,1310,"1220",697,40,10,654,1401,50,333,90,84,72,238,12,103,134,16,15,1,4,9,0,0,2,0,0,0,0,6,0,0,1,0,1,0,2,41,0,0,101,162,0,0,0,35,388,"11",112,0,0,0,7,25,18,16,0,0,217,217,1,0,2,10321,10639,375,"Madhesh Province","Bara","Rural Municipality","Pheta Rural Municipality"
"251",20708,"Sub-Metropolitan City","Province 2","Bara","Kalaiya Sub-Metropolitan City",3096,2896,2642,2639,2362,1910,2454,694,1642,1904,938,78,839,842,1610,52,5,948,35,1,19487,15084,1303,181,0,1245,1354,1099,2729,"2453",1356,270,6,1652,3284,276,373,344,173,229,1861,17,246,478,0,9,4012,2,100,0,0,0,0,0,0,6,2,49,22,0,0,0,0,0,185,32,3944,630,409,0,0,0,142,1180,"31",315,570,6,0,0,91,39,36,1,0,382,382,3,5,6,26669,21574,368,"Madhesh Province","Bara","Sub-Metropolitan City","Kalaiya Sub-Metropolitan City"
"252",20709,"Rural Municipality","Province 2","Bara","Karaiyamai Rural Municipality",617,592,559,562,586,547,698,254,364,749,304,25,294,38,399,52,27,281,40,47,3401,3024,539,22,0,865,886,728,1426,"1614",500,117,1,1574,2192,118,185,161,67,118,617,17,201,187,19,0,201,15,25,0,0,0,0,0,0,0,0,0,0,0,0,0,0,0,80,64,5,387,119,0,0,0,50,572,"15",132,0,0,0,0,47,25,20,0,0,275,275,3,1,1,8180,6083,369,"Madhesh Province","Bara","Rural Municipality","Karaiyamai Rural Municipality"
"253",20710,"Rural Municipality","Province 2","Bara","Baragadhi Rural Municipality",681,660,591,588,654,513,656,207,349,559,310,26,299,0,313,37,15,240,38,16,3231,2846,832,88,0,1032,845,889,1952,"1734",960,131,32,1564,2687,163,292,277,133,68,360,5,93,242,0,7,0,0,9,0,0,0,0,0,0,0,0,0,0,0,0,2,0,2,19,0,0,156,171,0,0,0,51,585,"14",128,0,0,0,4,43,20,14,0,0,120,120,4,1,2,13713,11641,364,"Madhesh Province","Bara","Rural Municipality","Baragadhi Rural Municipality"
"254",20711,"Rural Municipality","Province 2","Bara","Aadarsha Kotwal Rural Municipality",731,712,597,597,622,517,733,251,532,569,268,22,240,0,406,22,16,215,17,14,2012,1823,485,250,3,664,773,619,1402,"1392",522,111,7,960,1600,118,279,217,146,81,465,8,328,324,0,221,4,29,161,0,2,0,0,0,0,0,0,0,0,0,0,0,0,0,55,66,12,152,94,0,0,0,44,517,"20",223,0,0,0,0,31,11,10,0,0,70,70,8,2,8,12574,11555,363,"Madhesh Province","Bara","Rural Municipality","Aadarsha Kotwal Rural Municipality"
"255",20712,"Municipality ","Province 2","Bara","Simroungadh Municipality",1308,1234,1061,1028,1056,846,1114,368,854,2189,414,35,377,19,985,121,36,382,78,20,3412,2978,1190,101,4,1215,1439,1173,2510,"2612",826,114,4,3467,4411,118,1196,799,370,456,997,66,210,313,6,10,459,74,83,0,0,0,0,0,0,0,0,0,0,0,0,0,0,0,98,108,2,255,206,0,0,0,69,718,"24",154,0,0,0,1,41,27,19,0,0,61,61,10,17,1,13233,11878,377,"Madhesh Province","Bara","Municipality ","Simroungadh Municipality"
"256",20713,"Municipality ","Province 2","Bara","Pacharauta Municipality",918,879,759,741,616,467,622,239,681,671,382,32,361,11,681,74,12,473,44,11,2148,2004,850,116,0,812,1095,776,1778,"1871",955,59,0,643,1657,59,186,218,43,132,650,37,257,120,0,0,169,0,81,0,0,0,0,0,0,0,0,0,0,0,0,1,1,2,24,22,1,143,152,0,0,0,60,654,"20",158,0,0,0,0,54,11,7,1,0,121,121,16,9,24,10575,9042,373,"Madhesh Province","Bara","Municipality ","Pacharauta Municipality"
"257",20714,"Municipality ","Province 2","Bara","Mahagadhimai Municipality",1204,1255,1199,1193,974,829,1113,303,697,1009,474,40,464,7,796,55,19,401,40,15,1649,1430,713,73,0,908,664,915,1694,"1579",564,138,0,1274,1976,138,231,322,100,217,701,19,142,184,4,3,660,0,262,0,0,0,0,0,0,6,0,67,0,0,0,1,0,1,42,228,12,218,227,0,0,0,71,789,"21",175,0,0,0,0,47,22,18,1,0,283,283,5,7,11,15379,14520,371,"Madhesh Province","Bara","Municipality ","Mahagadhimai Municipality"
"258",20715,"Rural Municipality","Province 2","Bara","Devtal Rural Municipality",477,438,411,411,370,291,343,126,247,305,225,19,207,0,224,53,6,240,45,20,1650,1512,306,67,0,732,272,568,1105,"840",295,112,2,622,1031,114,102,154,108,66,249,3,64,174,0,7,2,4,12,0,0,0,0,0,0,0,0,0,0,0,0,0,0,0,15,0,0,68,122,0,0,0,34,378,"11",108,0,0,0,3,20,8,5,0,0,78,78,0,0,0,5285,4754,366,"Madhesh Province","Bara","Rural Municipality","Devtal Rural Municipality"
"259",20716,"Rural Municipality","Province 2","Bara","Subarna Rural Municipality",872,898,739,720,617,498,681,207,507,457,352,29,324,0,738,100,37,638,77,43,4454,4000,640,78,0,1180,721,983,1898,"1704",594,113,0,1181,1888,113,221,203,55,171,508,48,171,63,0,6,0,0,0,0,0,0,0,0,0,0,0,0,0,0,0,2,0,2,45,32,1,97,200,0,0,0,52,567,"17",152,0,0,0,4,45,21,17,0,0,426,426,6,2,4,9205,8729,378,"Madhesh Province","Bara","Rural Municipality","Subarna Rural Municipality"
"260",20801,"Rural Municipality","Province 2","Parsa","Thori Rural Municipality",248,273,263,269,242,253,303,149,101,213,125,10,117,1,104,5,0,120,11,3,1080,985,134,82,0,191,169,200,407,"369",402,120,8,419,949,128,122,72,153,53,307,9,68,107,19,0,41,1,29,0,0,0,0,0,0,1,0,9,0,0,0,0,0,0,41,0,0,78,71,0,0,0,26,327,"11",88,0,0,0,0,41,26,28,0,0,31,31,0,0,0,4952,3602,393,"Madhesh Province","Parsa","Rural Municipality","Thori Rural Municipality"
"261",20802,"Rural Municipality","Province 2","Parsa","Jirabhawani Rural Municipality",377,408,376,376,309,324,349,149,246,402,180,15,167,1,423,24,4,322,43,9,3008,2457,271,38,0,338,386,222,647,"608",422,42,2,267,733,44,171,139,131,72,555,15,185,266,7,17,152,3,27,0,0,0,0,0,0,0,0,33,0,0,0,0,0,0,188,32,0,542,60,0,0,0,45,508,"15",134,0,0,0,22,21,27,17,0,0,7,9,1,1,2,7710,5305,386,"Madhesh Province","Parsa","Rural Municipality","Jirabhawani Rural Municipality"
"262",20803,"Rural Municipality","Province 2","Parsa","Jagarnathpur Rural Municipality",711,764,736,732,609,576,619,323,510,706,225,19,215,0,614,25,10,332,43,10,4754,4294,892,109,0,1304,891,1245,2305,"2136",929,195,5,1162,2291,200,353,211,99,53,433,11,201,343,1,0,125,0,68,0,0,0,0,0,0,0,0,0,0,0,0,0,0,0,34,119,0,89,181,0,0,0,51,603,"19",171,0,0,0,0,39,17,2,0,0,0,0,0,0,0,15902,13904,385,"Madhesh Province","Parsa","Rural Municipality","Jagarnathpur Rural Municipality"
"263",20804,"Rural Municipality","Province 2","Parsa","Paterwa Sugauli Rural Municipality",502,505,463,463,401,316,372,134,284,288,184,15,182,10,270,16,6,219,15,7,3146,2682,372,70,4,528,498,426,974,"924",508,107,23,441,1079,130,90,129,49,96,459,23,160,210,12,34,276,2,140,0,0,0,0,0,0,1,0,7,0,0,0,1,0,1,42,96,0,90,159,0,0,0,32,361,"16",95,0,0,0,0,19,20,18,0,0,10,10,1,4,3,8029,7642,390,"Madhesh Province","Parsa","Rural Municipality","Paterwa Sugauli Rural Municipality"
"264",20805,"Rural Municipality","Province 2","Parsa","Sakhuwa Prasauni Rural Municipality",807,791,829,825,680,687,649,279,513,771,255,21,254,5,601,28,10,336,12,5,3120,2845,347,107,0,1190,376,1058,1644,"1434",433,132,11,1051,1627,143,110,205,118,90,772,27,300,389,0,31,297,7,156,0,0,0,0,0,0,0,0,30,0,0,0,0,0,0,47,212,0,370,147,0,3,0,45,620,"20",220,0,0,0,0,80,37,26,1,0,100,85,4,1,5,9120,7093,392,"Madhesh Province","Parsa","Rural Municipality","Sakhuwa Prasauni Rural Municipality"
"265",20806,"Municipality ","Province 2","Parsa","Parsagadhi Municipality",774,803,737,742,717,555,672,242,420,520,270,23,268,27,711,42,2,430,65,13,3509,3172,461,221,8,796,676,799,1486,"1475",775,167,7,779,1728,174,315,450,140,125,940,35,468,681,9,45,233,0,69,0,0,0,0,0,0,0,0,3,0,0,0,0,0,0,0,11,0,74,130,0,0,0,43,468,"17",179,0,0,0,0,51,35,26,0,0,2,2,3,6,5,9825,8027,389,"Madhesh Province","Parsa","Municipality ","Parsagadhi Municipality"
"266",20807,"Metropolitan City","Province 2","Parsa","Birgunj Metropolitan City",6662,6320,5557,5452,5139,3769,4828,1171,2171,4513,886,74,910,396,4162.5,128,20,2675,121,8,13534,12134,1758,635,9,2558,2998,2192,4960,"5190",2074,395,11,2380,4860,406,1734,3466,473,1264,4724,485,1273,726,13,13,9080,1,781,0,0,0,0,0,0,61,89,485,1101,0,0,0,0,0,1367,3171,1987,1937,719,0,5,133,167,1511,"58",552,188,21,16,11,353,122,95,3,0,3,3,20,19,27,51181,43949,382,"Madhesh Province","Parsa","Metropolitan City","Birgunj Metropolitan City"
"267",20808,"Municipality ","Province 2","Parsa","Bahudarmai Municipality",863,871,829,829,768,579,756,165,470,975,373,31,367,2,419,20,10,125,4,6,5851,5331,550,159,0,934,609,810,1643,"1419",579,93,24,680,1376,117,315,274,25,102,493,2,86,163,0,4,44,2,4,0,0,0,0,0,0,0,0,13,0,0,0,0,0,0,40,19,0,159,162,0,8,0,59,645,"19",200,0,0,0,0,41,16,13,0,0,29,29,1,0,0,13199,12557,380,"Madhesh Province","Parsa","Municipality ","Bahudarmai Municipality"
"268",20809,"Municipality ","Province 2","Parsa","Pokhariya Municipality",791,775,742,735,662,588,569,179,440,557,317,26,299,277,664,18,14,429,17,12,4116,3835,618,145,13,1463,847,1135,2239,"1982",782,242,7,795,1826,249,279,214,48,243,742,24,287,724,303,2,730,27,30,0,0,0,0,0,0,0,0,81,2,0,0,1,0,1,65,0,0,128,132,0,0,0,45,548,"21",186,0,0,8,22,40,12,10,0,0,361,361,8,10,22,15764,15488,391,"Madhesh Province","Parsa","Municipality ","Pokhariya Municipality"
"269",20810,"Rural Municipality","Province 2","Parsa","Kalikamai Rural Municipality",500,482,447,448,413,354,402,106,339,357,287,24,227,8,337,13,3,143,15,0,3869,3599,355,149,0,513,463,571,1017,"1034",426,137,5,431,999,142,135,152,29,86,436,29,84,190,0,0,268,8,91,0,0,0,0,0,0,1,0,64,0,0,0,0,0,0,31,12,0,110,144,0,0,0,43,470,"14",110,0,0,0,0,30,16,9,0,0,3,3,2,3,7,8444,8063,387,"Madhesh Province","Parsa","Rural Municipality","Kalikamai Rural Municipality"
"270",20811,"Rural Municipality","Province 2","Parsa","Dhobini Rural Municipality",442,495,432,443,357,229,346,126,278,140,208,17,198,1,267,16,2,508,2,0,3253,2265,239,132,4,519,496,514,894,"1010",379,83,0,340,802,83,212,206,87,51,281,12,95,128,17,3,83,0,61,0,0,0,0,0,0,0,0,0,0,0,0,0,0,0,15,7,0,58,156,0,0,0,38,394,"14",169,0,0,0,0,23,6,4,0,0,0,0,1,0,1,6683,6863,384,"Madhesh Province","Parsa","Rural Municipality","Dhobini Rural Municipality"
"271",20812,"Rural Municipality","Province 2","Parsa","Chhipaharmai Rural Municipality",578,664,591,584,493,479,519,287,291,488,162,14,162,0,319,0,0,306,2,0,3739,3160,625,81,8,799,733,778,1513,"1511",653,163,1,888,1705,164,277,385,100,75,328,4,11,126,5,18,13,11,25,0,0,0,0,0,0,0,0,0,0,0,0,0,0,0,15,25,0,128,144,0,0,0,45,491,"17",121,0,0,0,0,29,22,8,0,0,0,0,0,0,3,6071,6925,383,"Madhesh Province","Parsa","Rural Municipality","Chhipaharmai Rural Municipality"
"272",20813,"Rural Municipality","Province 2","Parsa","Pakaha Mainpur Rural Municipality",432,463,417,419,346,402,436,153,247,247,278,23,263,0,252,28,10,210,22,1,2581,2287,301,167,1,1005,449,894,1474,"1343",342,185,9,1078,1614,194,214,287,45,51,376,4,87,166,0,16,73,50,55,0,0,0,0,0,0,0,0,0,0,0,0,0,0,0,19,70,0,120,113,0,0,0,44,512,"18",136,0,0,0,0,26,2,1,0,0,0,0,4,1,1,7444,7564,388,"Madhesh Province","Parsa","Rural Municipality","Pakaha Mainpur Rural Municipality"
"273",20814,"Rural Municipality","Province 2","Parsa","Bindabasini Rural Municipality",536,574,553,543,455,399,498,108,289,442,165,14,162,1,633,98,31,329,80,28,2727,2567,337,181,4,648,394,616,1170,"1010",331,77,2,671,1081,79,112,146,57,69,281,32,165,323,0,22,0,10,24,0,0,0,0,0,0,0,0,0,0,0,0,0,0,0,19,0,0,91,96,0,4,0,32,365,"13",143,0,0,0,0,31,16,11,0,0,0,0,0,6,3,6022,5764,381,"Madhesh Province","Parsa","Rural Municipality","Bindabasini Rural Municipality"
"274",30101,"Rural Municipality","Province 3","Dolakha","Gaurishankar Rural Municipality",220,261,252,250,215,190,234,75,96,266,255,21,254,5,208,4,0,145,2,1,1224,1116,214,29,0,1139,233,912,1382,"1145",527,110,2,1251,1890,112,118,15,16,32,174,12,99,104,7,1,78,1,21,0,0,0,0,0,0,0,0,0,0,1,0,0,1,2,37,171,58,342,70,0,0,0,128,1264,"18",209,0,0,0,13,4,1,1,0,0,0,0,0,0,0,7883,7008,249,"Bagmati Province","Dolakha","Rural Municipality","Gaurishankar Rural Municipality"
"275",30102,"Rural Municipality","Province 3","Dolakha","Bigu Rural Municipality",283,314,327,328,322,317,361,155,128,321,265,22,265,4,518,0,1,499,0,0,1322,1182,539,27,0,1639,514,1557,2205,"2071",1105,405,0,2650,4160,405,394,4,22,56,235,25,116,147,10,2,126,0,70,0,0,0,0,0,0,0,0,14,0,0,0,2,0,2,132,299,140,435,126,0,0,0,133,1273,"21",241,0,0,0,6,12,3,1,0,0,0,0,0,0,0,11820,9958,248,"Bagmati Province","Dolakha","Rural Municipality","Bigu Rural Municipality"
"276",30103,"Rural Municipality","Province 3","Dolakha","Kalinchowk Rural Municipality",360,429,404,401,378,369,445,130,170,419,201,17,201,7,402,1,6,172,0,0,1960,1751,446,197,0,1117,570,672,1760,"1242",1091,220,0,1609,2920,220,212,34,33,57,324,24,212,234,11,3,200,8,111,0,0,0,0,0,0,1,0,17,0,0,0,1,0,1,193,442,11,526,110,0,0,0,200,1528,"17",188,0,0,9,21,21,8,2,0,0,0,0,0,0,0,13816,10670,251,"Bagmati Province","Dolakha","Rural Municipality","Kalinchowk Rural Municipality"
"277",30104,"Rural Municipality","Province 3","Dolakha","Baitedhar Rural Municipality",264,278,308,310,284,256,290,104,132,318,155,13,135,5,384,0,3,178,5,0,1249,783,165,29,0,397,174,238,591,"412",461,57,1,978,1497,58,85,7,24,66,217,15,160,165,0,1,93,0,62,0,0,0,0,0,0,1,0,4,0,0,0,1,0,1,31,104,16,326,75,0,0,0,151,1331,"10",115,0,0,0,7,11,2,2,0,0,0,0,0,0,0,11042,8390,246,"Bagmati Province","Dolakha","Rural Municipality","Baiteshwor Rural Municipality"
"278",30105,"Municipality ","Province 3","Dolakha","Jiri Municipality",257,259,247,250,245,199,240,131,108,217,188,16,168,18,291,0,0,153,0,0,1039,942,932,45,0,184,975,154,1161,"1129",1410,123,2,181,1716,125,202,3,31,50,355,16,186,330,0,0,310,0,292,0,0,0,0,0,0,5,0,47,0,0,0,0,0,0,34,70,11,409,108,0,0,0,99,792,"11",118,0,0,0,23,14,3,3,0,0,0,0,0,0,0,13088,10145,250,"Bagmati Province","Dolakha","Municipality ","Jiri Municipality"
"279",30106,"Rural Municipality","Province 3","Dolakha","Tamakoshi Rural Municipality",219,279,263,263,239,252,289,105,94,279,248,21,252,0,242,0,1,311,0,0,1224,1099,235,98,0,1400,337,1316,1733,"1653",558,213,10,2380,3161,223,191,10,8,47,168,28,116,140,1,1,99,0,37,0,0,0,0,0,0,1,0,3,0,0,0,0,0,0,52,178,36,376,61,0,0,0,142,1578,"15",174,0,0,0,9,2,3,2,0,0,0,0,0,0,0,11202,9180,254,"Bagmati Province","Dolakha","Rural Municipality","Tamakoshi Rural Municipality"
"280",30107,"Rural Municipality","Province 3","Dolakha","Melung Rural Municipality",204,259,227,228,221,183,230,118,129,196,175,15,178,2,261,0,0,94,0,0,1383,1271,123,60,0,782,168,782,965,"950",499,169,0,935,1603,169,146,3,13,56,176,30,134,172,0,12,61,2,40,0,0,0,0,0,0,0,0,0,0,0,0,0,0,0,71,58,2,357,94,0,0,0,157,1560,"13",150,0,0,0,0,7,2,1,0,0,0,0,0,0,0,6064,3924,252,"Bagmati Province","Dolakha","Rural Municipality","Melung Rural Municipality"
"281",30108,"Rural Municipality","Province 3","Dolakha","Shailung Rural Municipality",228,285,267,266,237,220,288,116,102,200,212,18,209,10,302,1,0,170,1,0,1274,1146,105,42,0,476,145,362,623,"507",339,92,10,4546,4987,102,97,16,13,55,229,20,115,151,5,1,109,6,67,0,0,0,0,0,0,0,0,4,0,0,0,1,0,1,47,308,30,338,73,0,0,0,150,1275,"16",179,0,0,0,0,16,1,0,0,0,0,0,0,0,0,6982,5207,253,"Bagmati Province","Dolakha","Rural Municipality","Shailung Rural Municipality"
"282",30109,"Municipality ","Province 3","Dolakha","Bhimeshwor Municipality",595,671,648,646,560,480,589,327,376,494,270,23,259,35,624,1,2,557,4,0,2831,2548,367,75,1,1563,427,1185,2006,"1612",1050,286,7,1736,3079,293,180,45,9,105,650,72,676,753,1,0,846,0,69,0,0,0,0,0,0,12,6,290,55,0,0,1,3,4,120,632,180,755,291,0,1,0,130,1088,"13",135,2209,5,2,1,22,12,11,0,0,0,0,0,0,0,38475,32911,247,"Bagmati Province","Dolakha","Municipality ","Bhimeshwor Municipality"
"283",30201,"Rural Municipality","Province 3","Sindhupalchok","Bhotekoshi Rural Municipality",146,184,186,190,153,135,210,68,60,155,161,13,154,4,169,0,0,87,0,0,880,810,84,17,0,529,112,426,630,"538",417,78,1,575,1071,79,117,14,9,30,96,7,51,66,6,1,24,2,10,0,0,0,0,0,0,0,0,0,0,0,0,3,0,3,56,230,18,375,27,0,0,0,33,292,"12",134,0,0,0,4,6,3,4,0,0,0,0,0,0,0,5950,4346,257,"Bagmati Province","Sindhupalchok","Rural Municipality","Bhotekoshi Rural Municipality"
"284",30202,"Rural Municipality","Province 3","Sindhupalchok","Jugal Rural Municipality",342,378,340,315,358,337,446,119,124,322,60,5,30,1,540,8,0,220,14,0,1498,1340,412,89,0,814,492,689,1315,"1181",515,197,0,754,1466,197,386,39,115,45,252,8,84,91,23,8,46,2,4,0,0,1,0,0,0,0,0,0,0,0,0,10,0,10,61,323,52,483,77,0,0,0,52,556,"17",168,0,0,0,0,14,6,2,0,0,0,0,0,0,0,8362,8096,261,"Bagmati Province","Sindhupalchok","Rural Municipality","Jugal Rural Municipality"
"285",30203,"Rural Municipality","Province 3","Sindhupalchok","Panchpokhari Thangpal Rural Municipality",374,396,411,367,376,349,436,144,144,400,244,20,203,1,484,2,2,323,3,1,1618,1383,459,106,0,468,604,422,1033,"1026",771,272,0,515,1558,272,259,49,288,77,418,25,278,309,29,12,110,6,31,0,0,0,0,0,0,0,0,0,0,1,0,2,0,3,78,704,213,444,107,3,0,0,72,699,"13",126,0,0,0,0,7,4,5,0,0,0,0,0,0,0,17577,16128,264,"Bagmati Province","Sindhupalchok","Rural Municipality","Panchpokhari Thangpal Rural Municipality"
"286",30204,"Rural Municipality","Province 3","Sindhupalchok","Helambu Rural Municipality",209,248,283,277,303,275,370,31,28,340,162,14,160,0,346,8,0,162,1,0,1274,1119,259,9,0,474,291,504,742,"795",546,93,2,772,1413,95,88,7,17,13,114,0,19,23,2,2,4,1,0,0,0,0,0,0,0,0,0,0,0,1,1,5,0,7,60,297,25,325,72,0,0,0,45,473,"15",153,0,0,0,1,13,5,7,0,0,0,0,0,0,0,7356,6884,259,"Bagmati Province","Sindhupalchok","Rural Municipality","Helambu Rural Municipality"
"287",30205,"Municipality ","Province 3","Sindhupalchok","Melanchi Municipality",545,773,724,695,696,515,743,327,324,542,403,34,384,23,787,6,1,531,7,1,3339,2952,392,51,1,1431,424,1378,1875,"1802",862,380,3,1816,3061,383,358,44,67,188,809,68,325,392,108,2,224,0,30,0,0,0,0,0,0,8,0,99,2,1,0,3,1,5,161,1034,304,809,212,0,0,0,95,1062,"31",307,0,0,0,0,12,4,2,0,0,0,0,0,0,0,26254,20633,263,"Bagmati Province","Sindhupalchok","Municipality ","Melanchi Municipality"
"288",30206,"Rural Municipality","Province 3","Sindhupalchok","Indrawoti Rural Municipality",339,472,473,400,431,368,450,232,130,406,232,19,223,10,665,12,2,289,5,1,1917,1493,289,79,0,472,355,449,840,"804",591,311,4,1002,1908,315,307,35,120,88,347,46,171,226,13,1,187,5,104,0,0,0,0,0,0,0,0,0,0,0,0,4,0,4,68,597,21,606,196,0,0,0,63,659,"22",223,0,0,0,0,13,4,4,0,0,0,0,0,0,0,12373,9652,260,"Bagmati Province","Sindhupalchok","Rural Municipality","Indrawoti Rural Municipality"
"289",30207,"Municipality ","Province 3","Sindhupalchok","Choutara Sangachowkgadhi Municipality",438,714,653,644,692,621,779,214,244,589,360,30,343,1,779,11,8,442,21,7,3050,2838,423,151,0,1614,832,1361,2188,"2193",1107,315,11,3538,4971,326,476,79,196,110,632,53,361,374,4,1,189,0,12,0,0,0,0,0,0,3,0,11,0,0,0,4,0,4,124,589,29,554,195,0,0,0,86,941,"32",297,93,7,0,0,18,62,99,0,0,0,0,0,0,0,28322,22067,258,"Bagmati Province","Sindhupalchok","Municipality ","Choutara Sangachowkgadhi Municipality"
"290",30208,"Rural Municipality","Province 3","Sindhupalchok","Balephi Rural Municipality",213,294,266,265,286,222,312,108,78,198,106,9,95,3,291,6,0,266,3,0,1176,1003,386,36,0,670,470,643,1092,"1113",556,138,2,627,1323,140,130,28,25,33,142,6,47,73,3,0,83,1,5,0,0,0,0,0,0,0,0,0,0,0,0,4,0,4,32,317,1,329,31,0,0,0,35,407,"12",121,0,0,0,1,4,4,5,0,0,0,0,0,0,0,8921,6867,255,"Bagmati Province","Sindhupalchok","Rural Municipality","Balephi Rural Municipality"
"291",30209,"Municipality ","Province 3","Sindhupalchok","Bahrabise Municipality",341,476,441,437,436,375,524,162,137,425,189,16,187,0,529,1,13,363,8,0,1813,1888,304,5,0,800,324,571,1109,"895",645,218,7,1148,2018,225,175,91,110,59,330,16,152,190,7,7,81,3,12,0,0,0,0,0,0,1,0,11,0,0,0,3,0,3,90,705,263,840,104,0,6,0,54,614,"18",191,0,0,0,14,27,9,8,0,0,0,0,0,0,0,11292,8695,256,"Bagmati Province","Sindhupalchok","Municipality ","Bahrabise Municipality"
"292",30210,"Rural Municipality","Province 3","Sindhupalchok","Tripurasundari Rural Municipality",117,172,160,157,189,173,220,102,61,198,145,12,138,1,242,2,0,302,3,0,960,857,259,65,0,401,334,376,725,"710",624,274,7,964,1869,281,308,30,37,37,111,20,69,88,2,2,25,3,28,0,0,0,0,0,0,0,0,0,0,0,0,3,0,3,70,462,1,464,59,0,0,0,51,576,"16",187,0,0,0,1,6,4,2,0,0,0,0,0,0,0,9490,7019,266,"Bagmati Province","Sindhupalchok","Rural Municipality","Tripurasundari Rural Municipality"
"293",30211,"Rural Municipality","Province 3","Sindhupalchok","Lisankhu Pakhar Rural Municipality",143,199,182,178,202,162,206,90,50,178,144,12,133,0,293,1,0,208,5,0,837,753,131,33,1,599,160,552,764,"712",479,69,0,850,1398,69,64,16,31,17,149,11,115,128,3,0,64,1,32,0,0,0,0,0,0,0,0,0,0,0,0,0,0,0,44,384,62,278,104,0,0,0,53,647,"17",178,0,0,0,0,23,3,2,0,0,0,0,0,0,0,8519,6645,262,"Bagmati Province","Sindhupalchok","Rural Municipality","Lisankhu Pakhar Rural Municipality"
"294",30212,"Rural Municipality","Province 3","Sindhupalchok","Sunkoshi Rural Municipality",122,223,190,192,187,184,235,97,79,153,127,11,117,0,250,3,2,183,5,3,1167,1084,130,10,0,556,156,512,696,"668",252,61,0,977,1290,61,42,3,47,41,154,25,104,135,14,1,20,0,23,0,0,0,0,0,0,0,0,0,0,0,0,2,0,2,62,256,1,319,75,0,0,0,53,612,"14",152,0,0,0,0,9,4,5,0,0,0,0,0,0,0,9590,7644,265,"Bagmati Province","Sindhupalchok","Rural Municipality","Sunkoshi Rural Municipality"
"295",30301,"Rural Municipality","Province 3","Rasuwa","Gosaikunda Rural Municipality",153,177,198,192,211,199,230,125,17,211,217,18,169,0,228,0,1,168,2,0,722,576,223,40,1,435,282,442,699,"724",504,130,2,367,1003,132,116,1,21,30,191,6,102,106,0,1,61,12,37,0,0,0,0,0,0,0,0,0,0,0,0,1,0,1,43,612,94,186,82,17,22,0,54,472,"13",117,85,0,0,0,7,5,5,0,0,0,0,0,0,0,8035,7774,315,"Bagmati Province","Rasuwa","Rural Municipality","Gosaikunda Rural Municipality"
"296",30302,"Rural Municipality","Province 3","Rasuwa","Parbatikunda Rural Municipality",128,164,134,131,115,99,127,78,11,108,132,11,109,0,159,0,1,92,0,0,641,553,222,8,0,399,253,358,629,"611",270,63,4,300,637,67,60,0,8,12,89,8,47,54,1,6,38,6,40,1,0,1,0,0,0,0,0,0,0,0,0,0,0,0,15,278,36,106,48,0,0,0,34,385,"11",103,0,0,0,0,3,2,2,0,0,0,0,0,0,0,3892,3697,318,"Bagmati Province","Rasuwa","Rural Municipality","Parbatikunda Rural Municipality"
"297",30303,"Rural Municipality","Province 3","Rasuwa","Uttargaya Rural Municipality",109,152,164,164,151,124,143,100,8,143,109,9,99,1,188,7,3,76,14,6,732,655,222,53,0,515,257,515,790,"772",408,96,1,467,972,97,108,0,4,19,126,13,74,90,5,0,28,0,29,0,0,0,0,0,0,0,0,0,0,0,0,1,0,1,18,287,44,82,143,0,0,0,42,602,"5",50,0,0,0,0,7,1,1,0,0,0,0,0,0,0,5250,4716,319,"Bagmati Province","Rasuwa","Rural Municipality","Uttargaya Rural Municipality"
"298",30304,"Rural Municipality","Province 3","Rasuwa","Kalika Rural Municipality",140,192,179,179,166,148,191,149,12,165,91,8,91,4,237,2,1,111,2,5,862,761,94,17,0,681,110,664,792,"774",352,118,0,894,1364,118,119,0,0,23,186,6,106,111,0,0,50,0,49,0,0,0,0,0,0,0,0,4,0,0,0,2,0,2,8,256,23,95,76,0,0,0,53,592,"4",41,0,0,0,0,9,4,4,0,0,0,0,0,0,0,5809,5304,316,"Bagmati Province","Rasuwa","Rural Municipality","Kalika Rural Municipality"
"299",30305,"Rural Municipality","Province 3","Rasuwa","Naukunda Rural Municipality",267,274,280,282,255,238,261,184,48,253,134,11,130,0,321,1,1,254,5,4,1089,940,364,3,0,959,372,868,1326,"1240",387,96,4,834,1321,100,99,0,3,44,197,12,81,92,4,0,52,0,23,0,0,1,0,0,0,0,0,0,0,1,0,3,0,4,32,243,25,142,76,0,0,0,60,566,"7",75,0,0,0,0,3,3,3,0,0,0,0,0,0,0,5465,5069,317,"Bagmati Province","Rasuwa","Rural Municipality","Naukunda Rural Municipality"
"300",30401,"Rural Municipality","Province 3","Dhading","Rubi Valley Rural Municipality",157,165,167,158,186,158,193,74,46,196,112,9,111,2,193,1,0,39,0,0,871,746,410,42,0,261,480,262,713,"742",399,85,1,138,623,86,182,9,697,55,104,22,105,124,9,0,125,0,60,0,0,0,0,0,0,0,0,0,0,1,0,1,0,2,61,233,80,275,41,0,0,0,28,1312,"7",79,0,0,0,0,3,0,1,0,0,0,0,0,0,0,6297,3860,329,"Bagmati Province","Dhading","Rural Municipality","Rubi Valley Rural Municipality"
"301",30402,"Rural Municipality","Province 3","Dhading","Khaniyabas Rural Municipality",168,206,192,192,196,140,190,122,44,182,145,12,126,0,217,0,0,127,0,0,475,500,235,15,0,300,362,281,550,"643",175,94,7,96,372,101,32,2,0,80,127,21,56,69,25,0,39,0,15,0,0,0,0,0,0,6,0,9,0,0,0,2,0,2,174,33,58,208,107,0,0,0,27,300,"10",105,0,0,0,0,8,1,2,0,0,0,0,0,0,0,5535,3762,326,"Bagmati Province","Dhading","Rural Municipality","Khaniyabas Rural Municipality"
"302",30403,"Rural Municipality","Province 3","Dhading","Ganga Jamuna Rural Municipality",257,293,309,301,291,255,334,200,53,292,223,19,219,4,367,0,0,304,2,0,1585,1364,211,49,1,718,287,713,979,"1000",628,123,1,940,1692,124,117,6,33,71,206,45,127,175,7,0,136,0,29,0,0,1,0,0,0,0,0,0,0,0,0,0,1,1,134,241,39,350,160,0,0,0,45,535,"18",196,0,0,1,1,9,3,2,0,0,0,0,0,0,0,11713,8919,324,"Bagmati Province","Dhading","Rural Municipality","Ganga Jamuna Rural Municipality"
"303",30404,"Rural Municipality","Province 3","Dhading","Tripurasundari Rural Municipality",253,359,338,335,370,315,415,130,144,338,252,21,243,10,444,5,1,290,3,1,1885,1612,286,67,0,424,304,415,777,"719",420,232,5,1100,1757,237,284,10,14,66,285,29,207,236,0,0,252,0,22,0,0,0,0,0,0,4,0,77,2,0,0,0,0,0,112,255,125,367,219,5,0,0,47,542,"13",148,0,0,0,7,16,0,0,0,0,21,21,0,0,0,10614,9171,332,"Bagmati Province","Dhading","Rural Municipality","Tripurasundari Rural Municipality"
"304",30405,"Rural Municipality","Province 3","Dhading","Netrawati Rural Municipality",125,174,148,148,169,138,193,140,66,196,145,12,141,0,180,0,0,175,0,0,845,770,161,25,0,272,256,260,458,"516",241,54,0,310,605,54,108,7,40,45,126,39,76,107,9,0,55,0,23,0,0,0,0,0,0,1,0,7,0,0,0,0,0,0,78,138,22,182,153,0,0,0,28,295,"9",81,0,0,0,1,11,4,4,0,0,0,0,0,0,0,5768,4794,327,"Bagmati Province","Dhading","Rural Municipality","Netrawati Rural Municipality"
"305",30406,"Municipality ","Province 3","Dhading","Nilkhantha Municipality",954,1181,1079,1054,961,922,1136,799,298,1026,456,38,422,14,1027,1,81,1064,0,1,2833,2542,491,21,0,1624,616,1608,2136,"2224",800,339,0,1521,2660,339,345,40,67,206,1114,92,681,698,23,1,794,0,47,0,0,0,0,0,0,3,1,211,77,0,0,3,0,3,172,961,599,685,315,0,0,0,63,721,"23",229,3,1,0,4,40,15,10,0,0,0,0,0,0,0,42399,33512,328,"Bagmati Province","Dhading","Municipality ","Nilkhantha Municipality"
"306",30407,"Rural Municipality","Province 3","Dhading","Jwalamukhi Rural Municipality",300,399,390,390,371,313,388,161,135,382,264,22,250,6,361,0,2,390,17,8,1977,1772,479,80,1,667,654,667,1227,"1321",729,722,4,871,2326,726,668,3,20,76,344,56,252,305,0,0,236,0,148,0,0,0,0,0,0,1,0,16,0,0,0,4,1,5,161,583,207,508,288,0,0,0,39,471,"18",222,31,0,0,1,14,11,7,0,0,0,0,1,0,1,12512,8372,325,"Bagmati Province","Dhading","Rural Municipality","Jwalamukhi Rural Municipality"
"307",30408,"Rural Municipality","Province 3","Dhading","Siddhalek Rural Municipality",287,311,327,327,327,285,304,124,126,321,155,13,142,0,356,10,0,208,9,0,1972,1703,247,60,0,562,284,572,869,"856",466,183,0,463,1112,183,196,9,44,29,181,10,141,149,0,0,106,0,16,0,0,0,0,0,0,0,0,2,0,0,0,0,0,0,133,227,35,495,76,0,0,0,28,333,"11",112,0,0,0,2,14,2,2,0,0,0,0,0,0,0,8626,6191,330,"Bagmati Province","Dhading","Rural Municipality","Siddhalek Rural Municipality"
"308",30409,"Rural Municipality","Province 3","Dhading","Benighat Rorang Rural Municipality",614,737,694,694,648,505,665,284,241,651,216,18,215,4,541,14,8,289,10,7,3495,3108,552,146,1,665,670,647,1364,"1317",827,184,6,670,1687,190,181,29,59,258,453,113,244,357,29,0,257,0,52,0,0,0,0,0,0,8,0,7,0,0,0,0,0,0,117,632,208,727,255,0,0,0,39,436,"17",192,0,0,0,0,17,15,15,0,0,0,0,0,0,0,12928,9801,320,"Bagmati Province","Dhading","Rural Municipality","Benighat Rorang Rural Municipality"
"309",30410,"Rural Municipality","Province 3","Dhading","Gajuri Rural Municipality",516,661,613,613,577,445,567,484,345,592,159,13,148,10,536,28,11,193,11,4,2231,1955,361,50,1,432,414,432,844,"846",551,430,14,717,1712,444,404,0,76,206,789,77,358,435,2,0,471,0,5,0,0,0,0,0,0,3,2,126,15,2,0,4,1,7,89,935,319,695,131,0,0,0,27,319,"11",118,0,0,0,0,16,5,4,0,0,75,75,0,0,0,13885,9678,322,"Bagmati Province","Dhading","Rural Municipality","Gajuri Rural Municipality"
"310",30411,"Rural Municipality","Province 3","Dhading","Galchhi Rural Municipality",297,470,432,432,410,285,425,279,40,409,139,12,139,0,545,11,0,319,1,0,2084,1878,146,89,0,518,269,515,753,"784",407,138,0,958,1503,138,144,0,8,67,345,14,188,223,6,0,171,0,5,0,0,0,0,0,0,4,0,93,0,0,0,1,0,1,66,493,123,428,115,0,0,0,27,320,"12",135,0,0,0,0,18,8,12,0,0,0,0,0,0,0,5359,3466,323,"Bagmati Province","Dhading","Rural Municipality","Galchhi Rural Municipality"
"311",30412,"Rural Municipality","Province 3","Dhading","Thakre Rural Municipality",326,593,602,598,523,397,482,221,178,543,216,18,216,6,473,4,2,293,11,0,2400,2192,249,20,0,679,296,526,948,"822",427,179,0,708,1314,179,223,39,6,155,412,79,193,268,3,0,154,0,51,0,0,0,0,0,0,1,0,13,0,0,0,2,1,3,151,458,68,736,242,0,0,7,36,434,"15",149,0,0,0,1,28,10,11,0,0,0,0,0,0,0,9603,6704,331,"Bagmati Province","Dhading","Rural Municipality","Thakre Rural Municipality"
"312",30413,"Municipality ","Province 3","Dhading","Dhunibenshi Municipality",306,540,555,565,477,391,463,317,112,488,168,14,168,1,404,2,2,254,5,0,2160,1953,280,1,0,687,314,703,968,"1017",377,235,0,278,890,235,214,22,0,228,410,45,302,346,5,0,199,0,45,0,0,0,0,0,0,5,0,166,0,0,0,1,0,1,146,561,121,536,297,0,0,0,28,331,"15",172,0,0,0,0,20,9,7,0,0,0,0,0,0,0,8194,5926,321,"Bagmati Province","Dhading","Municipality ","Dhunibenshi Municipality"
"313",30501,"Rural Municipality","Province 3","Nuwakot","Dupcheshwor Rural Municipality",486,483,391,406,403,352,466,178,67,440,181,15,158,2,622,8,2,424,10,0,2187,1928,313,50,2,663,382,661,1028,"1043",605,163,3,493,1264,166,189,21,39,95,322,31,125,184,1,0,97,1,11,0,0,1,0,0,0,0,0,11,0,0,0,0,0,0,65,373,26,443,142,0,0,0,88,818,"19",203,0,0,0,27,16,9,0,0,0,0,0,0,0,0,8041,7643,303,"Bagmati Province","Nuwakot","Rural Municipality","Dupcheshwor Rural Municipality"
"314",30502,"Rural Municipality","Province 3","Nuwakot","Tadi Rural Municipality",284,299,342,342,292,203,268,227,3,290,183,15,180,5,424,2,1,224,1,7,988,894,168,12,1,294,246,250,475,"496",377,116,2,375,870,118,147,12,21,76,222,33,90,112,0,0,170,2,18,0,0,0,0,0,0,0,0,17,0,0,0,0,0,0,35,264,3,249,64,0,0,0,73,524,"13",128,6,1,0,0,14,6,5,0,0,60,60,0,0,0,5575,4858,311,"Bagmati Province","Nuwakot","Rural Municipality","Tadi Rural Municipality"
"315",30503,"Rural Municipality","Province 3","Nuwakot","Suryagadhi Rural Municipality",231,255,255,255,244,173,237,164,36,275,164,14,150,3,197,0,18,66,5,1,1401,1272,85,8,0,371,71,318,464,"389",119,47,0,731,897,47,70,3,6,78,193,18,67,93,0,0,81,0,6,0,0,0,0,0,0,0,0,0,0,0,0,0,0,0,36,96,3,129,71,0,0,0,69,797,"13",142,0,0,1,4,16,5,4,0,0,0,0,0,0,0,5107,3746,310,"Bagmati Province","Nuwakot","Rural Municipality","Suryagadhi Rural Municipality"
"316",30504,"Municipality ","Province 3","Nuwakot","Bidur Municipality",1197,1176,1089,1089,1083,816,1047,770,63,829,362,30,347,28,685,5,5,385,12,11,2154,1913,312,31,0,640,298,564,983,"862",473,86,0,671,1230,86,84,11,12,143,985,82,617,647,0,1,1593,0,173,0,0,0,0,0,0,29,32,201,231,0,0,0,3,3,159,206,1721,416,226,0,0,0,166,754,"17",90,17,5,8,2,20,3,3,0,0,0,0,0,0,0,25232,18200,302,"Bagmati Province","Nuwakot","Municipality ","Bidur Municipality"
"317",30505,"Rural Municipality","Province 3","Nuwakot","Kispang Rural Municipality",198,253,247,250,238,219,301,96,85,240,157,13,154,6,174,1,0,149,1,0,931,821,249,25,0,347,273,379,621,"652",430,55,0,580,1065,55,53,49,15,53,189,27,123,161,35,0,71,0,39,0,0,0,0,0,0,0,0,4,0,0,0,0,0,0,79,126,8,225,159,0,0,0,66,720,"14",126,0,0,0,0,16,14,13,0,0,0,0,0,0,1,9555,7113,305,"Bagmati Province","Nuwakot","Rural Municipality","Kispang Rural Municipality"
"318",30506,"Rural Municipality","Province 3","Nuwakot","Meghang Rural Municipality",145,200,193,194,231,209,251,143,12,224,145,12,133,0,257,0,0,211,2,0,859,740,154,10,0,289,156,337,453,"493",367,64,4,307,742,68,67,3,4,70,137,18,75,94,7,0,21,0,14,0,0,1,0,0,0,0,0,0,0,0,0,1,0,1,68,86,17,219,56,0,0,0,63,595,"15",146,2,0,0,8,20,12,5,0,0,0,0,0,0,0,6300,5604,307,"Bagmati Province","Nuwakot","Rural Municipality","Meghang Rural Municipality"
"319",30507,"Rural Municipality","Province 3","Nuwakot","Tarakeshwor Rural Municipality",175,250,239,239,227,224,237,128,64,475,168,14,167,1,172,8,0,65,4,1,1363,1170,179,7,0,254,202,252,440,"454",186,84,2,316,588,86,86,0,10,62,143,16,47,68,5,1,35,1,31,0,0,0,0,0,0,0,0,0,0,0,0,2,0,2,39,101,9,248,107,0,0,0,73,380,"12",113,0,0,0,0,8,4,4,0,0,0,0,0,0,0,4695,3876,312,"Bagmati Province","Nuwakot","Rural Municipality","Tarakeshwor Rural Municipality"
"320",30508,"Municipality ","Province 3","Nuwakot","Belkotgadhi Municipality",381,625,558,559,455,478,543,199,38,469,309,26,288,1,543,1,0,391,5,0,3428,3056,148,7,0,1821,181,1480,1976,"1661",283,112,3,2183,2581,115,151,19,35,68,324,24,98,132,3,0,23,0,6,0,0,0,0,0,0,0,0,0,0,0,0,0,0,0,81,213,6,329,224,0,0,0,151,1359,"18",151,0,0,21,2,15,8,7,0,0,0,0,0,0,0,11145,9646,301,"Bagmati Province","Nuwakot","Municipality ","Belkotgadhi Municipality"
"321",30509,"Rural Municipality","Province 3","Nuwakot","Likhu Rural Municipality",186,234,194,194,179,164,197,163,42,204,144,12,131,1,131,1,1,165,5,8,1139,1033,86,22,0,447,96,498,555,"594",207,30,0,531,768,30,3,0,1,49,189,21,101,112,10,0,36,3,12,0,0,0,0,0,0,0,0,0,0,0,0,0,0,0,14,63,0,89,73,0,0,0,55,501,"10",99,0,0,0,0,3,0,0,0,0,0,0,0,0,0,2602,2016,306,"Bagmati Province","Nuwakot","Rural Municipality","Likhu Rural Municipality"
"322",30510,"Rural Municipality","Province 3","Nuwakot","Panchakanya Rural Municipality",157,239,207,205,208,158,203,51,80,166,152,13,148,1,253,1,7,235,3,1,850,722,162,15,0,242,176,237,419,"413",266,48,0,244,558,48,63,3,0,34,80,10,65,73,8,0,10,1,0,0,0,0,0,0,0,0,0,0,0,0,0,0,0,0,20,187,10,136,64,0,0,0,67,597,"10",111,0,0,0,1,6,0,0,0,0,0,0,0,0,0,4115,3891,308,"Bagmati Province","Nuwakot","Rural Municipality","Panchakanya Rural Municipality"
"323",30511,"Rural Municipality","Province 3","Nuwakot","Shivapuri Rural Municipality",176,263,271,272,275,247,288,158,69,263,270,23,249,0,429,5,0,327,7,2,1366,1189,205,24,0,767,242,755,996,"997",427,312,1,989,1729,313,312,29,53,65,201,27,88,104,12,0,58,0,49,0,0,0,0,0,0,0,0,1,0,0,0,1,0,1,40,697,95,280,109,0,0,0,108,940,"27",263,0,0,0,0,16,2,1,0,0,0,0,0,0,1,11712,10034,309,"Bagmati Province","Nuwakot","Rural Municipality","Shivapuri Rural Municipality"
"324",30512,"Rural Municipality","Province 3","Nuwakot","Kakani Rural Municipality",284,513,503,501,520,458,536,263,106,450,231,19,212,1,558,0,0,579,0,0,2038,1832,299,31,0,1189,334,1064,1519,"1398",484,253,0,1095,1832,253,234,4,234,81,381,43,190,247,3,0,24,0,12,0,0,0,0,0,0,1,0,6,0,0,0,0,0,0,149,229,6,573,201,0,0,0,99,818,"14",141,0,0,0,0,23,21,21,0,0,0,0,0,0,0,11807,9009,304,"Bagmati Province","Nuwakot","Rural Municipality","Kakani Rural Municipality"
"325",30601,"Municipality ","Province 3","Kathmandu","Shankharapur Municipality",299,429,471,471,439,355,445,190,46,486,183,15,177,2,609,0,1,426,3,1,2105,1890,189,72,0,968,226,680,1229,"906",336,142,1,1257,1736,143,95,66,31,42,220,15,182,205,0,0,56,0,71,0,0,0,0,0,0,0,0,0,0,0,0,10,0,10,83,332,140,331,174,3,0,0,98,998,"14",170,0,0,11,4,19,4,2,0,0,0,0,0,0,0,19663,15825,298,"Bagmati Province","Kathmandu","Municipality ","Shankharapur Municipality"
"326",30602,"Municipality ","Province 3","Kathmandu","Kageshwori Manahara Municipality",514,1011,1135,1125,1185,1140,1258,187,36,1326,256,21,252,0,909,14,2,920,0,0,3769,3405,248,49,0,1227,248,924,1524,"1172",510,142,0,1861,2513,142,136,62,176,57,333,7,152,169,0,0,10,0,3,0,0,0,0,0,0,0,0,0,0,0,0,0,0,0,251,398,129,759,182,0,0,0,135,1048,"12",141,0,0,0,1,105,55,32,0,0,0,0,0,0,0,11332,7657,294,"Bagmati Province","Kathmandu","Municipality ","Kageshwori Manahara Municipality"
"327",30603,"Municipality ","Province 3","Kathmandu","Gokarneshwor Municipality",4755,3470,3416,3447,3391,2544,3341,3073,58,3486,291,24,279,319,679,17,11,429,0,1,9293,8186,275,11,0,1229,265,941,1515,"1206",433,175,1,1460,2069,176,153,153,58,2113,8158,2338,8174,267,0,1,4109,16,0,0,0,0,0,0,0,15,0,138,3,0,0,10,0,10,367,606,371,2081,321,0,0,0,107,1287,"12",119,0,0,0,364,194,85,73,0,0,0,0,1,0,0,58182,42953,293,"Bagmati Province","Kathmandu","Municipality ","Gokarneshwor Municipality"
"328",30604,"Municipality ","Province 3","Kathmandu","Budhanilkhantha Municipality",941,1593,1964,1967,1759,1124,1703,472,41,1880,383,32,362,1,1641,2,0,1761,1,0,9281,8584,277,4,0,1558,270,1456,1839,"1726",456,187,1,2343,2987,188,314,10,148,122,579,42,312,324,0,0,91,0,70,0,0,0,0,0,0,0,0,0,0,0,0,0,0,0,423,629,159,999,267,0,0,0,121,1349,"17",188,0,0,0,2,150,56,46,0,0,0,0,0,0,0,11623,6961,290,"Bagmati Province","Kathmandu","Municipality ","Budhanilkhantha Municipality"
"329",30605,"Municipality ","Province 3","Kathmandu","Tokha Municipality",965,1498,1736,1727,1694,1463,1872,687,12,1484,311,26,248,57,867,1,0,1187,0,0,8643,7778,224,11,0,1336,195,1088,1571,"1283",384,53,5,2173,2615,58,31,44,32,57,982,13,677,294,0,0,57,0,0,0,0,0,0,0,0,0,0,0,0,0,0,2,0,2,306,582,78,831,315,0,0,0,99,1138,"5",63,0,0,42,0,111,45,33,0,0,0,0,0,0,0,45276,35538,300,"Bagmati Province","Kathmandu","Municipality ","Tokha Municipality"
"330",30606,"Municipality ","Province 3","Kathmandu","Tarakeshwor Municipality",290,1112,1274,1256,1312,1190,1480,298,44,1265,313,26,305,0,1338,30,3,1380,152,1,9579,8766,267,10,0,1447,316,1277,1724,"1593",505,150,6,2296,2957,156,101,12,34,67,439,29,227,290,0,0,15,0,16,0,0,0,0,0,0,0,0,0,0,0,0,0,0,0,336,816,231,595,231,0,0,0,134,1376,"16",175,0,0,0,0,83,40,31,0,0,0,0,0,0,0,13324,8786,299,"Bagmati Province","Kathmandu","Municipality ","Tarakeshwor Municipality"
"331",30607,"Municipality ","Province 3","Kathmandu","Nagarjun Municipality",335,941,1229,1229,1134,981,1209,330,17,1102,262,22,260,0,1224,0,17,1009,1,1,7575,6891,321,10,0,2174,306,1661,2505,"1967",400,143,0,2499,3042,143,148,19,74,72,383,24,195,236,0,0,12,0,11,0,0,0,0,0,0,0,0,0,0,0,0,0,0,0,359,727,95,765,206,0,0,0,94,899,"10",117,0,0,0,9,70,34,29,0,0,0,0,0,0,0,17086,12537,297,"Bagmati Province","Kathmandu","Municipality ","Nagarjun Municipality"
"332",30608,"Metropolitan City","Province 3","Kathmandu","Kathmandu Metropolitan City",30303,16184,14574,14710,14589,10420,15802,14590,280,4248,1399,117,1258,2663,3732,18,5,4634,93,27,59541,54385,132,27,0,6,123,0,165,"123",400,26,2,2,430,28,59,28,61,731,40599,327,9106,833,0,2,23142,118,1457,0,0,0,0,0,0,1226,1769,3967,4346,0,0,0,2,2,4698,11935,15133,10103,1287,332,0,23,486,371,"2",2,17880,482,86,354,1397,571,463,1,1,805,805,8,4,120,636821,598802,295,"Bagmati Province","Kathmandu","Metropolitan City","Kathmandu Metropolitan City"
"333",30609,"Municipality ","Province 3","Kathmandu","Kirtipur Municipality",908,1112,1230,1231,1180,886,1172,892,80,1175,392,33,332,107,1177,3,0,269,13,2,5474,4946,317,27,0,1888,384,1507,2232,"1891",456,295,15,1973,2739,310,221,38,40,86,1133,23,823,873,0,0,865,0,414,0,0,0,0,0,1,29,9,164,150,0,1,0,0,1,332,354,197,783,453,0,0,11,102,1411,"13",133,0,0,2,0,68,29,28,0,0,0,0,0,0,1,30701,21800,296,"Bagmati Province","Kathmandu","Municipality ","Kirtipur Municipality"
"334",30610,"Municipality ","Province 3","Kathmandu","Chandragiri Municipality",561,1567,1749,1748,1682,1435,1795,656,31,1618,477,40,473,0,2131,1,8,1472,0,1,8707,7905,544,20,3,2461,585,2370,3028,"2955",719,210,2,4099,5030,212,253,41,170,144,706,57,354,428,0,0,0,0,0,0,0,0,0,0,0,0,0,0,0,0,0,1,0,1,631,1162,151,1381,444,0,0,5,146,1779,"18",215,0,0,0,1,109,58,44,0,0,0,0,0,0,0,27424,16513,291,"Bagmati Province","Kathmandu","Municipality ","Chandragiri Municipality"
"335",30611,"Municipality ","Province 3","Kathmandu","Dakshinkali Municipality",220,377,382,391,393,375,430,277,13,386,323,27,350,9,212,1,6,534,5,0,1700,1519,290,13,0,1425,331,1367,1728,"1698",314,42,1,1598,1955,43,53,11,54,112,510,89,408,215,0,0,69,0,20,0,7,1,0,0,0,0,0,0,0,0,0,1,0,1,213,829,64,744,358,0,0,0,89,990,"16",190,0,0,0,0,25,13,11,0,0,0,0,0,0,0,15990,11550,292,"Bagmati Province","Kathmandu","Municipality ","Dakshinkali Municipality"
"336",30701,"Municipality ","Province 3","Bhaktapur","Changunarayan Municipality",299,650,702,720,751,591,767,268,62,700,576,48,545,0,824,0,4,1532,2,12,4481,4093,432,74,0,1368,450,1452,1874,"1902",1291,239,11,1341,2882,250,222,0,10,60,360,17,265,301,0,0,0,0,8,0,0,0,0,0,0,0,0,0,0,0,0,0,0,0,303,587,84,1069,320,0,0,0,71,832,"21",222,0,0,0,0,42,31,26,0,0,0,0,0,0,0,38142,27221,287,"Bagmati Province","Bhaktapur","Municipality ","Changunarayan Municipality"
"337",30702,"Municipality ","Province 3","Bhaktapur","Bhaktapur Municipality",1757,2455,2246,2244,2434,1972,2410,1569,177,415,637,53,632,127,2003,15,0,1215,9,0,5165,1237,104,7,0,1637,107,637,1748,"744",272,44,0,0,316,44,26,0,0,548,2678,292,1607,456,0,1,1431,5,418,0,0,0,0,0,0,11,0,101,19,0,0,0,1,1,220,1710,4027,820,107,121,0,32,87,548,"1",1,11050,5,0,5,213,66,53,0,0,0,0,0,0,0,53697,47162,286,"Bagmati Province","Bhaktapur","Municipality ","Bhaktapur Municipality"
"338",30703,"Municipality ","Province 3","Bhaktapur","Madhyapur Thimi Municipality",737,1554,1709,1704,1855,1593,1933,720,10,1238,467,39,411,11,2048,10,0,2104,23,1,6684,6048,566,2,1,1045,605,880,1614,"1485",880,538,0,1184,2602,538,561,0,0,83,868,25,460,188,30,1,193,21,262,0,0,0,0,0,0,0,0,117,36,0,0,0,0,0,272,162,932,1652,393,0,0,1,45,514,"8",83,0,0,0,5,191,105,96,0,0,0,0,0,0,0,75443,60678,288,"Bagmati Province","Bhaktapur","Municipality ","Madhyapur Thimi Municipality"
"339",30704,"Municipality ","Province 3","Bhaktapur","Suryabinayak Municipality",356,859,913,914,945,799,1002,245,13,903,483,40,476,0,1506,5,6,911,1,0,7156,6506,470,25,0,2021,488,1818,2516,"2306",955,205,4,2105,3269,209,218,4,12,68,304,34,221,223,0,0,0,0,10,0,0,0,0,0,0,0,0,8,0,0,0,0,0,0,239,139,138,690,287,0,0,0,71,859,"19",212,0,0,0,0,71,13,13,0,0,0,0,0,0,0,22537,15443,289,"Bagmati Province","Bhaktapur","Municipality ","Suryabinayak Municipality"
"340",30801,"Municipality ","Province 3","Lalitpur","Mahalaxmi Municipality",1576,1244,1106,1109,1059,1260,1495,272,46,664,250,21,262,67,264,1,0,753,1,0,4662,4155,377,36,0,745,399,726,1158,"1125",778,218,0,1661,2657,218,209,3,34,728,6857,166,727,239,0,0,1061,2,33,0,0,0,0,0,0,19,21,157,53,0,0,0,1,1,223,149,70,802,258,0,0,0,45,523,"9",106,0,1,0,503,99,50,48,0,0,1,0,1,0,0,109110,91529,284,"Bagmati Province","Lalitpur","Municipality ","Mahalaxmi Municipality"
"341",30802,"Metropolitan City","Province 3","Lalitpur","Lalitpur Metropolitan City",10328,5280,4552,4413,5276,2772,6717,5128,390,2031,931,78,999,623,8349,737,82,1873,36,34,19340,17115,699,46,0,3741,761,2480,4486,"3241",1673,592,20,4386,6671,612,575,41,43,283,9955,156,8963,4696,0,0,7689,0,3387,0,0,0,2,2,1,122,124,1165,793,0,0,1,2,3,2196,7520,5879,5593,1130,0,0,0,183,1701,"12",124,9016,48,0,30,374,140,127,0,0,322,309,0,0,28,141870,110049,283,"Bagmati Province","Lalitpur","Metropolitan City","Lalitpur Metropolitan City"
"342",30803,"Municipality ","Province 3","Lalitpur","Godawari Municipality",404,1139,1244,1244,1207,993,1271,609,30,1444,481,40,465,6,607,0,1,794,0,0,5836,5246,882,29,0,2080,650,2020,2991,"2670",1789,350,8,2590,4737,358,356,20,24,235,921,114,382,496,34,0,89,0,121,0,0,0,0,0,0,7,0,85,1,0,0,0,0,0,316,1065,375,1109,426,0,0,0,108,1247,"23",266,0,0,0,1,125,37,33,0,0,55,55,155,15,1,42017,29285,281,"Bagmati Province","Lalitpur","Municipality ","Godawari Municipality"
"343",30804,"Rural Municipality","Province 3","Lalitpur","Konjyosom Rural Municipality",105,165,138,137,147,101,143,77,1,138,137,11,115,1,143,0,0,138,0,0,742,653,210,93,0,403,251,391,706,"642",803,176,0,558,1537,176,176,0,3,36,132,13,40,48,1,2,25,0,21,0,0,0,0,0,0,0,0,0,0,0,0,0,0,0,27,166,1,291,80,0,0,0,45,502,"10",99,0,0,0,0,6,0,0,0,0,0,0,0,0,0,7914,6395,282,"Bagmati Province","Lalitpur","Rural Municipality","Konjyosom Rural Municipality"
"344",30805,"Rural Municipality","Province 3","Lalitpur","Mahankal Rural Municipality",89,122,133,130,110,100,111,71,13,118,181,15,132,1,127,0,0,115,0,0,685,584,177,28,0,272,188,259,477,"447",438,68,0,378,884,68,84,13,23,18,122,4,55,60,0,0,38,0,30,0,0,0,0,0,0,0,0,13,0,0,0,0,0,0,33,179,3,201,68,0,0,0,53,600,"14",94,0,0,0,2,4,0,0,0,0,0,0,0,0,0,5616,5183,285,"Bagmati Province","Lalitpur","Rural Municipality","Mahankal Rural Municipality"
"345",30806,"Rural Municipality","Province 3","Lalitpur","Bagmati Rural Municipality",187,216,207,210,202,192,223,126,23,203,207,17,204,1,183,1,0,259,0,1,797,809,252,51,1,441,416,509,745,"925",851,275,2,744,1872,277,275,12,26,56,135,17,71,94,2,2,54,0,49,0,0,0,0,0,0,5,0,27,0,0,0,2,0,2,48,261,0,399,151,0,0,0,63,791,"15",178,0,0,0,0,11,5,5,0,0,2,2,0,0,0,9378,8451,280,"Bagmati Province","Lalitpur","Rural Municipality","Bagmati Rural Municipality"
"346",30901,"Rural Municipality","Province 3","Kavrepalanchok","Chauri Deurali Rural Municipality",208,254,268,268,244,217,262,184,13,242,303,25,293,4,249,3,0,135,2,0,1101,967,325,67,0,836,401,702,1228,"1103",744,226,1,1254,2225,227,285,63,116,37,175,21,157,188,2,0,103,0,2,0,0,0,0,0,0,8,0,16,0,0,0,1,0,1,106,604,39,340,180,0,0,0,80,993,"26",301,0,0,0,0,12,3,3,0,0,0,0,0,0,2,14174,10662,270,"Bagmati Province","Kavrepalanchok","Rural Municipality","Chauri Deurali Rural Municipality"
"347",30902,"Rural Municipality","Province 3","Kavrepalanchok","Bhumlu Rural Municipality",141,228,223,221,209,226,264,116,12,199,353,29,326,2,183,5,1,150,0,1,956,861,214,4,0,587,208,552,805,"760",638,280,4,1006,1928,284,256,30,32,35,115,20,72,96,1,1,30,0,11,0,0,0,0,0,0,2,0,20,0,0,0,0,0,0,39,519,11,182,60,0,0,0,77,810,"24",272,0,0,0,0,18,2,1,0,0,0,0,0,0,0,11558,9413,269,"Bagmati Province","Kavrepalanchok","Rural Municipality","Bhumlu Rural Municipality"
"348",30903,"Municipality ","Province 3","Kavrepalanchok","Mandan Deupur Municipality",287,597,549,549,538,552,630,240,7,563,319,27,318,0,281,1,0,224,2,0,2315,1825,154,0,0,678,136,630,832,"766",317,62,1,1139,1519,63,71,1,7,128,222,71,102,159,0,0,90,4,2,0,0,0,0,0,0,0,0,0,0,0,0,0,0,0,109,720,457,294,105,0,0,0,67,764,"20",200,0,0,0,7,15,3,2,0,0,19,19,0,0,0,8263,6851,274,"Bagmati Province","Kavrepalanchok","Municipality ","Mandan Deupur Municipality"
"349",30904,"Municipality ","Province 3","Kavrepalanchok","Banepa Municipality",2444,1716,1268,1231,1446,1074,1391,917,70,792,436,36,419,233,520,4,0,299,0,33,5008,4603,162,29,0,1033,182,847,1224,"1029",332,102,0,2415,2849,102,95,18,3,315,2341,18,108,141,0,0,2035,0,1567,0,0,0,0,0,0,105,61,373,239,0,0,0,0,0,1280,3953,3971,1489,290,0,0,0,83,751,"16",175,0,0,0,59,44,12,11,0,0,0,0,0,0,1,36152,27675,267,"Bagmati Province","Kavrepalanchok","Municipality ","Banepa Municipality"
"350",30905,"Municipality ","Province 3","Kavrepalanchok","Dhulikhel Municipality",2848,1063,727,730,654,557,847,975,12,349,383,32,429,118,380,3,0,174,2,0,2352,2064,392,15,0,567,414,484,974,"898",856,133,0,1941,2930,133,148,13,6,329,3386,118,2045,98,1,0,2932,0,20,0,0,0,0,0,0,35,0,63,6,0,0,1,0,1,170,708,354,494,147,0,0,5,70,762,"20",236,23,0,0,0,7,10,7,1,0,38,38,3,0,18,92987,81120,271,"Bagmati Province","Kavrepalanchok","Municipality ","Dhulikhel Municipality"
"351",30906,"Municipality ","Province 3","Kavrepalanchok","Panchkhal Municipality",276,639,649,669,623,577,610,432,4,635,347,29,352,9,285,2,0,312,3,2,2200,1931,216,32,2,948,231,753,1198,"984",407,223,3,1941,2574,226,223,2,20,136,502,21,162,228,0,0,192,0,13,0,0,0,0,0,0,6,2,151,27,0,0,0,0,0,105,1392,274,454,160,0,0,0,81,835,"22",261,21,0,0,3,22,13,11,2,0,338,337,1,0,1,11302,8161,277,"Bagmati Province","Kavrepalanchok","Municipality ","Panchkhal Municipality"
"352",30907,"Rural Municipality","Province 3","Kavrepalanchok","Temal Rural Municipality",248,368,382,382,353,296,372,183,19,364,326,27,326,1,451,11,0,311,0,1,1280,1107,339,22,0,779,351,819,1140,"1170",806,146,1,838,1791,147,135,1,17,28,174,14,103,115,14,2,37,0,20,0,0,0,0,0,0,0,0,16,0,0,0,0,0,0,33,620,152,355,106,0,0,0,63,723,"29",343,0,0,0,0,8,1,1,0,0,0,0,0,0,0,12166,9579,279,"Bagmati Province","Kavrepalanchok","Rural Municipality","Temal Rural Municipality"
"353",30908,"Municipality ","Province 3","Kavrepalanchok","Namobuddha Municipality",241,471,398,395,414,373,426,313,22,407,414,35,378,2,517,7,1,148,0,0,1806,1584,252,57,0,939,285,1025,1248,"1310",678,242,0,1404,2324,242,250,24,13,44,364,34,146,222,0,0,123,0,38,0,0,0,0,0,0,1,0,89,4,0,0,0,0,0,55,525,27,169,99,0,0,0,79,928,"23",276,0,0,0,0,12,8,8,0,0,129,129,0,0,0,18194,12202,275,"Bagmati Province","Kavrepalanchok","Municipality ","Namobuddha Municipality"
"354",30909,"Municipality ","Province 3","Kavrepalanchok","Panauti Municipality",416,781,754,754,726,688,741,291,1,700,440,37,409,0,738,5,5,513,3,5,3395,3256,373,3,0,1628,368,1674,2004,"2042",567,205,2,3325,4099,207,198,9,15,56,351,18,215,229,0,0,106,0,35,0,0,0,0,0,0,11,0,86,2,0,0,0,0,0,181,1321,176,717,167,0,0,0,118,1331,"26",304,0,0,0,0,45,14,13,0,0,0,0,0,0,1,18263,12293,276,"Bagmati Province","Kavrepalanchok","Municipality ","Panauti Municipality"
"355",30910,"Rural Municipality","Province 3","Kavrepalanchok","Bethanchowk Rural Municipality",218,341,363,362,325,321,339,188,18,322,210,18,210,0,425,2,0,230,1,0,1321,1138,232,14,0,861,229,1019,1107,"1248",571,104,3,1047,1725,107,134,2,81,36,229,18,150,169,0,0,86,0,19,0,0,0,0,0,0,0,0,0,0,0,0,0,0,0,109,488,13,349,122,0,0,0,49,596,"18",214,0,0,0,0,13,4,4,0,0,0,0,0,0,0,5986,5134,268,"Bagmati Province","Kavrepalanchok","Rural Municipality","Bethanchowk Rural Municipality"
"356",30911,"Rural Municipality","Province 3","Kavrepalanchok","Roshi Rural Municipality",404,557,542,546,475,430,526,338,29,414,423,35,419,2,439,2,2,258,12,0,2545,1338,365,55,0,1049,553,964,1469,"1517",803,147,0,2018,2968,147,177,18,34,72,336,26,181,210,4,1,97,0,15,0,0,1,0,0,0,0,0,0,0,0,0,2,0,2,88,729,99,670,110,0,0,0,90,1066,"37",420,0,0,0,9,17,9,7,0,0,0,0,0,0,0,11696,7367,278,"Bagmati Province","Kavrepalanchok","Rural Municipality","Roshi Rural Municipality"
"357",30912,"Rural Municipality","Province 3","Kavrepalanchok","Mahabharat Rural Municipality",329,374,346,346,341,299,347,207,32,362,187,16,187,2,251,0,1,139,0,0,1550,1368,209,61,6,342,259,288,618,"547",331,137,1,291,760,138,255,36,20,90,176,22,58,119,56,2,48,1,3,0,0,0,0,0,0,0,0,0,0,0,0,2,0,2,46,354,1,364,51,0,0,0,44,517,"15",159,0,0,0,0,11,5,9,0,0,0,0,0,0,0,4839,3703,273,"Bagmati Province","Kavrepalanchok","Rural Municipality","Mahabharat Rural Municipality"
"358",30913,"Rural Municipality","Province 3","Kavrepalanchok","Khanikhola Rural Municipality",252,255,244,241,232,250,252,187,17,229,180,15,171,2,246,0,0,157,0,0,1107,981,121,73,5,810,191,983,1009,"1174",229,24,0,689,942,24,24,0,0,92,220,27,44,104,2,0,58,0,22,0,0,0,0,0,0,1,0,43,0,0,0,6,0,6,165,235,6,391,31,0,0,0,44,795,"11",126,0,0,0,0,10,3,3,0,0,0,0,0,0,0,3496,3258,272,"Bagmati Province","Kavrepalanchok","Rural Municipality","Khanikhola Rural Municipality"
"359",31001,"Rural Municipality","Province 3","Ramechhap","Umakunda Rural Municipality",246,265,264,268,264,228,269,152,63,272,229,19,225,6,308,1,2,117,3,0,1416,1259,245,20,0,1137,251,1127,1402,"1378",890,219,0,2321,3430,219,215,4,0,46,212,19,158,195,2,4,117,5,45,0,0,0,0,0,0,0,0,21,0,0,0,1,0,1,82,494,50,369,424,0,0,0,67,731,"16",190,0,0,0,1,9,2,0,0,0,0,0,0,0,0,8824,6668,245,"Bagmati Province","Ramechhap","Rural Municipality","Umakunda Rural Municipality"
"360",31002,"Rural Municipality","Province 3","Ramechhap","Gokulganga Rural Municipality",340,374,338,335,350,290,336,160,154,372,194,16,174,8,309,2,1,268,9,1,1492,1302,497,18,0,1867,421,1814,2382,"2235",1074,76,0,2580,3730,76,74,2,0,59,272,40,146,183,38,2,142,0,39,0,0,0,0,0,0,1,0,29,0,0,0,1,0,1,74,599,33,528,191,0,0,0,70,787,"12",131,0,0,0,0,5,0,0,0,0,0,0,0,0,0,12895,10358,239,"Bagmati Province","Ramechhap","Rural Municipality","Gokulganga Rural Municipality"
"361",31003,"Rural Municipality","Province 3","Ramechhap","Likhu Rural Municipality",287,318,339,334,311,222,313,246,0,314,237,20,225,1,229,0,0,141,0,0,1576,1397,253,77,0,1288,288,1217,1618,"1505",703,150,2,1661,2516,152,150,2,0,67,208,25,153,177,30,7,59,14,63,0,0,0,0,0,0,1,0,44,0,0,0,0,2,2,47,525,63,394,163,0,0,0,76,744,"16",188,0,0,0,0,14,5,0,0,0,0,0,1,0,0,11051,8570,241,"Bagmati Province","Ramechhap","Rural Municipality","Likhu Rural Municipality"
"362",31004,"Municipality ","Province 3","Ramechhap","Ramechhap Municipality",343,393,404,403,416,383,453,300,42,463,345,29,330,17,441,1,3,242,3,0,2010,1757,444,3,0,1235,458,1191,1682,"1649",1135,361,12,1826,3334,373,342,23,8,77,287,37,175,208,0,0,255,3,26,0,0,0,0,0,0,7,0,79,4,0,0,0,2,2,162,624,275,634,273,0,0,0,108,1086,"21",233,189,0,0,0,16,8,7,0,0,115,115,1,1,0,19715,14469,243,"Bagmati Province","Ramechhap","Municipality ","Ramechhap Municipality"
"363",31005,"Municipality ","Province 3","Ramechhap","Manthali Municipality",630,750,766,771,761,585,808,602,30,784,455,38,444,16,787,0,1,524,5,1,3225,2829,408,53,3,2510,437,2348,2974,"2785",1721,291,20,3769,5801,311,297,0,14,174,623,86,383,463,12,6,437,0,82,0,0,0,0,0,0,16,0,170,32,0,0,3,0,3,148,1114,999,715,656,0,0,0,164,1870,"29",330,0,0,0,4,26,14,12,0,0,30,30,0,0,0,42296,30608,242,"Bagmati Province","Ramechhap","Municipality ","Manthali Municipality"
"364",31006,"Rural Municipality","Province 3","Ramechhap","Khandadevi Rural Municipality",200,271,238,228,200,187,232,156,47,193,351,29,334,2,287,3,0,137,8,1,1254,1143,138,23,0,802,133,801,963,"934",348,125,1,1573,2047,126,124,2,0,49,174,24,96,115,9,3,62,1,14,0,0,0,0,0,0,1,0,23,0,0,0,0,0,0,52,532,68,274,130,0,0,0,106,1107,"21",226,0,0,0,1,5,2,1,0,0,0,0,0,0,0,9967,8026,240,"Bagmati Province","Ramechhap","Rural Municipality","Khandadevi Rural Municipality"
"365",31007,"Rural Municipality","Province 3","Ramechhap","Doramba Rural Municipality",211,255,247,252,246,180,279,210,39,247,254,21,227,1,383,6,0,205,11,0,1183,1069,167,66,4,1035,227,898,1272,"1125",325,342,0,971,1638,342,341,1,0,70,205,17,87,126,10,4,39,0,34,0,0,0,0,0,0,0,0,1,0,0,0,1,1,2,29,370,57,438,163,0,0,0,79,693,"15",173,0,0,0,1,12,3,2,0,0,0,0,0,0,0,9803,7228,238,"Bagmati Province","Ramechhap","Rural Municipality","Doramba Rural Municipality"
"366",31008,"Rural Municipality","Province 3","Ramechhap","Sunapati Rural Municipality",120,180,190,177,157,97,171,99,24,204,156,13,132,0,211,0,0,95,0,0,880,791,121,18,0,1132,150,1128,1271,"1278",265,49,1,1282,1597,50,50,0,0,24,146,10,55,76,41,6,26,2,12,0,0,0,0,0,0,1,0,2,0,0,0,0,0,0,58,318,36,217,120,0,0,0,78,771,"12",134,0,0,0,0,13,2,2,0,0,0,0,0,0,0,7587,5211,244,"Bagmati Province","Ramechhap","Rural Municipality","Sunapati Rural Municipality"
"367",31101,"Municipality ","Province 3","Sindhuli","Dudhouli Municipality",1215,1209,1070,1071,1069,765,871,492,443,1189,342,29,305,17,1471,49,10,1363,45,0,4604,4521,599,153,0,2059,913,1809,2811,"2722",1169,593,9,3672,5443,602,625,242,448,296,803,123,366,648,41,5,406,2,32,0,0,0,0,0,0,3,0,37,0,0,0,5,1,6,294,706,77,877,281,0,0,0,84,909,"32",293,0,0,0,62,60,48,45,0,0,361,361,1,3,3,24201,18019,229,"Bagmati Province","Sindhuli","Municipality ","Dudhouli Municipality"
"368",31102,"Rural Municipality","Province 3","Sindhuli","Phikkal Rural Municipality",304,313,300,279,229,214,327,136,89,214,237,20,214,1,281,12,1,292,4,1,1592,1416,140,150,0,823,329,868,1113,"1197",388,344,5,1719,2456,349,216,260,163,46,201,8,85,174,1,11,7,0,15,0,0,0,0,0,0,0,0,0,0,0,0,1,1,2,156,445,31,374,108,0,0,0,52,620,"20",209,0,0,0,0,2,0,0,0,0,0,0,1,0,0,5912,4640,235,"Bagmati Province","Sindhuli","Rural Municipality","Phikkal Rural Municipality"
"369",31103,"Rural Municipality","Province 3","Sindhuli","Tinpatan Rural Municipality",646,664,586,594,588,450,590,267,175,574,324,27,288,6,767,3,5,455,4,9,2860,2538,633,264,7,1723,959,1696,2627,"2655",1281,611,6,2504,4402,617,958,195,274,207,506,43,240,496,104,16,152,10,39,0,0,1,0,0,0,0,0,5,0,0,0,0,0,0,116,480,34,310,360,0,0,0,71,829,"29",298,0,0,2,6,40,17,14,0,0,278,278,0,0,0,16679,13033,237,"Bagmati Province","Sindhuli","Rural Municipality","Tinpatan Rural Municipality"
"370",31104,"Rural Municipality","Province 3","Sindhuli","Golanjor Rural Municipality",292,354,318,322,338,288,321,140,97,305,281,23,218,2,327,3,0,144,7,0,1561,1395,246,67,0,1305,283,1249,1618,"1532",389,293,2,1852,2536,295,357,101,116,94,231,23,108,127,26,0,32,2,12,0,0,0,0,0,0,2,0,0,0,0,0,2,0,2,137,662,83,516,171,0,0,0,70,750,"25",262,0,0,0,0,9,0,0,0,0,520,520,0,0,0,10043,8457,231,"Bagmati Province","Sindhuli","Rural Municipality","Golanjor Rural Municipality"
"371",31105,"Municipality ","Province 3","Sindhuli","Kamalamai Municipality",1130,1235,1127,1129,1112,882,1077,696,596,991,397,33,372,28,1661,1,1,1413,3,0,5412,4804,290,65,0,1598,965,1524,1953,"2489",557,198,8,2791,3554,206,228,121,85,216,946,89,494,281,1,0,674,0,154,0,0,0,0,0,0,26,0,110,7,0,0,2,0,2,274,1373,959,873,295,2,0,0,63,663,"19",192,66,0,0,0,68,43,31,4,2,260,245,1,0,0,31330,24295,233,"Bagmati Province","Sindhuli","Municipality ","Kamalamai Municipality"
"372",31106,"Rural Municipality","Province 3","Sindhuli","Sunkoshi Rural Municipality",258,358,337,333,328,271,296,123,96,290,220,18,201,4,441,10,4,157,1,6,1290,1140,154,42,1,1050,155,1067,1247,"1222",396,150,5,1367,1918,155,172,33,76,82,255,47,134,173,2,1,92,2,5,0,0,1,0,0,0,0,0,0,0,0,0,5,2,7,134,489,65,535,154,0,0,0,44,508,"16",174,0,0,0,2,11,8,6,1,0,63,63,0,0,0,6861,5896,236,"Bagmati Province","Sindhuli","Rural Municipality","Sunkoshi Rural Municipality"
"373",31107,"Rural Municipality","Province 3","Sindhuli","Ghyanglekha Rural Municipality",243,262,261,257,243,175,215,128,58,202,227,19,219,1,287,0,0,79,0,1,1178,1055,161,12,0,588,200,580,761,"780",322,119,2,634,1077,121,143,46,36,70,176,16,46,277,10,0,13,0,11,0,0,0,0,0,0,0,0,0,0,1,0,1,1,3,42,188,25,145,147,0,0,0,45,519,"17",196,0,0,3,2,18,16,9,0,0,76,76,0,0,0,4646,4584,230,"Bagmati Province","Sindhuli","Rural Municipality","Ghyanglekha Rural Municipality"
"374",31108,"Rural Municipality","Province 3","Sindhuli","Marin Rural Municipality",500,538,525,525,431,374,413,197,127,356,133,11,123,7,633,2,1,361,2,0,2498,2240,178,63,0,609,220,561,850,"781",259,338,1,469,1067,339,311,29,65,190,381,43,108,252,58,0,107,0,59,1,0,0,0,0,0,2,0,53,1,0,0,1,1,2,74,432,17,239,216,0,8,12,27,273,"10",107,0,0,11,15,43,23,21,0,0,88,88,0,0,0,6834,6547,234,"Bagmati Province","Sindhuli","Rural Municipality","Marin Rural Municipality"
"375",31109,"Rural Municipality","Province 3","Sindhuli","Hariharpurgaghi Rural Municipality",527,528,482,486,474,389,472,280,209,358,212,18,167,1,400,7,3,227,0,0,1902,1645,249,46,0,462,368,470,757,"838",405,62,0,667,1134,62,176,68,34,155,308,34,107,222,0,1,16,0,8,0,1,0,0,0,0,0,0,0,0,0,0,0,0,0,85,253,51,122,70,0,0,0,35,352,"14",139,0,0,0,0,27,12,10,0,0,8,8,0,0,1,3750,2953,232,"Bagmati Province","Sindhuli","Rural Municipality","Hariharpurgaghi Rural Municipality"
"376",31201,"Rural Municipality","Province 3","Makwanpur","Indrasarowar Rural Municipality",142,213,223,224,222,196,240,124,32,250,143,12,138,2,238,1,1,113,4,1,1059,936,142,20,3,718,179,659,883,"838",302,48,2,1344,1696,50,106,22,25,52,144,15,62,84,8,0,54,0,30,0,0,1,0,0,0,3,0,10,0,0,0,0,0,0,57,408,20,197,49,0,0,0,37,437,"12",137,2,0,0,0,8,0,1,0,0,0,0,0,0,0,4622,3280,337,"Bagmati Province","Makwanpur","Rural Municipality","Indrasarowar Rural Municipality"
"377",31202,"Municipality ","Province 3","Makwanpur","Thaha Municipality",463,639,606,597,617,566,681,263,188,533,275,23,273,7,620,7,0,222,8,0,2120,1784,283,70,3,989,326,806,1345,"1132",824,242,8,1506,2580,250,182,53,108,142,449,56,286,351,30,3,184,1,144,0,0,0,0,0,0,13,0,106,0,0,0,1,0,1,78,635,22,710,159,0,0,0,51,552,"19",209,0,0,0,0,27,8,18,0,0,0,0,0,0,0,13247,9572,342,"Bagmati Province","Makwanpur","Municipality ","Thaha Municipality"
"378",31203,"Rural Municipality","Province 3","Makwanpur","Kailash Rural Municipality",495,531,473,475,428,374,435,168,167,249,180,15,177,5,488,27,7,188,26,13,2215,2007,471,133,0,1638,591,1366,2242,"1957",604,136,1,1412,2153,137,168,34,45,125,289,37,119,151,7,0,106,4,31,0,0,0,0,0,0,0,0,0,0,0,0,6,0,6,46,359,0,571,106,0,0,0,42,526,"17",178,0,0,0,1,13,8,5,0,0,8,8,0,0,0,7226,6686,338,"Bagmati Province","Makwanpur","Rural Municipality","Kailash Rural Municipality"
"379",31204,"Rural Municipality","Province 3","Makwanpur","Raksirang Rural Municipality",543,560,520,510,504,454,545,299,109,504,249,21,238,4,578,33,3,154,23,5,2320,2222,540,184,0,1441,647,1341,2165,"1988",575,222,2,1505,2304,224,172,167,153,224,309,77,105,241,27,0,86,11,57,0,0,0,0,0,0,6,0,35,0,0,0,3,0,3,67,862,20,583,53,0,0,0,37,426,"17",193,0,0,0,0,20,7,4,0,0,0,0,3,0,0,5888,4312,341,"Bagmati Province","Makwanpur","Rural Municipality","Raksirang Rural Municipality"
"380",31205,"Rural Municipality","Province 3","Makwanpur","Manahari Rural Municipality",1110,1064,983,974,887,696,846,389,347,627,169,14,152,9,1185,99,3,578,1,1,2802,2456,220,1,0,1388,217,1323,1609,"1540",402,131,1,2059,2593,132,165,35,18,314,569,105,292,431,0,0,190,0,30,0,0,0,0,0,0,22,0,125,0,0,0,0,0,0,31,260,30,399,164,0,0,0,19,220,"9",82,0,0,0,0,84,67,54,1,0,437,440,1,3,0,8632,6320,340,"Bagmati Province","Makwanpur","Rural Municipality","Manahari Rural Municipality"
"381",31206,"Sub-Metropolitan City","Province 3","Makwanpur","Hetauda Sub-Metropolitan City",3560,3611,3247,3278,3266,2922,3321,1798,1004,3134,545,45,540,33,3725,6,7,1646,2,2,11121,10844,212,56,4,3140,291,2667,3412,"2958",593,189,20,3034,3836,209,387,237,168,527,2728,179,1389,1530,0,0,2448,0,297,0,0,0,0,0,0,96,126,858,669,0,0,6,0,6,1280,4404,563,2069,611,0,0,0,86,941,"23",259,899,8,0,0,184,103,75,2,1,354,354,0,0,0,18113,11169,336,"Bagmati Province","Makwanpur","Sub-Metropolitan City","Hetauda Sub-Metropolitan City"
"382",31207,"Rural Municipality","Province 3","Makwanpur","Bhimphedi Rural Municipality",357,376,361,363,324,309,339,286,34,313,278,23,231,0,687,3,0,308,5,0,2225,2054,254,8,0,1322,280,1084,1584,"1364",694,125,0,1999,2818,125,167,81,75,81,336,41,192,200,6,0,75,13,44,0,0,0,0,0,0,3,0,49,0,0,0,4,0,4,86,211,12,523,103,0,0,0,50,573,"19",209,0,0,0,0,16,12,10,0,0,30,30,0,0,0,8325,5940,335,"Bagmati Province","Makwanpur","Rural Municipality","Bhimphedi Rural Municipality"
"383",31208,"Rural Municipality","Province 3","Makwanpur","Makawanpurgadhi Rural Municipality",439,419,389,389,383,375,401,273,129,400,61,5,52,2,609,7,7,197,5,6,1943,1729,241,12,0,992,242,885,1245,"1127",475,147,17,963,1602,164,187,39,34,121,358,44,189,253,6,0,88,0,37,0,0,0,0,0,0,0,0,0,0,0,0,2,0,2,60,96,6,256,113,0,0,0,35,378,"12",124,0,0,0,0,18,11,10,0,0,23,23,0,0,0,7786,5637,339,"Bagmati Province","Makwanpur","Rural Municipality","Makawanpurgadhi Rural Municipality"
"384",31209,"Rural Municipality","Province 3","Makwanpur","Bakaiya Rural Municipality",771,788,783,785,709,582,737,422,148,632,260,22,252,5,829,7,3,664,12,4,3636,3313,479,105,0,2884,745,2748,3468,"3493",645,266,9,3248,4168,275,430,223,224,199,591,95,271,362,17,0,283,1,110,0,0,0,0,0,0,16,0,65,0,0,0,3,1,4,149,391,1,941,134,0,0,0,54,595,"19",224,0,0,0,3,63,36,37,0,0,71,71,0,0,0,12843,8476,334,"Bagmati Province","Makwanpur","Rural Municipality","Bakaiya Rural Municipality"
"385",31210,"Rural Municipality","Province 3","Makwanpur","Bagmati Rural Municipality",575,586,564,566,476,352,439,214,218,469,169,14,151,7,393,1,2,179,4,5,2363,2080,149,36,1,1546,190,1227,1732,"1417",408,309,1,1888,2606,310,267,106,28,135,427,61,172,280,0,0,206,4,65,0,0,0,0,0,0,14,0,28,0,0,0,2,1,3,72,156,3,361,112,0,0,0,26,303,"12",131,0,0,0,0,58,32,25,0,0,25,25,0,1,0,5635,4206,333,"Bagmati Province","Makwanpur","Rural Municipality","Bagmati Rural Municipality"
"386",31301,"Municipality ","Province 3","Chitwan","Rapti Municipality",1133,1218,1179,1259,1200,1052,1274,780,221,1252,326,27,297,2,1036,65,26,434,78,36,5798,5200,1096,203,0,1415,1374,1362,2714,"2736",1316,653,14,1704,3687,667,559,173,78,251,901,202,404,402,17,0,133,1,63,0,0,0,0,0,0,16,0,193,0,0,0,5,0,5,182,570,40,901,268,0,0,0,46,439,"15",167,0,0,0,1,83,43,40,0,0,243,243,4,1,6,23172,15470,401,"Bagmati Province","Chitwan","Municipality ","Rapti Municipality"
"387",31302,"Municipality ","Province 3","Chitwan","Kalika Municipality",797,852,761,773,838,776,870,601,201,761,207,17,200,2,698,7,6,326,8,3,3852,3522,393,16,4,1367,418,1820,1780,"2238",524,301,1,1756,2582,302,258,147,216,231,534,90,293,371,0,0,170,0,15,0,0,0,0,0,0,1,0,43,0,0,0,1,0,1,137,355,39,401,376,0,0,0,35,382,"12",130,1,1,0,1,80,44,40,0,0,181,181,2,0,1,14650,11180,398,"Bagmati Province","Chitwan","Municipality ","Kalika Municipality"
"388",31303,"Rural Municipality","Province 3","Chitwan","Ichchha Kamana Rural Municipality",554,596,594,600,572,506,610,364,52,532,173,14,173,6,489,16,3,218,18,11,2042,1857,442,71,0,916,580,857,1429,"1437",616,411,3,1008,2038,414,254,221,103,162,354,46,94,136,4,0,128,0,58,0,0,0,0,0,0,0,0,0,0,0,0,3,0,3,68,502,26,317,124,0,0,0,41,380,"12",130,0,0,0,0,22,8,11,0,0,44,44,1,0,4,10838,8010,397,"Bagmati Province","Chitwan","Rural Municipality","Ichchha Kamana Rural Municipality"
"389",31304,"Metropolitan City","Province 3","Chitwan","Bharatpur Metropolitan City",8800,6804,5717,5439,5263,5061,5732,3580,503,4770,960,80,946,717,5992,48,15,2468,83,48,20590,18853,1100,203,28,3321,609,3269,4652,"3878",1745,1358,28,5461,8592,1386,429,364,181,1703,11737,845,3209,3486,3,0,3495,28,563,0,0,0,0,0,0,148,159,1577,1849,0,0,0,12,12,1398,1776,2311,1835,1397,0,0,0,210,1735,"38",390,11231,151,6,58,442,243,213,12,6,2938,2938,30,15,115,345772,294905,396,"Bagmati Province","Chitwan","Metropolitan City","Bharatpur Metropolitan City"
"390",31305,"Municipality ","Province 3","Chitwan","Ratnanagar Municipality",992,1200,1144,1162,1236,1153,1329,862,112,1215,255,21,236,4,1269,19,0,331,7,2,5252,3496,621,15,0,1364,580,1288,2000,"1868",1264,94,0,1631,2989,94,89,100,49,240,1467,79,675,583,0,0,138,3,286,0,0,0,0,0,0,18,1,147,87,0,0,0,0,0,234,531,346,555,767,0,0,0,58,472,"6",68,0,0,0,18,129,42,39,1,0,938,938,6,5,15,51528,34416,402,"Bagmati Province","Chitwan","Municipality ","Ratnanagar Municipality"
"391",31306,"Municipality ","Province 3","Chitwan","Khairahani Municipality",773,951,879,945,934,747,911,769,17,944,223,19,208,0,892,16,0,425,8,1,4978,4500,160,1,0,567,209,561,728,"770",541,239,1,1272,2053,240,181,123,40,122,977,69,517,560,0,0,31,0,12,0,0,1,0,0,0,3,0,239,0,0,0,0,0,0,293,263,218,307,391,0,0,0,34,394,"11",125,0,0,0,0,67,31,30,0,0,251,251,10,0,10,17720,12556,399,"Bagmati Province","Chitwan","Municipality ","Khairahani Municipality"
"392",31307,"Municipality ","Province 3","Chitwan","Madi Municipality",642,712,618,620,729,576,738,481,95,546,187,16,187,5,673,8,1,185,7,2,3364,2961,786,58,0,1094,811,1001,1938,"1812",1173,286,8,1239,2706,294,248,148,82,236,496,103,337,431,0,0,331,0,123,0,0,0,0,0,0,0,0,0,0,0,0,1,0,1,347,196,44,407,244,0,0,0,36,425,"11",125,0,0,0,0,48,20,16,1,0,308,308,2,4,1,31922,22278,400,"Bagmati Province","Chitwan","Municipality ","Madi Municipality"
"393",40101,"Rural Municipality","Gandaki Province","Gorkha","Chumanubri Rural Municipality",138,143,137,137,154,137,141,41,58,128,194,16,138,1,201,4,4,204,2,0,691,529,324,79,0,403,344,368,806,"712",570,113,0,262,945,113,133,276,137,23,147,5,69,71,7,8,22,14,41,0,0,0,0,0,0,1,0,1,0,0,0,0,0,0,14,50,0,101,28,0,0,0,57,337,"15",155,0,0,0,0,15,0,0,0,0,0,0,0,0,0,5664,5223,407,"Gandaki Province","Gorkha","Rural Municipality","Chumanubri Rural Municipality"
"394",40102,"Rural Municipality","Gandaki Province","Gorkha","Ajirkot Rural Municipality",222,242,246,246,215,209,219,135,58,190,176,15,164,5,225,0,0,307,1,0,931,854,274,1,0,217,242,217,492,"459",483,86,6,489,1064,92,89,28,45,57,191,21,121,155,1,0,83,1,64,0,0,0,0,0,0,2,0,56,3,0,0,0,0,0,318,363,10,444,142,0,0,0,45,519,"17",220,0,0,0,0,7,8,8,0,0,5,5,0,0,0,7419,6270,405,"Gandaki Province","Gorkha","Rural Municipality","Ajirkot Rural Municipality"
"395",40103,"Rural Municipality","Gandaki Province","Gorkha","Sulikot Rural Municipality",331,373,398,398,381,329,421,183,135,357,230,19,216,0,383,3,1,292,3,0,1915,1716,546,32,1,490,579,475,1069,"1054",909,286,15,819,2029,301,514,129,137,89,300,54,129,207,4,1,129,15,121,0,1,0,0,0,0,2,0,12,0,0,0,2,0,2,127,396,28,424,137,0,0,0,62,652,"23",249,0,0,0,0,23,10,8,0,0,0,0,0,0,0,13115,9799,414,"Gandaki Province","Gorkha","Rural Municipality","Sulikot Rural Municipality"
"396",40104,"Rural Municipality","Gandaki Province","Gorkha","Dharche Rural Municipality",254,257,275,275,286,253,300,102,98,266,187,16,165,0,364,2,0,264,2,0,1022,941,608,137,5,793,735,901,1543,"1636",700,119,11,657,1487,130,410,105,207,38,207,9,85,113,3,20,68,18,92,0,0,0,0,0,0,0,0,37,0,0,0,1,0,1,79,447,3,301,120,0,0,0,50,640,"12",134,0,0,0,15,13,6,6,0,0,0,0,0,0,0,8674,6273,408,"Gandaki Province","Gorkha","Rural Municipality","Dharche Rural Municipality"
"397",40105,"Rural Municipality","Gandaki Province","Gorkha","Aarughat Rural Municipality",293,340,331,331,355,381,400,260,76,328,221,18,216,0,440,4,0,519,2,0,1686,1506,228,36,0,688,276,699,952,"975",411,65,3,678,1157,68,152,6,68,166,399,56,137,208,0,0,182,4,90,0,0,0,0,0,0,15,1,173,25,0,0,0,0,0,224,493,113,762,314,0,0,0,44,503,"21",238,1,0,1,34,23,14,11,0,0,74,74,1,0,0,22551,16360,404,"Gandaki Province","Gorkha","Rural Municipality","Aarughat Rural Municipality"
"398",40106,"Rural Municipality","Gandaki Province","Gorkha","Bhimsen Rural Municipality",266,342,350,350,294,263,291,150,87,269,228,19,219,7,454,0,1,269,0,0,1473,1321,285,1,0,697,345,706,983,"1051",510,239,0,1538,2287,239,277,42,48,68,167,50,159,204,0,0,135,2,120,0,0,0,0,0,0,2,0,41,0,0,0,1,0,1,85,270,14,335,187,0,0,0,57,643,"23",253,0,0,0,0,16,9,8,0,0,0,0,0,0,0,10402,8052,406,"Gandaki Province","Gorkha","Rural Municipality","Bhimsen Rural Municipality"
"399",40107,"Rural Municipality","Gandaki Province","Gorkha","Siranchowk Rural Municipality",260,342,374,373,318,286,329,194,58,346,328,27,314,6,475,3,0,347,0,0,1484,2429,309,32,0,304,342,298,645,"640",838,147,2,656,1643,149,376,55,160,106,220,67,218,289,4,0,93,1,83,0,0,0,0,0,0,6,0,32,0,0,0,1,1,2,188,327,16,459,234,0,0,0,64,708,"24",271,0,0,0,1,12,15,14,0,0,53,53,0,0,0,15250,12033,413,"Gandaki Province","Gorkha","Rural Municipality","Siranchowk Rural Municipality"
"400",40108,"Municipality ","Gandaki Province","Gorkha","Palungtar Municipality",553,612,584,584,599,553,612,324,181,593,370,31,330,23,568,9,2,587,4,1,3045,2784,511,63,0,505,814,502,1079,"1316",982,59,1,1676,2718,60,168,91,164,220,553,109,366,473,1,0,364,0,206,0,0,0,0,0,0,16,0,60,0,0,0,1,1,2,254,287,34,562,324,0,0,0,65,792,"25",292,0,0,0,1,26,12,12,0,0,215,215,0,0,0,24107,18470,411,"Gandaki Province","Gorkha","Municipality ","Palungtar Municipality"
"401",40109,"Municipality ","Gandaki Province","Gorkha","Gorkha Municipality",1067,1021,987,987,943,874,1043,748,295,870,286,24,260,60,1247,3,0,937,2,0,4733,4354,623,39,0,717,524,711,1379,"1235",1820,486,30,1377,3713,516,821,106,265,212,982,102,617,762,37,4,993,1,214,0,0,0,0,0,0,5,1,385,241,1,0,3,1,5,143,293,101,406,389,3,0,8,60,681,"23",276,79,6,0,1,46,18,18,1,0,203,203,0,0,0,40620,29190,410,"Gandaki Province","Gorkha","Municipality ","Gorkha Municipality"
"402",40110,"Rural Municipality","Gandaki Province","Gorkha","Shahid Lakhan Rural Municipality",303,430,410,410,388,412,424,198,120,423,286,24,279,2,594,2,0,408,3,2,1333,1150,245,11,2,697,300,702,955,"1002",577,197,0,902,1676,197,146,27,63,76,234,34,162,206,0,0,48,0,45,0,1,0,0,0,0,0,0,13,0,0,0,2,0,2,98,165,6,282,135,0,0,0,54,611,"27",324,0,0,0,0,14,3,3,0,0,22,22,0,0,0,8958,6755,412,"Gandaki Province","Gorkha","Rural Municipality","Shahid Lakhan Rural Municipality"
"403",40111,"Rural Municipality","Gandaki Province","Gorkha","Gandaki Rural Municipality",275,346,329,329,305,311,376,175,98,284,256,21,253,3,516,2,1,370,12,18,1186,1071,255,49,0,592,310,543,896,"853",776,104,25,1217,2122,129,333,60,228,77,236,51,137,174,2,0,118,0,100,0,0,0,0,0,0,3,0,47,0,0,0,1,2,3,90,381,24,372,234,0,0,0,55,622,"22",258,0,0,0,0,10,8,7,0,0,180,180,0,0,0,12517,9972,409,"Gandaki Province","Gorkha","Rural Municipality","Gandaki Rural Municipality"
"404",40201,"Rural Municipality","Gandaki Province","Manang","Naraphu Rural Municipality",0,1,4,5,5,13,10,0,0,11,24,2,18,0,0,0,0,2,0,0,28,24,5,0,0,8,5,8,13,"13",11,2,0,18,31,2,1,0,0,0,1,0,0,0,0,0,0,0,0,0,0,0,0,0,0,0,0,0,0,0,0,0,0,0,2,0,0,0,8,0,0,0,18,63,"1",8,0,0,0,0,0,0,0,0,0,0,0,0,0,0,348,416,450,"Gandaki Province","Manang","Rural Municipality","Naraphu Rural Municipality"
"405",40202,"Rural Municipality","Gandaki Province","Manang","Neshang Rural Municipality",11,13,12,12,10,22,19,7,8,21,112,9,106,0,22,0,0,10,0,0,60,52,18,4,0,5,19,5,27,"24",71,4,0,9,84,4,10,0,7,3,21,0,3,2,1,0,3,0,4,0,0,0,0,0,0,0,0,0,0,0,0,0,0,0,18,49,0,47,83,0,0,0,62,637,"3",24,0,0,0,1,0,0,0,0,0,0,0,0,0,0,1521,2185,452,"Gandaki Province","Manang","Rural Municipality","Neshang Rural Municipality"
"406",40203,"Rural Municipality","Gandaki Province","Manang","Chame Rural Municipality",7,12,13,13,10,14,14,7,9,17,34,3,34,1,22,0,0,6,0,0,64,58,15,7,0,85,22,85,107,"107",40,22,0,52,114,22,30,0,19,2,22,0,2,0,1,0,9,0,6,0,0,0,0,0,0,0,0,0,0,0,0,0,0,0,19,91,0,24,12,0,0,0,9,80,"2",23,0,0,0,0,0,0,0,0,0,0,0,0,0,0,908,1599,449,"Gandaki Province","Manang","Rural Municipality","Chame Rural Municipality"
"407",40204,"Rural Municipality","Gandaki Province","Manang","Nashong Rural Municipality",11,19,18,19,21,18,24,15,8,17,54,5,53,0,26,0,0,17,0,0,33,30,33,12,1,125,44,125,171,"169",114,20,2,118,254,22,31,1,13,6,26,0,13,16,0,0,14,0,12,0,0,0,0,0,0,0,0,0,0,0,0,0,0,0,3,14,0,4,41,0,0,0,25,296,"4",47,0,0,0,0,0,0,0,0,0,0,0,0,0,0,1737,1911,451,"Gandaki Province","Manang","Rural Municipality","Nashong Rural Municipality"
"408",40301,"Rural Municipality","Gandaki Province","Mustang","Dalome Rural Municipality",9,15,17,17,16,15,37,3,4,22,40,3,15,1,5,0,0,2,0,0,37,28,12,2,0,4,8,4,18,"12",37,4,0,0,41,4,6,7,34,2,11,0,3,3,0,0,0,1,1,0,0,0,0,0,0,0,0,0,0,0,0,0,0,0,3,0,0,27,4,0,0,0,19,9,"4",17,0,0,0,0,0,0,0,0,0,0,0,0,0,0,661,1057,454,"Gandaki Province","Mustang","Rural Municipality","Dalome Rural Municipality"
"409",40302,"Rural Municipality","Gandaki Province","Mustang","Gharpajhong Rural Municipality",26,36,37,36,47,40,50,13,29,33,62,5,62,0,57,0,1,7,0,0,286,258,67,16,0,10,60,3,93,"63",341,41,0,20,402,41,63,0,101,1,47,1,15,24,0,0,26,0,12,0,0,0,0,0,0,0,0,0,0,0,0,0,0,0,44,52,17,75,19,0,0,0,17,159,"4",44,0,0,0,0,1,0,0,0,0,0,0,0,0,0,3203,3716,455,"Gandaki Province","Mustang","Rural Municipality","Gharpajhong Rural Municipality"
"410",40303,"Rural Municipality","Gandaki Province","Mustang","Bahragaun Muktikshetra Rural Municipality",18,28,30,31,32,25,35,6,4,26,42,4,39,0,52,0,0,35,0,1,172,157,79,2,0,62,95,59,143,"154",177,25,0,97,299,25,43,12,35,3,19,1,12,11,1,1,2,0,4,1,0,0,0,0,0,0,0,0,0,0,0,0,0,0,16,0,0,48,45,0,0,0,32,128,"7",76,0,0,0,0,1,0,0,0,0,0,0,0,0,0,1990,2838,453,"Gandaki Province","Mustang","Rural Municipality","Bahragaun Muktikshetra Rural Municipality"
"411",40304,"Rural Municipality","Gandaki Province","Mustang","Lomanthang Rural Municipality",7,9,18,17,15,19,18,2,2,12,28,2,23,0,13,0,0,17,0,0,39,43,6,0,0,3,3,0,9,"3",26,5,3,0,34,8,10,3,0,1,5,0,0,1,0,0,0,1,0,0,0,0,0,0,0,0,0,0,0,0,0,0,0,0,0,0,0,0,6,0,0,0,27,18,"2",12,0,0,0,5,0,0,0,0,0,0,0,0,0,0,876,1001,456,"Gandaki Province","Mustang","Rural Municipality","Lomanthang Rural Municipality"
"412",40305,"Rural Municipality","Gandaki Province","Mustang","Thasang Rural Municipality",44,51,57,58,54,42,60,26,17,51,77,6,77,1,81,1,0,34,2,0,204,183,117,20,1,132,133,100,270,"233",382,107,0,201,690,107,98,24,155,18,45,6,25,30,0,3,20,0,14,0,0,0,0,0,0,0,0,6,0,0,0,0,0,0,32,29,0,83,78,0,0,0,33,312,"5",60,0,0,0,2,0,1,0,0,0,0,0,0,0,0,4092,4348,457,"Gandaki Province","Mustang","Rural Municipality","Thasang Rural Municipality"
"413",40401,"Rural Municipality","Gandaki Province","Myagdi","Annapurna Rural Municipality",153,188,185,182,183,168,200,67,75,203,234,20,232,1,189,0,0,160,0,18,564,367,133,18,1,246,152,234,398,"386",436,60,0,334,830,60,80,10,10,20,103,11,88,92,2,7,42,1,40,0,0,0,0,0,0,6,0,40,0,0,0,0,1,1,52,268,45,107,140,0,0,0,69,605,"16",185,0,0,0,0,4,0,1,0,0,0,0,0,0,0,7100,6332,458,"Gandaki Province","Myagdi","Rural Municipality","Annapurna Rural Municipality"
"414",40402,"Rural Municipality","Gandaki Province","Myagdi","Raghuganga Rural Municipality",215,245,254,248,253,251,283,96,130,248,169,14,163,2,319,1,0,210,1,1,857,776,202,23,1,371,235,384,597,"619",370,56,2,352,780,58,77,6,17,39,156,21,83,94,11,16,41,4,44,0,0,0,0,0,0,4,0,95,0,0,0,0,0,0,63,196,11,120,202,0,0,0,69,815,"14",164,0,0,0,1,5,2,0,0,0,0,0,0,0,0,7566,5766,463,"Gandaki Province","Myagdi","Rural Municipality","Raghuganga Rural Municipality"
"415",40403,"Rural Municipality","Gandaki Province","Myagdi","Dhawalagiri Rural Municipality",308,297,278,278,267,255,292,113,131,301,185,15,172,1,263,0,0,227,0,1,1201,1094,730,48,0,597,755,558,1375,"1313",785,65,7,773,1630,72,127,42,40,59,146,38,119,168,36,25,95,11,115,0,0,1,0,0,0,10,0,105,0,1,0,1,1,3,31,131,37,111,149,0,0,0,64,656,"12",130,0,0,0,2,2,0,0,0,0,0,0,0,0,0,13686,8824,460,"Gandaki Province","Myagdi","Rural Municipality","Dhawalagiri Rural Municipality"
"416",40404,"Rural Municipality","Gandaki Province","Myagdi","Malika Rural Municipality",396,388,394,392,335,305,359,173,196,311,196,16,188,2,557,1,0,405,5,1,1897,1690,535,49,3,649,525,751,1236,"1276",985,64,1,565,1615,65,229,17,98,122,272,56,193,257,8,12,191,7,104,0,0,0,0,0,0,15,0,229,0,0,0,2,1,3,74,293,45,239,234,0,0,0,53,571,"13",144,0,0,0,6,6,1,1,0,0,0,0,0,0,0,15327,11169,461,"Gandaki Province","Myagdi","Rural Municipality","Malika Rural Municipality"
"417",40405,"Rural Municipality","Gandaki Province","Myagdi","Mangala Rural Municipality",321,332,300,300,295,247,292,131,131,300,221,18,209,1,392,0,1,361,1,1,1491,1294,259,8,0,430,259,422,697,"681",474,86,0,424,984,86,82,3,0,82,188,42,115,157,0,2,97,0,89,0,0,0,0,0,0,5,0,65,0,0,0,1,0,1,102,156,21,232,276,1,0,0,36,322,"11",125,0,0,0,9,1,0,0,0,0,0,0,0,0,0,8603,7176,462,"Gandaki Province","Myagdi","Rural Municipality","Mangala Rural Municipality"
"418",40406,"Municipality ","Gandaki Province","Myagdi","Beni Municipality",691,737,681,679,707,562,777,347,486,565,350,29,344,96,422,0,0,515,2,0,1496,1411,267,10,0,674,268,832,951,"1100",493,92,0,1175,1760,92,140,19,62,200,836,187,761,962,3,4,984,0,170,0,0,0,0,0,0,52,4,701,65,0,0,0,0,0,157,1755,1133,330,343,0,0,0,70,801,"13",152,15,1,0,0,22,14,12,0,0,0,0,5,0,0,29819,22097,459,"Gandaki Province","Myagdi","Municipality ","Beni Municipality"
"419",40501,"Rural Municipality","Gandaki Province","Kaski","Madi Rural Municipality",133,219,192,192,215,190,243,84,82,196,245,20,244,2,291,0,1,214,7,0,1039,951,120,30,0,572,147,478,722,"625",628,213,3,1050,1894,216,268,7,122,46,136,14,41,57,4,1,31,0,30,0,0,0,0,0,0,0,0,1,0,0,0,1,1,2,48,288,113,100,360,1,1,8,99,1017,"25",278,0,0,0,0,7,2,1,0,0,23,23,0,0,0,10541,8981,446,"Gandaki Province","Kaski","Rural Municipality","Madi Rural Municipality"
"420",40502,"Rural Municipality","Gandaki Province","Kaski","Machhapuchchhre Rural Municipality",267,391,384,384,340,353,370,124,125,361,308,26,302,2,456,15,1,413,5,1,1663,1484,153,17,1,939,187,966,1110,"1153",554,171,1,1356,2082,172,162,7,20,34,226,18,128,150,1,0,61,3,23,0,0,0,0,0,0,0,0,1,1,0,0,1,0,1,108,414,70,230,263,0,0,0,104,1015,"25",290,0,0,0,1,12,7,3,0,0,62,62,2,0,1,10066,7502,445,"Gandaki Province","Kaski","Rural Municipality","Machhapuchchhre Rural Municipality"
"421",40503,"Rural Municipality","Gandaki Province","Kaski","Annapurna Rural Municipality",282,431,399,399,431,367,462,146,123,359,240,20,230,3,550,1,0,443,0,0,1946,1732,201,4,0,838,200,807,1043,"1007",565,76,0,1897,2538,76,80,5,58,66,209,28,114,194,0,2,55,3,43,0,0,1,0,0,0,0,0,32,0,0,0,2,1,3,90,229,93,136,236,0,0,0,112,1063,"16",166,0,0,0,0,9,4,3,0,0,48,48,0,0,0,8474,6308,444,"Gandaki Province","Kaski","Rural Municipality","Annapurna Rural Municipality"
"422",40504,"Metropolitan City","Gandaki Province","Kaski","Pokhara Lekhnath Metropolitan City",11421,7554,7462,7491,7511,6711,7960,5081,2716,3944,1580,132,1451,1173,10377,60,17,3937,113,34,21761,19694,862,106,7,7110,1056,6389,8085,"7445",2574,447,1,10698,13720,448,524,29,152,3046,16037,2095,11803,10471,13,0,13710,0,2041,0,0,0,1,2,10,155,204,2014,2585,0,0,2,45,47,1481,4863,5243,1446,3142,537,18,341,639,6385,"84",960,4153,127,39,984,439,208,202,15,7,2050,2050,21,2,74,405937,349801,447,"Gandaki Province","Kaski","Metropolitan City","Pokhara Lekhnath Metropolitan City"
"423",40505,"Rural Municipality","Gandaki Province","Kaski","Rupa Rural Municipality",134,189,174,173,174,198,219,51,43,196,210,18,207,4,282,3,0,300,0,0,1110,995,79,3,0,379,98,467,461,"565",226,124,0,880,1230,124,185,0,15,40,79,13,58,73,0,0,20,0,11,0,0,0,0,0,0,1,0,20,3,0,0,0,0,0,43,209,43,101,296,0,0,0,73,728,"15",162,0,1,0,7,10,4,1,1,0,45,45,0,0,0,6641,6049,448,"Gandaki Province","Kaski","Rural Municipality","Rupa Rural Municipality"
"424",40601,"Rural Municipality","Gandaki Province","Lamjung","Dordi Rural Municipality",183,271,276,276,268,209,248,118,87,254,85,7,83,0,368,0,0,191,5,0,1215,1070,226,12,0,610,207,611,848,"818",372,42,0,579,993,42,80,55,37,48,176,14,113,135,1,2,15,4,14,0,0,0,0,0,0,0,0,0,0,0,0,14,0,14,117,77,52,208,125,0,0,0,84,919,"27",318,0,0,3,4,13,3,3,0,0,0,0,0,0,0,7782,6720,416,"Gandaki Province","Lamjung","Rural Municipality","Dordi Rural Municipality"
"425",40602,"Rural Municipality","Gandaki Province","Lamjung","Marshyangdi Rural Municipality",184,266,249,249,245,251,285,96,72,254,117,10,106,1,277,2,1,124,0,0,1204,1067,140,31,0,537,160,539,708,"699",378,150,0,428,956,150,225,53,76,53,166,19,92,125,0,0,51,0,37,0,0,0,0,0,0,11,0,40,0,0,0,0,0,0,69,158,112,247,150,0,0,0,63,663,"22",254,0,0,0,7,11,4,4,0,0,4,4,1,1,0,9055,7610,420,"Gandaki Province","Lamjung","Rural Municipality","Marshyangdi Rural Municipality"
"426",40603,"Rural Municipality","Gandaki Province","Lamjung","Kwhola Sothar Rural Municipality",105,113,123,125,124,107,131,51,56,143,79,7,78,0,218,1,0,135,1,0,304,261,225,22,3,238,225,232,488,"457",368,138,2,330,838,140,201,6,59,25,113,13,76,89,10,5,46,2,53,0,0,0,0,0,0,0,0,0,1,0,0,1,0,1,66,112,41,109,156,0,0,0,66,677,"16",184,0,0,4,1,3,0,0,0,0,10,10,0,0,0,7171,5988,418,"Gandaki Province","Lamjung","Rural Municipality","Kwhola Sothar Rural Municipality"
"427",40604,"Municipality ","Gandaki Province","Lamjung","Madhya Nepal Municipality",361,473,460,460,442,438,518,247,202,505,45,4,41,11,630,11,2,415,8,2,1703,1543,227,69,0,612,308,605,908,"913",634,113,2,2078,2827,115,112,14,34,93,356,70,269,335,8,2,188,2,176,0,0,0,0,0,0,3,0,24,0,0,0,1,0,1,140,110,107,227,307,1,0,0,110,1306,"26",301,0,0,3,0,17,3,3,0,0,119,119,1,0,1,15931,12179,419,"Gandaki Province","Lamjung","Municipality ","Madhya Nepal Municipality"
"428",40605,"Municipality ","Gandaki Province","Lamjung","Bensi Shahar Municipality",1265,810,788,798,883,615,745,460,344,861,147,12,150,69,541,4,0,411,6,1,875,809,254,64,0,881,258,965,1199,"1223",418,104,4,1303,1829,108,120,114,143,363,1351,237,884,2557,3,0,1256,0,224,0,0,0,0,0,1,0,0,0,0,0,0,0,1,1,209,308,310,358,366,994,0,116,96,1060,"26",308,552,5,0,2,34,14,14,0,0,2,2,0,0,0,59104,40861,415,"Gandaki Province","Lamjung","Municipality ","Besi Shahar Municipality"
"429",40606,"Municipality ","Gandaki Province","Lamjung","Sundarbazar Municipality",360,597,568,565,481,420,489,188,176,488,116,10,115,2,741,0,0,319,0,0,3513,3235,232,8,2,330,209,393,572,"602",524,101,3,826,1454,104,81,16,41,75,263,39,216,235,1,0,56,0,41,0,0,0,0,0,0,0,0,10,0,0,0,4,1,5,115,95,184,228,263,0,0,0,105,1183,"24",325,71,0,0,0,29,12,11,0,0,179,179,0,0,0,18305,13653,422,"Gandaki Province","Lamjung","Municipality ","Sundarbazar Municipality"
"430",40607,"Municipality ","Gandaki Province","Lamjung","Rainas Municipality",196,283,299,300,273,241,277,123,105,247,48,4,44,2,417,1,1,228,3,1,902,806,172,9,0,631,174,611,812,"785",388,118,1,1105,1612,119,140,18,51,50,200,22,171,157,0,0,70,0,50,0,0,0,0,0,0,2,0,13,0,0,0,0,0,0,75,116,50,125,181,0,0,0,65,752,"19",229,0,0,1,0,11,7,6,0,0,21,21,0,0,0,8879,6424,421,"Gandaki Province","Lamjung","Municipality ","Rainas Municipality"
"431",40608,"Rural Municipality","Gandaki Province","Lamjung","Dudhapokhari Rural Municipality",132,166,164,160,167,151,178,59,55,168,84,7,84,0,202,8,0,112,0,0,265,234,185,50,0,527,230,517,762,"747",374,86,0,558,1018,86,93,55,6,39,119,15,74,90,5,0,20,5,25,0,0,0,0,0,0,0,0,0,0,0,0,0,0,0,73,94,31,126,94,1,0,0,53,482,"14",161,0,0,0,0,6,0,0,0,0,0,0,0,0,0,5019,4497,417,"Gandaki Province","Lamjung","Rural Municipality","Dudhapokhari Rural Municipality"
"432",40701,"Municipality ","Gandaki Province","Tanahu","Bhanu Municipality",488,661,659,659,609,558,700,282,241,575,395,33,395,0,580,2,0,410,1,0,3178,2932,228,35,0,647,379,639,910,"1018",765,53,0,1231,2049,53,140,83,53,168,417,53,208,314,2,0,83,0,5,0,0,0,0,0,0,1,3,41,0,1,0,2,0,3,215,272,29,410,294,0,0,0,66,909,"25",294,0,0,0,4,22,21,16,0,0,0,0,0,0,0,15919,12374,425,"Gandaki Province","Tanahu","Municipality ","Bhanu Municipality"
"433",40702,"Municipality ","Gandaki Province","Tanahu","Byas Municipality",1354,1620,1561,1561,1552,1343,1553,846,722,797,561,47,552,202,2169,16,5,1271,5,1,7764,6981,144,45,1,901,178,837,1091,"1015",608,89,3,847,1547,92,251,61,61,301,1049,173,670,848,8,3,828,0,428,0,0,0,0,0,0,20,0,253,0,0,0,0,0,0,252,435,376,382,236,0,0,0,108,1297,"30",351,229,5,0,8,75,26,21,0,0,222,222,2,0,0,28028,18934,427,"Gandaki Province","Tanahu","Municipality ","Byas Municipality"
"434",40703,"Rural Municipality","Gandaki Province","Tanahu","Myagde Rural Municipality",227,289,281,281,264,207,269,62,72,244,172,14,162,1,354,0,0,113,0,0,1708,1565,52,0,0,295,63,301,347,"364",134,31,0,288,453,31,56,5,8,26,109,18,71,89,0,0,25,0,3,0,0,0,0,0,0,0,0,0,0,0,0,0,0,0,124,49,91,159,38,0,0,0,27,259,"10",112,0,0,0,2,4,2,2,0,0,0,0,0,0,0,3274,2545,430,"Gandaki Province","Tanahu","Rural Municipality","Myagde Rural Municipality"
"435",40704,"Municipality ","Gandaki Province","Tanahu","Shuklagandaki Municipality",742,992,972,972,949,806,984,341,319,845,358,30,345,21,1152,3,2,1039,10,2,4102,3803,155,71,2,966,267,959,1194,"1226",434,159,0,1077,1670,159,155,117,45,169,710,82,304,382,4,1,258,0,73,0,0,0,0,0,0,11,0,211,0,0,0,0,0,0,223,196,695,379,150,0,0,0,52,502,"16",183,0,0,0,0,48,21,17,0,0,86,86,1,0,1,14381,9900,432,"Gandaki Province","Tanahu","Municipality ","Shuklagandaki Municipality"
"436",40705,"Municipality ","Gandaki Province","Tanahu","Bhimad Municipality",458,571,550,550,500,428,516,280,182,480,280,23,272,14,563,6,0,332,7,2,2520,2185,240,13,0,334,326,341,587,"667",585,77,1,554,1217,78,352,120,115,136,377,51,168,216,9,0,274,0,78,0,0,0,0,0,0,8,0,54,1,0,0,2,1,3,81,128,239,136,278,0,0,0,45,517,"13",138,0,0,0,16,15,16,13,0,0,0,0,0,0,0,11743,7494,426,"Gandaki Province","Tanahu","Municipality ","Bhimad Municipality"
"437",40706,"Rural Municipality","Gandaki Province","Tanahu","Ghiring Rural Municipality",292,350,314,314,343,260,322,129,76,301,146,12,146,0,354,0,0,250,3,3,772,970,88,54,0,436,163,489,578,"652",264,118,0,724,1106,118,63,84,13,95,144,10,22,32,8,2,12,1,17,0,0,0,0,0,0,0,0,0,0,0,0,0,0,0,42,167,14,58,147,0,0,0,27,1210,"10",117,0,0,1,0,15,5,5,0,0,0,0,0,0,0,5318,3465,429,"Gandaki Province","Tanahu","Rural Municipality","Ghiring Rural Municipality"
"438",40707,"Rural Municipality","Gandaki Province","Tanahu","Rhishing Rural Municipality",385,391,348,348,356,294,355,157,99,331,264,22,260,0,408,0,5,184,3,0,1751,1540,123,23,0,613,160,613,759,"773",259,26,0,812,1097,26,38,20,92,112,172,50,114,166,0,3,47,8,44,0,0,0,0,0,0,0,0,0,0,0,0,0,0,0,82,103,29,208,234,0,0,0,43,538,"16",195,0,0,0,0,6,4,3,0,0,0,0,0,0,0,6816,4751,431,"Gandaki Province","Tanahu","Rural Municipality","Rhishing Rural Municipality"
"439",40708,"Rural Municipality","Gandaki Province","Tanahu","Devghat Rural Municipality",209,238,240,240,231,195,228,107,67,231,188,16,182,0,193,0,0,206,0,0,1169,1058,231,23,1,505,252,497,760,"749",455,76,0,467,998,76,174,74,5,62,147,16,62,89,5,0,11,1,15,0,0,0,0,0,0,1,0,9,0,0,0,0,0,0,113,98,4,153,122,0,0,0,33,354,"14",150,0,0,0,0,16,16,13,0,0,0,0,2,0,1,6716,6456,428,"Gandaki Province","Tanahu","Rural Municipality","Devghat Rural Municipality"
"440",40709,"Rural Municipality","Gandaki Province","Tanahu","Bandipur Rural Municipality",159,286,246,246,212,227,227,110,66,248,36,3,30,4,185,0,0,67,0,0,1355,1197,132,7,0,389,107,388,528,"495",386,102,0,523,1011,102,132,0,241,50,151,7,57,61,0,0,47,0,1,0,0,0,0,0,0,37,71,494,923,0,0,0,0,0,416,1586,1096,273,178,0,0,0,18,216,"5",48,0,0,0,0,20,10,5,0,0,20,22,0,0,0,7297,5581,424,"Gandaki Province","Tanahu","Rural Municipality","Bandipur Rural Municipality"
"441",40710,"Rural Municipality","Gandaki Province","Tanahu","Aanbu Khaireni Rural Municipality",317,362,352,352,358,303,363,161,145,340,158,13,138,0,302,8,5,183,26,2,1696,1568,90,13,0,529,78,452,632,"530",140,30,0,761,931,30,42,4,28,74,335,21,116,177,1,0,84,0,28,0,0,0,0,0,0,0,0,0,0,0,0,0,1,1,64,147,2,105,35,0,0,0,26,316,"7",85,0,0,0,0,30,11,10,0,0,1,1,1,0,0,4228,3202,423,"Gandaki Province","Tanahu","Rural Municipality","Aanbu Khaireni Rural Municipality"
"442",40801,"Municipality ","Gandaki Province","Nawalparasi East","Gaidakot Municipality",1072,1170,1214,1183,1159,1108,1205,685,571,1166,227,19,227,1,1070,4,7,2353,0,7,5304,4741,341,8,0,600,427,600,949,"1027",911,67,5,1084,2067,72,100,0,34,225,1125,166,913,1069,0,0,93,0,121,0,0,0,0,0,0,11,0,352,4,0,0,0,0,0,266,220,203,535,445,0,0,0,39,464,"7",84,0,0,0,2,99,36,27,7,0,1561,1561,8,9,1,18946,16171,769,"Gandaki Province","Nawalparasi East","Municipality ","Gaidakot Municipality"
"443",40802,"Rural Municipality","Gandaki Province","Nawalparasi East","Bulingtar Rural Municipality",223,238,219,221,204,183,207,93,70,206,212,18,175,2,288,0,0,169,0,0,1469,1318,254,6,0,487,309,462,747,"771",442,80,2,636,1160,82,96,79,137,77,99,42,96,124,0,28,66,3,92,0,0,0,0,0,0,3,0,20,0,0,0,0,0,0,0,0,0,0,100,0,1,0,44,408,"12",123,0,0,0,0,7,2,6,0,0,6,6,0,0,0,6875,4980,766,"Gandaki Province","Nawalparasi East","Rural Municipality","Bulingtar Rural Municipality"
"444",40803,"Rural Municipality","Gandaki Province","Nawalparasi East","Bungdikali Rural Municipality",193,201,199,195,210,222,248,119,60,246,155,13,136,0,213,2,1,98,1,0,1038,968,246,5,1,367,299,348,619,"647",372,189,4,518,1083,193,193,47,11,71,145,40,88,131,0,5,61,10,18,0,0,0,0,0,0,0,0,28,0,0,0,0,0,0,102,39,1,125,63,0,0,0,52,504,"12",117,0,0,0,9,22,9,7,2,0,9,9,1,0,0,6812,4809,767,"Gandaki Province","Nawalparasi East","Rural Municipality","Bungdikali Rural Municipality"
"445",40804,"Rural Municipality","Gandaki Province","Nawalparasi East","Hupsekot Rural Municipality",405,388,399,399,401,385,468,224,105,394,142,12,130,3,400,2,1,190,0,3,2166,1933,138,2,0,252,140,236,392,"376",212,58,1,347,618,59,73,13,21,96,276,63,247,314,0,0,52,0,48,0,0,0,0,0,0,15,0,125,0,0,0,0,0,0,26,15,3,25,86,0,0,0,25,279,"11",125,0,0,0,0,25,19,14,0,0,75,75,0,0,0,5781,4428,770,"Gandaki Province","Nawalparasi East","Rural Municipality","Hupsekot Rural Municipality"
"446",40805,"Municipality ","Gandaki Province","Nawalparasi East","Devchuli Municipality",679,673,636,636,601,577,738,429,286,678,209,17,153,9,983,1,1,627,22,1,4290,3826,91,1,0,399,96,399,491,"495",281,99,0,706,1086,99,127,6,96,160,1015,115,698,823,0,0,326,0,54,0,0,0,0,0,0,19,0,114,0,0,0,0,0,0,0,0,0,0,191,0,0,0,38,328,"9",73,42,3,0,0,38,17,15,2,0,343,343,1,2,2,12750,8517,768,"Gandaki Province","Nawalparasi East","Municipality ","Devchuli Municipality"
"447",40806,"Municipality ","Gandaki Province","Nawalparasi East","Kawasoti Municipality",1043,1183,1078,1094,1156,1070,1280,529,356,1121,264,22,238,5,1564,10,2,621,5,0,6429,5765,128,11,0,890,147,875,1029,"1022",408,155,1,1269,1833,156,204,86,90,116,812,74,549,626,2,1,114,0,99,0,0,0,0,0,0,7,0,169,0,0,0,1,0,1,229,184,14,330,202,0,0,0,48,521,"16",169,3,0,0,3,63,44,38,1,0,272,272,2,3,2,9400,7019,771,"Gandaki Province","Nawalparasi East","Municipality ","Kawasoti Municipality"
"448",40807,"Municipality ","Gandaki Province","Nawalparasi East","Madhya Bindu Municipality",852,872,783,783,848,726,934,424,347,821,308,26,228,7,1037,6,1,162,7,0,5455,4886,226,5,0,1165,232,1102,1396,"1334",540,134,3,1958,2635,137,176,42,52,177,720,128,476,634,7,0,309,0,24,0,0,0,0,0,0,7,0,170,0,0,0,0,1,1,0,0,0,0,391,0,0,0,64,581,"18",161,0,0,0,0,51,24,21,4,0,325,325,7,4,15,12676,8909,772,"Gandaki Province","Nawalparasi East","Municipality ","Madhya Bindu Municipality"
"449",40808,"Rural Municipality","Gandaki Province","Nawalparasi East","Binayi Tribeni Rural Municipality",473,560,503,503,555,502,641,231,256,581,184,15,179,7,559,0,0,418,1,1,2907,2573,134,14,0,389,141,389,537,"530",338,78,0,1094,1510,78,143,39,64,121,484,47,241,277,0,0,156,0,106,0,0,0,0,0,0,5,0,55,0,0,0,0,0,0,119,130,61,182,217,0,0,0,29,344,"6",71,55,0,0,0,44,24,20,2,1,216,216,1,2,4,6635,5912,764,"Gandaki Province","Nawalparasi East","Rural Municipality","Binayi Tribeni Rural Municipality"
"450",40808,"Rural Municipality","Gandaki Province","Nawalparasi East","Binayi Tribeni Rural Municipality",473,560,503,503,555,502,641,231,256,581,184,15,179,7,559,0,0,418,1,1,2907,2573,134,14,0,389,141,389,537,"530",338,78,0,1094,1510,78,143,39,64,121,484,47,241,277,0,0,156,0,106,0,0,0,0,0,0,5,0,55,0,0,0,0,0,0,119,130,61,182,217,0,0,0,29,344,"6",71,55,0,0,0,44,24,20,2,1,216,216,1,2,4,6635,5912,765,"Gandaki Province","Nawalparasi East","Rural Municipality","Binayi Tribeni Rural Municipality"
"451",40901,"Municipality ","Gandaki Province","Syangja","Putalibazar Municipality",633,773,692,698,695,597,711,403,625,639,477,40,453,11,707,11,1,470,1,1,3425,3111,154,19,1,729,200,735,903,"935",372,155,2,1669,2198,157,171,3,29,262,1206,195,958,1269,3,1,429,0,30,0,0,0,0,0,0,21,1,252,31,0,0,1,0,1,379,270,646,471,235,4,0,0,99,1133,"28",301,3426,12,0,1,28,15,12,1,0,83,83,0,0,0,21620,15403,442,"Gandaki Province","Syangja","Municipality ","Putalibazar Municipality"
"452",40902,"Rural Municipality","Gandaki Province","Syangja","Phedikhola Rural Municipality",176,223,219,219,217,166,232,32,45,188,136,11,131,1,213,2,0,199,0,0,998,873,33,3,0,96,33,97,132,"130",57,20,0,539,616,20,17,1,3,23,84,8,89,107,0,0,5,0,53,0,0,0,0,0,0,0,0,0,0,0,0,0,0,0,80,30,0,73,111,0,0,0,36,403,"12",142,0,0,0,12,11,6,6,0,0,0,0,0,0,0,4093,2643,441,"Gandaki Province","Syangja","Rural Municipality","Phedikhola Rural Municipality"
"453",40903,"Rural Municipality","Gandaki Province","Syangja","Aandhikhola Rural Municipality",222,307,284,284,279,259,298,79,99,284,260,22,246,2,263,2,0,272,1,0,1351,1234,189,4,0,386,185,363,579,"548",345,147,1,1003,1496,148,138,0,22,34,145,9,71,86,7,0,23,1,44,0,0,0,0,0,0,0,0,22,0,0,0,0,0,0,81,50,39,97,297,0,0,0,54,532,"18",210,0,0,0,2,3,4,4,0,0,0,0,0,0,0,8390,5938,433,"Gandaki Province","Syangja","Rural Municipality","Aandhikhola Rural Municipality"
"454",40904,"Rural Municipality","Gandaki Province","Syangja","Arjun Choupari Rural Municipality",244,295,304,295,275,271,309,142,105,299,180,15,175,1,235,3,0,364,3,0,1302,1174,110,17,0,260,122,273,387,"395",190,23,0,820,1033,23,26,2,15,33,212,21,231,229,1,0,25,0,5,0,0,0,0,0,0,0,0,0,0,0,0,1,0,1,162,126,2,166,90,0,0,0,36,405,"10",120,0,0,0,0,3,2,0,0,0,0,0,1,0,2,4345,3291,434,"Gandaki Province","Syangja","Rural Municipality","Arjun Choupari Rural Municipality"
"455",40905,"Municipality ","Gandaki Province","Syangja","Bhirkot Municipaity",387,494,502,503,444,403,431,123,111,443,252,21,237,7,440,3,1,374,2,1,1926,1745,159,0,0,283,144,273,442,"417",369,39,0,1012,1420,39,36,0,11,53,241,30,168,198,2,0,46,0,38,0,0,0,0,0,0,3,0,19,0,0,1,2,1,4,153,198,22,229,159,0,0,0,54,643,"19",220,0,0,0,0,14,7,7,0,0,0,0,0,0,0,10655,8183,435,"Gandaki Province","Syangja","Municipality ","Bhirkot Municipaity"
"456",40906,"Rural Municipality","Gandaki Province","Syangja","Biruwa Rural Municipality",177,267,288,288,345,233,270,103,42,288,228,19,223,0,175,1,0,155,2,0,1680,1567,105,7,0,500,101,515,612,"616",255,24,1,753,1033,25,102,4,35,60,124,10,48,105,0,0,31,1,6,0,0,0,0,0,0,0,0,0,0,0,0,2,0,2,146,97,9,99,227,0,0,0,54,715,"18",213,0,0,0,0,9,7,6,0,0,0,0,0,0,0,5911,4579,436,"Gandaki Province","Syangja","Rural Municipality","Biruwa Rural Municipality"
"457",40907,"Rural Municipality","Gandaki Province","Syangja","Harinas Rural Municipality",166,197,214,215,217,165,201,90,37,164,108,9,107,0,188,0,0,216,0,0,836,735,116,19,3,174,115,172,312,"287",258,3,6,538,805,9,69,2,32,57,113,22,46,84,0,0,38,1,36,0,0,0,0,0,0,3,0,8,0,0,0,0,0,0,42,58,9,43,120,0,0,0,27,327,"12",139,0,0,0,1,4,5,5,0,0,0,0,1,0,1,4212,2788,439,"Gandaki Province","Syangja","Rural Municipality","Harinas Rural Municipality"
"458",40908,"Municipality ","Gandaki Province","Syangja","Chapakot Municipality",306,406,388,388,367,335,428,105,106,405,264,22,254,2,416,0,4,440,11,2,2104,2006,386,19,0,650,310,617,1055,"927",793,124,1,1217,2135,125,32,5,44,85,208,26,97,182,0,2,93,0,89,0,0,0,0,0,0,5,0,64,0,0,0,1,0,1,191,163,16,155,179,2,0,0,54,610,"15",163,0,0,0,0,24,9,6,0,0,0,0,0,0,0,15770,11329,437,"Gandaki Province","Syangja","Municipality ","Chapakot Municipality"
"459",40909,"Municipality ","Gandaki Province","Syangja","Walling Municipality",732,993,885,892,863,795,932,443,574,786,458,38,447,24,965,22,9,891,7,1,4659,4105,792,33,0,883,737,979,1708,"1716",1515,187,17,1658,3377,204,115,17,102,384,1555,134,578,708,1,4,511,0,351,0,0,0,0,0,0,16,5,298,30,0,0,1,0,1,235,263,223,230,373,1,0,0,90,1041,"28",309,434,15,0,3,59,21,20,0,0,60,60,6,0,4,33912,27603,443,"Gandaki Province","Syangja","Municipality ","Walling Municipality"
"460",40910,"Municipality ","Gandaki Province","Syangja","Galyang Municipality",453,691,638,638,586,571,656,277,242,492,384,32,353,3,901,11,8,598,17,12,2755,2452,210,12,0,699,228,650,921,"878",856,143,1,1414,2414,144,153,15,25,317,559,41,203,219,7,0,158,0,111,0,0,1,0,0,0,2,0,20,0,0,0,4,0,4,142,214,25,97,209,0,0,0,72,738,"24",264,0,0,0,0,34,26,23,0,0,14,14,0,1,1,14872,11177,438,"Gandaki Province","Syangja","Municipality ","Galyang Municipality"
"461",40911,"Rural Municipality","Gandaki Province","Syangja","Kaligandaki Rural Municipality",213,363,341,341,345,343,369,151,173,379,188,16,172,1,391,2,1,363,11,1,1640,1438,90,5,0,74,85,76,169,"161",349,30,0,639,1018,30,67,10,73,32,273,10,195,212,0,0,33,2,50,0,0,0,0,0,0,0,0,31,0,0,0,1,0,1,138,184,13,103,72,0,0,0,36,402,"13",155,0,0,0,0,13,13,11,0,0,0,0,3,0,0,4433,3003,440,"Gandaki Province","Syangja","Rural Municipality","Kaligandaki Rural Municipality"
"462",41001,"Rural Municipality","Gandaki Province","Parbat","Modi Rural Municipality",254,354,320,320,299,291,354,124,117,301,355,30,307,1,566,0,0,456,1,0,1563,1418,145,45,0,397,190,361,587,"551",627,158,4,1568,2357,162,174,25,44,41,154,13,117,127,5,0,45,2,49,0,0,0,0,0,0,1,0,24,0,0,0,0,0,0,83,41,69,119,120,0,0,0,72,723,"20",218,0,0,0,0,6,2,0,0,0,0,0,0,0,0,11782,9097,469,"Gandaki Province","Parbat","Rural Municipality","Modi Rural Municipality"
"463",41002,"Rural Municipality","Gandaki Province","Parbat","Jaljala Rural Municipality",274,327,325,325,269,279,327,74,86,287,263,22,249,0,443,0,0,356,2,0,1097,993,176,8,2,577,194,569,763,"763",565,162,0,644,1371,162,192,29,44,56,122,39,104,143,0,0,63,1,54,0,0,0,0,0,0,9,0,43,0,0,0,1,0,1,106,149,28,161,143,0,0,0,65,601,"14",162,0,0,0,0,8,2,3,0,0,0,0,0,0,0,9319,7334,466,"Gandaki Province","Parbat","Rural Municipality","Jaljala Rural Municipality"
"464",41003,"Municipality ","Gandaki Province","Parbat","Kushma Municipality",552,778,709,704,702,575,717,406,381,377,394,33,369,2,562,0,0,475,1,0,1596,1670,181,23,1,1268,167,1243,1473,"1410",840,260,3,2692,3795,263,293,12,89,129,594,68,459,576,0,0,465,1,16,0,0,0,0,0,0,52,58,361,255,0,0,1,2,3,221,1058,405,284,242,0,0,0,100,1079,"24",276,184,0,0,0,16,4,3,0,0,0,0,2,0,1,24019,18387,467,"Gandaki Province","Parbat","Municipality ","Kushma Municipality"
"465",41004,"Municipality ","Gandaki Province","Parbat","Phalebas Municipality",334,399,385,383,366,336,418,138,221,333,280,23,260,2,682,0,0,488,2,0,1371,1203,226,37,0,880,265,864,1143,"1129",758,321,0,1808,2887,321,296,138,220,69,303,37,203,221,2,0,93,0,33,0,0,0,0,0,0,11,0,116,0,0,0,0,0,0,137,171,98,207,195,0,0,0,97,978,"19",210,0,0,0,2,8,5,6,0,0,2,2,0,0,0,18145,12725,471,"Gandaki Province","Parbat","Municipality ","Phalebas Municipality"
"466",41005,"Rural Municipality","Gandaki Province","Parbat","Mahashila Rural Municipality",129,182,160,162,142,134,167,75,87,146,212,18,212,2,301,0,0,198,0,0,809,688,111,19,0,211,137,209,341,"346",593,151,1,778,1523,152,163,32,37,60,90,29,76,118,0,0,70,5,65,0,0,0,0,0,0,3,0,24,0,0,0,0,0,0,62,167,22,95,281,0,0,0,56,520,"11",132,0,0,0,4,13,1,0,0,0,0,0,0,0,0,7524,5920,468,"Gandaki Province","Parbat","Rural Municipality","Mahashila Rural Municipality"
"467",41006,"Rural Municipality","Gandaki Province","Parbat","Bihadi Rural Municipality",187,248,236,234,223,228,227,92,121,202,203,17,180,3,354,1,1,166,1,0,314,282,88,0,1,91,81,86,180,"167",416,198,2,562,1178,200,117,46,60,52,124,17,111,146,0,0,93,0,70,0,0,0,0,0,0,8,0,76,0,0,0,0,0,0,81,83,16,136,97,0,0,0,53,505,"11",124,0,0,0,0,9,5,5,0,0,0,0,0,0,0,6740,5011,465,"Gandaki Province","Parbat","Rural Municipality","Bihadi Rural Municipality"
"468",41007,"Rural Municipality","Gandaki Province","Parbat","Paiyu Rural Municipality",287,297,272,272,266,243,299,135,176,255,174,15,172,8,464,0,1,356,0,0,1299,1145,161,2,0,377,175,353,540,"528",351,205,0,1243,1799,205,224,4,8,56,210,30,225,264,0,0,105,1,31,0,0,0,0,0,0,1,0,101,0,0,0,2,0,2,88,155,46,163,150,0,0,0,55,552,"9",107,0,0,0,1,27,10,7,0,0,0,0,0,0,0,10062,7867,470,"Gandaki Province","Parbat","Rural Municipality","Paiyu Rural Municipality"
"469",41101,"Municipality ","Gandaki Province","Baglung","Baglung Municipality",1172,1121,1062,1062,1107,992,1149,658,649,1089,461,38,459,7,1357,3,7,1486,10,0,2047,1807,291,56,0,1270,306,1069,1617,"1375",1051,370,2,2863,4286,372,332,129,195,246,1372,75,850,907,0,0,1259,0,131,0,0,0,0,0,0,15,0,412,16,0,0,1,0,1,418,517,991,290,390,0,0,0,164,1660,"24",284,258,22,0,7,12,0,2,0,0,0,0,0,0,0,19722,15202,473,"Gandaki Province","Baglung","Municipality ","Baglung Municipality"
"470",41102,"Rural Municipality","Gandaki Province","Baglung","Kathekhola Rural Municipality",365,449,414,415,390,356,417,136,130,372,216,18,216,1,524,1,1,474,0,1,1551,1358,187,13,0,481,255,467,681,"722",908,229,1,1164,2302,230,174,66,239,52,240,28,161,205,7,2,127,0,93,0,0,0,0,0,0,0,0,3,0,0,0,0,0,0,221,54,46,197,291,0,0,0,93,818,"17",203,0,0,0,0,4,1,1,0,0,0,0,1,0,1,10049,7779,478,"Gandaki Province","Baglung","Rural Municipality","Kathekhola Rural Municipality"
"471",41103,"Rural Municipality","Gandaki Province","Baglung","Tarakhola Rural Municipality",157,187,175,175,205,170,214,84,77,184,124,10,124,1,187,0,0,117,1,0,916,784,145,0,0,490,140,408,635,"548",406,36,0,727,1169,36,50,45,6,52,157,15,73,86,6,1,71,1,39,0,0,0,0,0,0,0,0,1,0,0,0,2,0,2,28,69,31,40,124,0,0,0,55,606,"7",81,0,0,0,0,1,0,0,0,0,0,0,0,0,0,4738,3500,481,"Gandaki Province","Baglung","Rural Municipality","Tarakhola Rural Municipality"
"472",41104,"Rural Municipality","Gandaki Province","Baglung","Tamankhola Rural Municipality",241,250,213,213,248,191,255,92,93,199,60,5,60,0,237,0,0,258,0,0,1143,956,374,9,0,953,450,950,1336,"1400",496,40,0,1024,1560,40,68,45,9,54,127,25,76,108,5,3,94,8,17,0,0,0,0,0,0,0,0,0,0,0,0,0,0,0,130,187,7,273,71,0,0,0,37,448,"7",79,0,0,0,0,3,0,0,0,0,0,0,0,0,1,5589,4004,480,"Gandaki Province","Baglung","Rural Municipality","Tamankhola Rural Municipality"
"473",41105,"Municipality ","Gandaki Province","Baglung","Dhorpatan Municipality",872,825,702,699,715,544,697,437,368,556,192,16,191,2,927,0,0,164,1,0,3248,2782,397,230,2,1415,588,1419,2044,"2007",643,66,44,1730,2483,110,133,172,105,293,699,158,340,482,4,2,343,0,47,0,0,1,0,0,0,18,0,115,0,0,0,0,1,1,129,316,229,187,291,0,0,0,70,756,"11",126,0,0,0,12,12,7,4,0,0,0,0,0,0,0,18447,11073,475,"Gandaki Province","Baglung","Municipality ","Dhorpatan Municipality"
"474",41106,"Rural Municipality","Gandaki Province","Baglung","Nisikhola Rural Municipality",618,603,569,569,536,459,596,222,170,2704,144,12,144,4,772,2,1,562,0,1,2598,2214,719,203,0,1408,969,1427,2330,"2396",950,188,41,1512,2691,229,222,28,94,170,367,58,156,208,17,10,175,2,56,0,0,0,0,0,0,12,0,44,0,0,0,0,0,0,78,211,269,239,281,0,0,0,66,835,"9",111,0,0,0,11,9,4,4,0,0,2,2,0,1,1,11055,7420,479,"Gandaki Province","Baglung","Rural Municipality","Nisikhola Rural Municipality"
"475",41107,"Rural Municipality","Gandaki Province","Baglung","Badigad Rural Municipality",649,645,625,625,624,587,718,247,271,949,217,18,215,2,893,1,3,597,12,1,2876,2691,479,57,0,895,606,787,1431,"1393",1221,298,15,2115,3649,313,171,351,73,179,463,98,312,409,14,24,233,12,94,0,1,0,0,0,0,0,0,0,0,0,0,2,1,3,230,341,173,394,306,0,0,0,103,1230,"15",175,4,0,0,0,47,18,17,0,0,0,0,0,0,0,12722,9557,472,"Gandaki Province","Baglung","Rural Municipality","Badigad Rural Municipality"
"476",41108,"Municipality ","Gandaki Province","Baglung","Galkot Municipality",470,523,532,532,520,481,601,271,258,500,238,20,236,4,780,0,0,550,1,0,2345,2114,285,34,0,668,342,615,987,"957",743,155,2,1350,2250,157,110,36,41,108,460,45,271,337,3,1,298,0,83,0,0,0,0,0,0,10,2,245,2,0,0,2,0,2,160,632,114,255,310,0,0,0,127,1259,"15",174,0,0,0,0,13,4,6,0,0,0,0,0,0,0,20586,15876,476,"Gandaki Province","Baglung","Municipality ","Galkot Municipality"
"477",41109,"Rural Municipality","Gandaki Province","Baglung","Bareng Rural Municipality",229,278,239,236,233,242,257,150,66,247,149,12,145,2,263,6,1,244,6,0,1002,935,145,96,0,417,252,413,658,"665",645,125,0,1025,1795,125,76,104,6,79,169,33,114,159,36,0,49,4,40,0,0,0,0,0,0,0,0,0,0,0,0,2,0,2,100,48,5,111,136,0,0,0,62,570,"11",123,0,0,0,3,10,2,2,0,0,20,20,0,0,1,9349,6643,474,"Gandaki Province","Baglung","Rural Municipality","Bareng Rural Municipality"
"478",41110,"Municipality ","Gandaki Province","Baglung","Jaimuni Municipality",374,456,444,444,456,467,521,183,220,511,344,29,342,5,503,3,0,662,1,7,2278,2016,313,45,0,1034,345,1069,1392,"1414",1157,223,3,2185,3568,226,225,84,130,94,327,50,244,284,1,1,142,8,110,0,0,0,0,0,0,0,0,121,2,0,0,0,1,1,223,247,76,234,425,0,0,0,136,1399,"27",313,0,0,0,1,9,1,1,0,0,0,0,0,0,0,18460,13263,477,"Gandaki Province","Baglung","Municipality ","Jaimuni Municipality"
"479",50101,"Rural Municipality","Province 5","Rukum East","Putha Uttanganga Rural Municipality",245,261,247,247,212,175,276,103,40,178,126,11,108,0,348,5,0,231,0,0,1452,1160,380,91,2,268,573,258,741,"831",486,170,1,402,1059,171,129,83,14,45,116,13,46,80,44,36,22,0,50,0,0,0,0,0,0,0,0,0,0,0,0,0,1,1,153,310,0,311,56,0,0,0,35,271,"11",113,0,0,0,0,5,0,0,0,0,0,0,1,0,3,3389,2371,775,"Lumbini Province","Rukum East","Rural Municipality","Putha Uttanganga Rural Municipality"
"480",50102,"Rural Municipality","Province 5","Rukum East","Sisne Rural Municipality",380,378,345,356,402,382,425,237,157,457,180,15,166,3,594,6,8,397,22,16,2091,2167,306,274,1,332,462,629,913,"1091",659,464,0,242,1365,464,401,91,85,183,399,92,146,227,3,15,155,1,98,0,0,0,0,0,0,0,0,0,0,0,0,0,0,0,80,190,1,200,108,0,0,0,38,460,"11",114,0,0,0,0,13,7,7,0,0,0,0,0,0,0,9613,6699,776,"Lumbini Province","Rukum East","Rural Municipality","Sisne Rural Municipality"
"481",50103,"Rural Municipality","Province 5","Rukum East","Bhoome Rural Municipality",343,356,299,302,266,309,349,134,81,193,166,14,154,1,404,5,5,270,5,7,1270,987,401,59,0,297,486,287,757,"773",387,178,1,296,862,179,180,9,19,90,154,39,100,110,38,0,111,0,83,0,0,0,0,0,0,0,0,0,0,0,0,0,0,0,48,203,3,269,91,0,0,0,35,262,"11",113,0,0,0,0,16,11,10,0,0,0,0,0,0,0,4416,3144,774,"Lumbini Province","Rukum East","Rural Municipality","Bhoome Rural Municipality"
"482",50201,"Rural Municipality","Province 5","Rolpa","Sunchhahari Rural Municipality",382,388,368,369,314,274,317,111,100,273,163,14,154,2,346,7,7,238,11,0,1411,1252,543,43,2,918,603,865,1506,"1468",536,123,4,670,1333,127,121,34,31,67,283,29,105,131,84,0,76,0,75,0,0,0,0,0,0,0,0,2,0,0,0,9,0,9,120,512,13,419,384,0,0,0,52,586,"18",207,0,0,0,0,10,5,5,0,0,0,0,0,0,1,5564,4504,560,"Lumbini Province","Rolpa","Rural Municipality","Sunchhahari Rural Municipality"
"483",50202,"Rural Municipality","Province 5","Rolpa","Thawang Rural Municipality",227,232,196,201,214,217,251,82,44,173,72,6,72,1,214,3,1,48,0,0,844,739,411,54,0,625,464,592,1090,"1056",341,403,1,681,1426,404,330,66,15,51,180,16,76,87,19,0,54,1,25,0,0,0,0,0,0,2,0,9,0,1,0,1,1,3,108,338,44,348,144,0,0,0,23,186,"9",102,0,0,0,2,9,10,8,0,0,0,0,0,0,0,4643,3239,562,"Lumbini Province","Rolpa","Rural Municipality","Thawang Rural Municipality"
"484",50203,"Rural Municipality","Province 5","Rolpa","Paribartan Rural Municipality",478,480,439,438,436,385,416,238,181,455,167,14,163,1,643,14,1,398,6,1,2070,1849,408,167,1,1355,787,1254,1931,"2041",650,234,17,1355,2256,251,221,32,33,120,336,76,190,195,136,2,145,0,189,0,0,1,0,0,0,0,0,0,0,0,0,4,1,5,111,464,26,450,310,0,0,0,41,500,"17",196,0,0,0,0,12,3,4,0,0,0,0,1,0,1,6134,3906,554,"Lumbini Province","Rolpa","Rural Municipality","Paribartan Rural Municipality"
"485",50204,"Rural Municipality","Province 5","Rolpa","Gangadev Rural Municipality",585,625,506,526,600,536,560,235,313,560,168,14,165,3,456,7,1,154,4,2,2374,2095,281,52,0,1585,338,1343,1918,"1681",327,205,4,2055,2591,209,185,43,20,241,355,88,174,264,55,0,198,0,12,0,0,0,0,0,0,0,0,0,0,0,0,4,0,4,53,441,49,366,367,0,0,0,42,341,"11",117,0,0,0,0,3,8,6,0,0,0,0,0,0,1,3168,2217,559,"Lumbini Province","Rolpa","Rural Municipality","Gangadev Rural Municipality"
"486",50205,"Rural Municipality","Province 5","Rolpa","Madi Rural Municipality",409,396,344,344,354,334,373,150,150,299,157,13,150,0,506,0,18,296,2,0,976,884,348,34,0,624,358,578,1006,"936",440,248,0,552,1240,248,215,33,6,120,277,56,158,164,62,0,193,0,28,0,0,0,0,0,0,4,2,6,1,0,0,1,1,2,101,315,13,499,237,0,0,0,32,346,"14",159,0,0,0,0,19,3,3,0,0,0,0,1,0,1,5720,3638,556,"Lumbini Province","Rolpa","Rural Municipality","Madi Rural Municipality"
"487",50206,"Rural Municipality","Province 5","Rolpa","Tribeni Rural Municipality",516,520,483,483,463,368,409,194,157,454,213,18,203,1,630,14,1,210,10,1,1534,1793,241,94,2,1613,326,1425,1950,"1751",238,87,0,1703,2028,87,96,34,20,175,332,87,179,264,81,0,161,0,12,0,0,0,0,0,0,2,0,1,0,0,0,1,1,2,100,511,37,411,347,0,0,0,42,495,"17",200,0,0,0,0,28,19,19,0,0,0,0,0,1,0,5374,3270,563,"Lumbini Province","Rolpa","Rural Municipality","Tribeni Rural Municipality"
"488",50207,"Municipality ","Province 5","Rolpa","Rolpa Municipality",732,711,690,695,698,620,708,463,215,684,302,25,284,8,640,8,1,270,10,3,1780,1386,1169,118,0,1219,1257,1042,2506,"2299",1460,1156,13,721,3350,1169,602,318,362,200,713,85,330,382,252,1,323,1,89,0,0,0,0,0,0,32,7,162,38,2,0,5,0,7,177,1348,185,1872,612,0,0,0,60,639,"23",240,128,2,0,0,46,30,28,0,0,129,112,4,0,3,22296,15605,557,"Lumbini Province","Rolpa","Municipality ","Rolpa Municipality"
"489",50208,"Rural Municipality","Province 5","Rolpa","Runtigadhi Rural Municipality",745,760,718,728,694,506,599,401,300,697,285,24,261,13,1033,19,3,732,8,0,2097,1863,454,59,0,1616,488,1577,2129,"2065",665,234,0,1468,2367,234,176,44,52,284,572,152,270,1653,79,0,392,19,151,0,0,0,0,0,0,0,0,21,0,0,0,2,0,2,169,823,339,637,538,0,0,0,55,548,"21",218,0,0,0,0,59,55,49,0,0,4,4,2,0,2,8503,4903,558,"Lumbini Province","Rolpa","Rural Municipality","Runtigadhi Rural Municipality"
"490",50209,"Rural Municipality","Province 5","Rolpa","Sunil Smriti Rural Municipality",674,661,614,614,609,533,585,341,228,573,289,24,267,2,722,3,2,326,6,1,2679,2409,659,80,1,2443,753,2353,3183,"3106",1140,444,10,3136,4730,454,423,16,16,223,523,103,257,388,57,0,259,11,27,0,0,0,0,0,0,1,0,14,0,0,0,4,0,4,157,553,63,384,1120,0,0,0,54,622,"23",255,0,0,0,0,52,18,17,0,0,0,0,4,0,4,13813,9124,561,"Lumbini Province","Rolpa","Rural Municipality","Sunil Smriti Rural Municipality"
"491",50210,"Rural Municipality","Province 5","Rolpa","Lungri Rural Municipality",801,775,693,704,623,552,633,256,146,593,272,23,245,12,776,1,2,527,3,0,2576,2321,935,79,0,1120,1005,1137,2134,"2142",730,322,2,1632,2686,324,265,45,36,164,398,71,171,244,124,17,222,0,208,0,0,0,0,0,0,0,0,8,0,0,0,4,0,4,170,382,31,559,428,0,0,0,45,538,"15",159,0,0,0,1,19,12,11,0,0,0,0,1,0,0,9043,6513,555,"Lumbini Province","Rolpa","Rural Municipality","Lungri Rural Municipality"
"492",50301,"Rural Municipality","Province 5","Pyuthan","Gaumukhi Rural Municipality",736,733,663,666,628,609,690,285,277,641,355,30,330,2,895,9,4,550,5,2,3253,2683,833,159,0,1351,989,1346,2343,"2335",1336,316,17,2309,3978,333,257,59,16,172,523,91,284,375,36,0,310,1,21,0,0,0,0,0,0,0,0,0,0,2,0,9,1,12,236,259,7,418,414,1,0,0,54,630,"19",209,0,0,0,0,8,5,5,0,0,0,0,0,0,0,17003,11022,546,"Lumbini Province","Pyuthan","Rural Municipality","Gaumukhi Rural Municipality"
"493",50302,"Rural Municipality","Province 5","Pyuthan","Naubahini Rural Municipality",824,856,814,832,767,635,704,472,269,703,360,30,330,4,866,26,3,587,30,4,3286,2998,891,234,0,1739,1135,1756,2864,"2891",1321,431,3,2230,3985,434,358,58,7,187,580,78,289,427,2,0,247,0,49,0,0,0,0,0,0,0,0,0,0,0,1,4,2,7,404,326,1,951,362,0,0,0,54,622,"19",193,0,0,0,1,22,6,6,0,0,0,0,0,0,0,16517,11180,550,"Lumbini Province","Pyuthan","Rural Municipality","Naubahini Rural Municipality"
"494",50303,"Rural Municipality","Province 5","Pyuthan","Jhimaruk Rural Municipality",610,650,631,628,602,576,629,272,294,595,300,25,275,0,789,1,0,464,9,0,2961,2559,571,59,0,876,574,876,1506,"1450",1244,440,5,2147,3836,445,413,25,4,141,450,56,212,266,26,21,140,0,61,0,0,0,0,0,0,0,0,23,0,0,0,2,1,3,362,183,17,451,538,0,0,0,45,535,"15",172,0,0,0,0,24,6,6,0,0,0,0,0,0,0,12649,7259,547,"Lumbini Province","Pyuthan","Rural Municipality","Jhimaruk Rural Municipality"
"495",50304,"Municipality ","Province 5","Pyuthan","Pyuthan Municipality",831,868,828,840,803,727,783,378,313,636,367,31,340,88,880,9,6,529,11,4,4387,4061,530,57,0,1336,597,1336,1923,"1933",879,444,3,2089,3415,447,347,45,51,281,965,114,405,472,0,1,1817,0,26,0,0,0,0,0,1,17,41,212,598,0,0,2,11,13,948,1216,433,1145,525,0,0,36,57,744,"19",202,5958,3,0,0,66,27,24,1,0,354,354,0,0,1,35586,23034,551,"Lumbini Province","Pyuthan","Municipality ","Pyuthan Municipality"
"496",50305,"Municipality ","Province 5","Pyuthan","Sworgadwari Municipality",727,701,672,684,632,556,691,337,227,659,420,35,402,8,902,10,0,508,6,3,3165,2884,601,16,0,1279,601,1279,1896,"1880",796,347,19,1998,3160,366,289,49,26,186,486,75,251,314,3,1,352,0,73,0,0,1,0,0,0,4,2,51,19,0,0,2,0,2,339,414,175,483,555,0,0,0,63,710,"21",249,0,0,0,0,53,20,18,1,0,87,87,0,0,0,18592,11615,553,"Lumbini Province","Pyuthan","Municipality ","Sworgadwari Municipality"
"497",50306,"Rural Municipality","Province 5","Pyuthan","Mandavi Rural Municipality",462,472,489,489,453,383,486,208,178,440,300,25,285,5,532,1,2,431,9,1,1756,1557,303,81,1,567,389,567,952,"956",747,169,2,773,1691,171,146,12,13,103,271,67,186,144,1,0,194,1,34,0,0,0,0,0,0,5,0,26,0,0,0,1,1,2,204,173,24,403,204,0,0,0,42,475,"14",146,0,0,0,0,45,14,13,0,0,0,0,0,0,0,8280,5319,549,"Lumbini Province","Pyuthan","Rural Municipality","Mandavi Rural Municipality"
"498",50307,"Rural Municipality","Province 5","Pyuthan","Mallarani Rural Municipality",421,424,403,394,362,317,382,198,103,358,242,20,224,0,493,1,2,464,13,1,1571,1440,437,14,0,862,440,862,1313,"1302",792,234,7,1450,2483,241,180,20,56,92,254,55,203,261,0,0,123,2,41,0,0,0,0,0,0,2,0,18,0,0,0,4,0,4,430,300,129,797,232,0,0,0,33,393,"14",157,0,0,0,1,39,14,12,0,0,1,1,0,0,0,13832,9229,548,"Lumbini Province","Pyuthan","Rural Municipality","Mallarani Rural Municipality"
"499",50308,"Rural Municipality","Province 5","Pyuthan","Aairawati Rural Municipality",455,445,418,419,426,447,497,195,207,446,350,29,328,5,484,9,1,375,12,1,2015,1794,329,89,0,1038,443,1038,1456,"1481",703,205,0,1793,2701,205,142,50,12,105,303,68,226,299,12,0,177,1,27,1,0,0,0,0,0,0,0,0,0,0,0,4,0,4,285,461,20,334,479,0,0,0,53,603,"20",225,0,0,0,0,46,17,17,0,0,59,59,0,0,0,12759,8523,545,"Lumbini Province","Pyuthan","Rural Municipality","Aairawati Rural Municipality"
"500",50309,"Rural Municipality","Province 5","Pyuthan","Sarumarani Rural Municipality",325,340,309,312,292,261,347,155,142,287,195,16,186,2,507,3,2,335,19,1,2047,1857,229,31,0,440,252,440,700,"692",416,119,0,447,982,119,117,2,0,120,246,75,163,162,0,0,157,3,46,0,0,0,0,0,0,0,0,0,0,0,0,1,1,2,159,286,6,473,220,0,0,0,31,317,"11",118,0,0,0,0,31,11,11,0,0,25,25,0,0,0,6526,4435,552,"Lumbini Province","Pyuthan","Rural Municipality","Sarumarani Rural Municipality"
"501",50401,"Rural Municipality","Province 5","Gulmi","Kali Gandaki Rural Municipality",261,267,269,269,302,269,288,164,123,108,272,23,272,1,271,0,0,193,2,0,317,232,165,11,0,321,108,288,497,"396",506,28,0,579,1113,28,144,114,92,62,255,54,220,159,7,0,141,1,146,0,0,0,0,0,0,0,0,10,0,0,0,0,0,0,145,15,32,144,791,0,0,0,76,749,"18",213,0,0,0,0,6,1,1,0,0,0,0,0,0,0,4412,3839,488,"Lumbini Province","Gulmi","Rural Municipality","Kali Gandaki Rural Municipality"
"502",50402,"Rural Municipality","Province 5","Gulmi","Satyawoti Rural Municipality",311,398,389,389,353,310,365,202,168,295,273,23,159,0,364,0,0,364,1,0,1897,1683,217,12,0,562,162,484,791,"646",711,33,0,962,1706,33,78,106,200,106,328,85,266,253,0,0,145,0,116,0,0,0,0,0,0,0,0,22,0,0,0,0,0,0,146,11,61,244,730,0,0,0,89,1035,"17",199,0,0,0,0,19,8,7,0,0,92,92,0,0,0,11333,7461,494,"Lumbini Province","Gulmi","Rural Municipality","Satyawoti Rural Municipality"
"503",50403,"Rural Municipality","Province 5","Gulmi","Chandrakot Rural Municipality",342,369,388,388,382,357,452,146,216,181,352,29,351,2,407,1,0,386,2,0,1151,1071,317,80,4,349,313,249,750,"562",1029,354,3,765,2151,357,254,9,184,122,316,89,285,254,0,0,222,0,204,0,0,0,0,0,0,4,0,26,0,0,0,1,0,1,132,53,19,198,783,0,0,0,85,914,"21",236,0,0,0,0,19,5,4,0,0,46,46,1,1,2,9916,7282,483,"Lumbini Province","Gulmi","Rural Municipality","Chandrakot Rural Municipality"
"504",50404,"Municipality ","Province 5","Gulmi","Musikot Municipality",545,635,603,602,587,540,641,261,296,183,319,27,311,0,596,0,0,523,1,0,2045,1811,527,82,2,893,392,627,1504,"1019",893,158,8,1514,2573,166,77,59,295,124,425,106,378,374,4,7,244,0,245,0,0,0,0,0,0,0,0,12,0,0,0,0,0,0,258,90,38,396,875,0,0,0,116,1278,"21",251,0,0,0,1,34,10,10,0,0,0,0,0,0,0,8908,5670,491,"Lumbini Province","Gulmi","Municipality ","Musikot Municipality"
"505",50405,"Rural Municipality","Province 5","Gulmi","Isma Rural Municipality",385,405,412,412,412,387,431,169,191,115,220,18,220,4,502,0,0,393,0,0,1615,1470,268,14,0,505,144,385,787,"529",378,23,0,1182,1583,23,12,8,40,81,250,77,245,291,6,0,187,0,184,0,0,0,0,0,0,0,0,0,0,0,0,0,0,0,106,245,3,284,925,0,0,0,66,759,"14",162,0,0,0,0,11,0,0,0,0,20,20,0,1,0,7170,4376,487,"Lumbini Province","Gulmi","Rural Municipality","Isma Rural Municipality"
"506",50406,"Rural Municipality","Province 5","Gulmi","Malika Rural Municipality",417,520,487,484,509,406,475,210,204,142,329,27,319,1,450,0,0,314,0,0,1683,1497,261,20,0,617,224,507,898,"731",1035,115,0,1304,2454,115,104,39,134,110,349,91,331,299,9,2,174,11,158,0,0,0,0,0,0,0,0,32,0,0,0,0,0,0,177,76,25,281,902,0,0,0,73,843,"21",226,0,0,0,0,2,1,1,0,0,0,0,0,0,3,7945,5722,490,"Lumbini Province","Gulmi","Rural Municipality","Malika Rural Municipality"
"507",50407,"Rural Municipality","Province 5","Gulmi","Madane Rural Municipality",410,461,439,440,400,348,439,147,229,137,307,26,307,1,395,4,0,322,0,0,1394,1241,315,73,0,511,246,402,899,"648",601,194,1,1269,2065,195,152,83,163,92,274,77,250,244,5,16,78,8,88,0,0,0,0,0,0,0,0,5,0,0,0,4,0,4,72,56,19,120,676,0,0,0,69,806,"16",193,0,0,0,3,6,1,1,0,0,0,0,0,0,0,6943,4487,489,"Lumbini Province","Gulmi","Rural Municipality","Madane Rural Municipality"
"508",50408,"Rural Municipality","Province 5","Gulmi","Dhurkot Rural Municipality",351,443,432,432,419,374,421,139,192,189,244,20,241,1,433,2,0,262,0,0,1303,1149,370,27,0,314,890,236,711,"1126",1039,103,0,1436,2578,103,175,76,286,62,228,55,242,246,0,10,143,1,110,0,0,0,0,0,0,0,0,32,0,0,0,0,0,0,186,127,17,225,714,0,0,0,77,873,"18",218,0,0,3,2,13,2,2,0,0,20,20,0,0,0,11514,7884,485,"Lumbini Province","Gulmi","Rural Municipality","Dhurkot Rural Municipality"
"509",50409,"Municipality ","Province 5","Gulmi","Resunga Municipality",802,604,636,636,649,561,666,322,424,542,270,23,285,38,1313,94,10,906,39,19,2805,2566,261,0,0,449,112,326,710,"438",501,57,1,1175,1734,58,48,16,67,143,790,76,532,565,0,0,774,0,1,0,0,0,0,0,0,7,7,206,262,0,0,1,1,2,154,831,415,230,691,0,0,0,65,776,"12",139,152,20,5,0,27,3,3,0,0,249,249,0,0,0,23257,14636,492,"Lumbini Province","Gulmi","Municipality ","Resunga Municipality"
"510",50410,"Rural Municipality","Province 5","Gulmi","Gulmi Durbar Rural Municipality",265,351,346,352,356,321,360,161,182,142,247,21,247,0,255,2,5,201,2,0,2092,1508,164,3,0,534,132,384,701,"516",468,72,2,1048,1590,74,20,0,90,56,222,46,176,173,1,0,9,0,6,0,0,0,0,0,0,0,0,0,0,0,0,0,0,0,83,91,112,151,419,0,0,0,76,869,"15",183,0,0,0,0,10,3,3,0,0,0,0,0,0,0,5189,3277,486,"Lumbini Province","Gulmi","Rural Municipality","Gulmi Durbar Rural Municipality"
"511",50411,"Rural Municipality","Province 5","Gulmi","Chhatrakot Rural Municipality",395,437,431,427,359,344,389,227,198,203,178,15,178,6,682,0,0,525,0,0,1446,1335,251,52,0,621,196,452,924,"648",712,80,0,1843,2635,80,80,7,118,70,297,54,244,233,0,0,180,3,151,0,0,0,0,0,0,0,0,18,2,0,0,10,0,10,157,75,73,213,1222,1,0,0,84,893,"19",226,0,0,0,0,17,2,2,0,0,19,19,0,0,0,8868,5788,484,"Lumbini Province","Gulmi","Rural Municipality","Chhatrakot Rural Municipality"
"512",50412,"Rural Municipality","Province 5","Gulmi","Ruru Rural Municipality",261,369,333,335,271,311,331,118,105,119,250,21,250,4,345,3,3,286,0,0,1103,951,277,30,0,335,197,272,642,"469",616,88,1,1164,1869,89,69,21,62,61,251,49,212,173,0,0,85,1,82,0,0,0,0,0,0,3,0,19,0,0,0,10,0,10,83,43,26,162,734,0,0,0,80,889,"18",209,0,0,0,0,26,5,7,0,0,13,13,0,0,0,9093,6357,493,"Lumbini Province","Gulmi","Rural Municipality","Ruru Rural Municipality"
"513",50501,"Rural Municipality","Province 5","Arghakhanchi","Chhatradev Rural Municipality",439,560,472,472,495,422,514,144,165,448,248,21,248,33,769,2,2,431,0,0,2520,2233,247,54,0,783,281,713,1084,"994",1024,216,3,1599,2842,219,100,185,276,61,338,26,281,313,0,0,132,0,9,0,0,0,0,0,0,5,0,26,2,0,0,4,1,5,211,107,48,330,396,0,0,0,128,1459,"11",126,0,0,0,0,39,5,4,0,0,0,0,0,0,0,15562,11482,540,"Lumbini Province","Arghakhanchi","Rural Municipality","Chhatradev Rural Municipality"
"514",50502,"Rural Municipality","Province 5","Arghakhanchi","Malarani Rural Municipality",444,544,491,487,511,488,524,183,235,461,232,19,232,1,626,0,0,433,0,0,2007,1832,307,9,0,422,377,349,738,"726",470,163,1,1572,2206,164,138,139,266,130,344,69,200,262,0,6,111,0,7,0,0,0,0,0,0,0,0,29,0,0,0,0,0,0,129,239,79,184,185,0,0,0,129,1202,"10",114,0,0,0,15,16,2,1,0,0,0,0,1,0,1,10616,6391,541,"Lumbini Province","Arghakhanchi","Rural Municipality","Malarani Rural Municipality"
"515",50503,"Municipality ","Province 5","Arghakhanchi","Bhumikasthan Municipality",602,645,595,599,635,540,644,283,287,631,282,24,278,1,765,2,5,575,0,2,3150,2799,304,22,7,907,283,877,1240,"1160",469,175,0,1806,2450,175,118,57,55,122,427,57,305,347,4,30,104,0,10,0,0,0,0,0,0,0,0,13,0,0,0,2,0,2,125,134,24,217,330,0,0,0,139,1512,"11",122,0,0,0,0,38,12,3,0,0,0,0,0,0,0,11645,8461,539,"Lumbini Province","Arghakhanchi","Municipality ","Bhumikasthan Municipality"
"516",50504,"Municipality ","Province 5","Arghakhanchi","Sandhikharka Municipality",626,746,735,735,773,642,833,615,188,663,329,27,328,36,987,4,1,606,62,0,4339,3932,169,9,0,769,228,699,947,"927",249,129,1,1400,1779,130,67,19,37,170,759,70,380,193,0,0,513,0,521,0,0,0,0,0,0,8,10,155,315,0,0,1,0,1,127,925,638,161,353,0,0,0,153,1564,"13",145,7000,16,2,1,45,18,17,0,0,135,135,0,0,4,20182,14978,543,"Lumbini Province","Arghakhanchi","Municipality ","Sandhikharka Municipality"
"517",50505,"Rural Municipality","Province 5","Arghakhanchi","Panini Rural Municipality",375,535,453,453,442,421,483,213,153,432,380,32,378,5,636,5,1,345,5,1,2496,2273,196,6,0,1116,221,835,1318,"1056",600,126,0,2936,3662,126,259,114,47,95,339,49,237,288,0,0,104,5,2,0,0,0,0,0,0,2,0,15,0,0,0,2,0,2,107,345,44,176,286,0,0,0,127,1592,"17",205,0,0,0,1,19,8,6,0,0,0,0,1,0,1,7729,6038,542,"Lumbini Province","Arghakhanchi","Rural Municipality","Panini Rural Municipality"
"518",50506,"Municipality ","Province 5","Arghakhanchi","Shitaganga Municipality",660,765,683,682,680,677,721,243,216,593,389,32,385,36,881,10,5,207,18,3,3006,2783,280,27,0,975,382,1036,1282,"1418",1165,301,7,1429,2902,308,192,297,221,121,363,59,222,271,1,0,213,2,5,0,0,0,0,0,0,5,0,31,0,1,0,3,1,5,144,617,107,250,311,0,0,0,143,1391,"20",234,8,0,7,0,44,11,11,6,2,173,173,2,1,3,12246,9627,544,"Lumbini Province","Arghakhanchi","Municipality ","Shitaganga Municipality"
"519",50601,"Municipality ","Province 5","Palpa","Rampur Municipality",583,775,764,763,781,729,792,417,206,771,232,19,229,10,924,1,2,937,4,0,3590,3270,360,108,6,656,611,535,1130,"1146",958,186,24,739,1907,210,495,62,316,221,707,106,459,578,0,1,231,5,102,0,0,0,0,0,0,11,1,161,19,0,0,1,0,1,141,163,87,304,323,0,0,0,45,519,"10",108,0,0,0,8,45,28,22,0,0,50,50,2,0,2,22703,13645,501,"Lumbini Province","Palpa","Municipality ","Rampur Municipality"
"520",50602,"Rural Municipality","Province 5","Palpa","Purbakhola Rural Municipality",288,338,322,322,345,325,365,164,128,333,263,22,257,4,444,1,2,456,20,0,1567,1342,296,7,0,321,321,322,624,"643",594,124,3,700,1421,127,147,14,294,86,260,50,140,184,1,0,90,2,42,0,0,0,0,0,0,1,0,29,0,0,0,0,0,0,84,4,11,218,188,0,0,0,54,615,"17",208,0,0,0,0,27,7,7,0,0,9,9,0,0,0,9839,7187,498,"Lumbini Province","Palpa","Rural Municipality","Purbakhola Rural Municipality"
"521",50603,"Rural Municipality","Province 5","Palpa","Rambha Rural Municipality",217,339,317,317,325,308,354,110,156,333,257,21,255,3,331,3,2,232,0,0,1442,1261,179,6,0,648,188,648,833,"836",647,102,0,753,1502,102,128,32,186,62,257,43,160,207,0,5,82,0,3,0,0,0,0,0,0,12,0,89,0,0,0,0,0,0,107,85,70,178,167,0,0,7,44,528,"15",176,0,0,0,0,34,12,11,0,0,16,17,0,0,0,9913,6743,500,"Lumbini Province","Palpa","Rural Municipality","Rambha Rural Municipality"
"522",50604,"Rural Municipality","Province 5","Palpa","Baganaskali Rural Municipality",202,359,337,335,330,314,383,152,142,328,334,28,334,2,430,1,0,307,4,0,1481,1334,285,6,0,507,269,520,798,"789",553,206,0,844,1603,206,264,80,186,54,264,41,243,284,0,1,30,0,8,0,0,0,0,0,0,0,0,25,0,0,0,1,0,1,160,101,24,218,202,0,0,0,78,932,"29",344,0,0,0,0,26,13,11,0,0,36,39,0,1,0,13558,9188,495,"Lumbini Province","Palpa","Rural Municipality","Baganaskali Rural Municipality"
"523",50605,"Municipality ","Province 5","Palpa","Tansen Municipality",1658,911,866,866,929,804,928,441,588,913,397,33,390,977,1493,50,27,932,6,0,3748,3319,357,873,284,497,1252,501,2011,"1753",499,872,17,995,2383,889,102,63,92,864,4391,388,2474,2860,0,0,4842,0,292,0,0,0,1,2,1,76,26,410,417,22,0,0,3,25,685,1721,2723,694,816,19,153,121,78,687,"18",211,2328,82,0,0,70,32,30,4,0,416,415,13,3,24,118300,94671,503,"Lumbini Province","Palpa","Municipality ","Tansen Municipality"
"524",50606,"Rural Municipality","Province 5","Palpa","Ribdikot Rural Municipality",180,300,265,265,275,266,317,130,109,271,390,33,385,1,304,0,0,367,2,0,1418,1272,230,39,0,709,254,683,978,"937",676,177,5,1379,2237,182,327,76,230,50,205,30,148,180,2,0,59,0,5,0,0,0,0,0,0,4,0,33,0,0,0,1,0,1,103,214,50,195,208,0,0,0,72,803,"22",262,0,0,0,0,22,12,9,0,0,139,139,0,0,0,12268,7931,502,"Lumbini Province","Palpa","Rural Municipality","Ribdikot Rural Municipality"
"525",50607,"Rural Municipality","Province 5","Palpa","Rainadevi Chhahara Rural Municipality",355,466,444,444,442,381,420,216,193,394,368,31,365,4,500,2,1,393,0,0,2380,2147,166,7,0,807,186,812,980,"998",609,119,0,961,1689,119,138,92,282,114,302,58,268,321,0,2,134,0,41,0,0,0,0,0,0,8,0,69,0,0,0,3,0,3,150,495,127,417,243,0,0,0,72,841,"25",303,0,0,0,0,42,18,17,0,0,30,30,0,0,0,10187,6621,499,"Lumbini Province","Palpa","Rural Municipality","Rainadevi Chhahara Rural Municipality"
"526",50608,"Rural Municipality","Province 5","Palpa","Tinau Rural Municipality",251,357,336,337,336,277,342,148,87,318,180,15,180,0,524,2,0,498,1,0,1462,1292,149,29,2,400,181,392,580,"573",239,31,7,661,938,38,124,46,73,77,250,47,199,229,0,3,15,0,2,0,0,0,0,0,0,0,0,0,0,0,0,0,0,0,129,166,18,307,87,0,0,0,37,421,"12",142,0,0,0,0,29,18,18,0,0,5,7,1,0,0,5493,4766,504,"Lumbini Province","Palpa","Rural Municipality","Tinau Rural Municipality"
"527",50609,"Rural Municipality","Province 5","Palpa","Mathagadhi Rural Municipality",313,396,406,406,404,426,441,172,191,371,252,21,252,0,371,0,0,364,1,0,2026,1774,287,6,0,376,296,393,669,"689",602,124,0,395,1121,124,218,74,200,91,281,59,212,275,0,1,15,0,7,0,0,0,0,0,0,3,0,56,0,0,0,6,0,6,184,188,35,241,348,0,0,0,63,722,"17",204,0,0,0,5,28,8,9,0,0,13,23,1,0,0,10670,8053,496,"Lumbini Province","Palpa","Rural Municipality","Mathagadhi Rural Municipality"
"528",50610,"Rural Municipality","Province 5","Palpa","Nisdi Rural Municipality",367,421,359,359,365,354,423,214,119,340,230,19,230,0,472,3,0,285,4,0,1627,1434,258,72,0,642,357,617,972,"974",614,181,17,415,1227,198,272,73,424,106,271,46,193,246,1,10,41,5,35,0,0,0,0,0,0,0,0,0,0,0,0,2,0,2,134,101,29,252,142,0,0,0,62,1041,"20",231,0,0,0,5,31,14,15,0,0,0,0,1,0,1,8392,6728,497,"Lumbini Province","Palpa","Rural Municipality","Nisdi Rural Municipality"
"529",50701,"Municipality ","Province 5","Nawalparasi West","Bardaghat Municipality",967,1242,1171,1171,1156,1038,1212,532,450,1194,276,23,271,0,1513,21,4,415,10,11,3364,2990,288,42,5,960,398,798,1295,"1196",659,177,25,1456,2317,202,185,5,97,136,907,82,614,661,0,0,8,0,1,0,0,0,0,0,0,37,32,296,636,0,0,0,0,0,239,214,102,298,353,0,0,0,40,578,"13",136,1707,9,8,13,105,58,47,1,1,678,678,10,1,8,17963,13531,505,"Lumbini Province","Nawalparasi West","Municipality ","Bardaghat Municipality"
"530",50702,"Municipality ","Province 5","Nawalparasi West","Sunawal Municipality",838,1105,1106,1106,1130,1017,1151,451,575,1105,185,15,182,0,1222,6,1,348,0,0,6078,5359,334,7,2,617,315,617,960,"932",638,107,0,868,1613,107,181,19,54,164,1402,67,1004,1060,0,2,0,0,2,0,0,0,0,0,0,13,0,65,0,0,0,0,0,0,400,187,98,267,336,0,0,0,28,333,"11",125,0,0,0,0,77,44,34,2,1,285,285,9,12,10,11735,7056,510,"Lumbini Province","Nawalparasi West","Municipality ","Sunawal Municipality"
"531",50703,"Municipality ","Province 5","Nawalparasi West","Ramgram Municipality",975,1199,1162,1155,1093,1060,1165,621,591,1110,532,44,519,79,1380,34,12,519,23,17,4726,4092,797,113,6,1641,935,1256,2557,"2191",1063,253,0,883,2199,253,326,231,353,297,1389,173,877,801,0,0,853,0,53,0,0,0,0,0,0,17,14,242,52,0,0,0,2,2,926,579,365,1071,449,0,0,0,80,962,"23",264,110,14,3,1,55,37,32,0,0,706,706,10,17,10,36836,28371,508,"Lumbini Province","Nawalparasi West","Municipality ","Ramgram Municipality"
"532",50704,"Rural Municipality","Province 5","Nawalparasi West","Palhinandan Rural Municipality",812,840,786,777,789,810,800,325,614,978,348,29,341,19,967,10,9,314,13,37,3500,3004,803,20,3,1831,807,1828,2657,"2635",1505,221,2,1099,2827,223,563,71,315,95,968,26,466,318,0,4,189,0,41,0,0,0,0,0,0,1,0,100,0,0,0,0,0,0,191,275,70,476,506,0,0,0,50,607,"17",180,0,0,22,0,58,27,17,1,0,708,708,2,0,0,23383,15145,506,"Lumbini Province","Nawalparasi West","Rural Municipality","Palhinandan Rural Municipality"
"533",50705,"Rural Municipality","Province 5","Nawalparasi West","Sarawal Rural Municipality",709,786,797,807,747,605,728,332,427,622,304,25,304,2,1129,64,11,624,80,24,3433,3012,654,34,0,1033,712,1055,1721,"1767",753,91,0,511,1355,91,128,67,21,85,772,30,433,474,0,0,48,0,31,0,0,0,0,0,0,5,0,19,0,0,0,0,0,0,132,451,19,228,247,0,0,0,54,648,"19",227,0,0,0,1,38,14,10,0,0,568,568,20,13,25,17200,11140,509,"Lumbini Province","Nawalparasi West","Rural Municipality","Sarawal Rural Municipality"
"534",50706,"Rural Municipality","Province 5","Nawalparasi West","Pratapapur Rural Municipality",867,959,877,879,870,784,949,355,587,920,348,29,348,51,871,39,25,401,50,42,4041,3663,597,88,2,1475,672,1452,2162,"2124",802,103,3,690,1598,106,343,98,187,143,1187,72,475,622,9,0,990,0,195,0,0,0,0,0,0,4,0,211,0,0,0,0,0,0,102,585,202,239,327,0,0,0,61,738,"13",149,18,1,26,4,57,41,34,2,0,1203,1203,10,9,17,20728,15610,507,"Lumbini Province","Nawalparasi West","Rural Municipality","Pratapapur Rural Municipality"
"535",50707,"Rural Municipality","Province 5","Nawalparasi West","Susta Rural Municipality",750,798,671,671,694,537,709,284,495,741,209,17,209,2,753,36,8,426,11,7,3461,3078,492,13,0,576,827,533,1081,"1360",816,19,0,778,1613,19,52,56,60,40,776,41,404,434,0,0,151,0,178,0,0,0,0,0,0,0,0,0,0,0,0,0,0,0,49,179,0,191,292,0,0,0,35,408,"9",100,0,0,0,0,40,27,25,2,0,818,818,12,14,25,14779,10324,511,"Lumbini Province","Nawalparasi West","Rural Municipality","Susta Rural Municipality"
"536",50801,"Municipality ","Province 5","Rupandehi","Devdaha Municipality",1635,1289,1357,1331,1312,1202,1344,471,378,1296,134,11,128,328,1500,27,5,1109,24,6,5506,4944,296,12,0,1398,376,1310,1706,"1686",692,121,1,2365,3179,122,277,84,11,167,1058,58,617,659,535,0,1613,0,380,0,0,0,0,0,0,8,3,188,58,0,0,0,0,0,433,662,341,644,230,0,0,0,97,897,"12",136,0,0,0,0,129,52,43,1,0,613,613,8,5,94,38191,33266,513,"Lumbini Province","Rupandehi","Municipality ","Devdaha Municipality"
"537",50802,"Sub-Metropolitan City","Province 5","Rupandehi","Butwal Sub-Metropolitan City",8145,3041,3140,3143,3226,3153,3447,1806,1590,618,248,21,247,1836,6497,16,4,2926,19,0,13987,12411,217,84,5,671,273,412,977,"685",557,90,11,744,1402,101,129,80,22,1021,5766,625,3047,2619,0,0,12789,0,4954,0,0,0,0,1,0,49,18,950,495,0,0,0,0,0,1212,3022,709,1139,1083,447,0,253,164,1820,"7",84,357,130,0,0,255,108,96,4,2,4947,4947,28,3,2,56286,42817,512,"Lumbini Province","Rupandehi","Sub-Metropolitan City","Butwal Sub-Metropolitan City"
"538",50803,"Municipality ","Province 5","Rupandehi","Sainamaina Municipality",1243,1377,1320,1311,1196,1097,1238,658,755,1163,166,14,166,3,1835,21,8,824,17,9,3656,3131,263,25,0,1201,297,1668,1489,"1965",524,145,0,2162,2831,145,135,84,28,146,1409,26,1047,1152,0,0,329,0,286,0,0,0,0,0,0,3,0,87,20,0,0,0,0,0,456,342,411,392,247,0,0,0,71,745,"9",103,0,0,0,3,84,38,33,0,0,326,326,7,3,7,21241,15660,522,"Lumbini Province","Rupandehi","Municipality ","Sainamaina Municipality"
"539",50804,"Rural Municipality","Province 5","Rupandehi","Kanchan Rural Municipality",568,656,686,683,601,517,645,280,207,549,43,4,18,10,770,2,1,841,0,1,3868,3306,92,24,0,445,109,359,561,"468",173,59,0,701,933,59,75,26,52,111,672,112,646,755,0,0,204,0,229,0,0,1,0,0,0,1,0,27,0,0,0,0,0,0,228,192,187,212,449,0,0,0,59,637,"8",83,0,0,0,0,59,28,27,0,0,142,142,2,1,2,7497,4923,515,"Lumbini Province","Rupandehi","Rural Municipality","Kanchan Rural Municipality"
"540",50805,"Rural Municipality","Province 5","Rupandehi","Gaidahawa Rural Municipality",1179,1167,1050,1052,899,926,973,442,768,934,168,14,168,14,1385,15,19,1055,16,28,5714,5079,492,31,0,968,455,939,1491,"1394",664,44,0,1177,1885,44,84,11,44,145,1308,73,899,974,0,0,592,0,427,0,0,0,0,0,0,7,0,150,0,0,0,0,0,0,359,459,63,930,277,1,0,0,79,892,"12",133,0,0,1,9,49,15,13,0,0,308,308,9,3,9,17031,13034,514,"Lumbini Province","Rupandehi","Rural Municipality","Gaidahawa Rural Municipality"
"541",50806,"Rural Municipality","Province 5","Rupandehi","Suddhodhan Rural Municipality",679,796,736,736,712,593,718,321,385,658,93,8,89,100,1392,66,14,677,32,10,3090,2726,356,16,0,737,420,588,1109,"1008",599,83,6,902,1590,89,99,64,55,24,862,23,564,672,0,0,343,0,16,0,0,0,0,0,0,1,0,108,3,0,0,10,0,10,366,443,177,410,203,0,0,0,62,624,"13",149,0,0,0,10,54,21,20,0,0,206,206,2,6,6,11013,8575,526,"Lumbini Province","Rupandehi","Rural Municipality","Suddhodhan Rural Municipality"
"542",50807,"Rural Municipality","Province 5","Rupandehi","Siyari Rural Municipality",796,877,884,943,806,699,825,394,423,788,168,14,161,29,1135,9,5,664,43,10,3705,3317,575,14,0,1033,557,908,1622,"1465",624,199,0,975,1798,199,211,51,56,33,983,13,669,693,27,0,320,0,285,0,0,0,0,0,0,2,0,67,0,0,0,0,0,0,322,501,227,453,220,1,0,0,69,567,"15",171,0,0,0,3,35,19,15,0,0,63,63,2,1,3,17368,12486,525,"Lumbini Province","Rupandehi","Rural Municipality","Siyari Rural Municipality"
"543",50808,"Municipality ","Province 5","Rupandehi","Tilottama Municipality",1585,1731,1882,1882,1829,1683,1938,800,628,1705,142,12,142,20,2028,46,3,2018,21,1,9751,8480,308,56,0,2875,396,2455,3239,"2851",752,153,0,3357,4262,153,185,135,181,108,1585,86,1373,1441,11,2,252,3,145,0,0,1,0,0,0,1,0,166,0,0,0,0,0,0,580,508,206,968,325,0,0,0,183,1516,"24",274,0,0,35,2,144,65,58,0,0,1172,1172,11,10,12,28618,21395,527,"Lumbini Province","Rupandehi","Municipality ","Tilottama Municipality"
"544",50809,"Rural Municipality","Province 5","Rupandehi","Om Satiya Rural Municipality",477,621,579,585,645,515,592,163,257,576,119,10,119,3,575,30,17,262,11,29,2669,2691,449,59,0,1364,440,1248,1872,"1688",679,124,0,1866,2669,124,241,83,73,7,525,0,320,352,0,0,62,0,57,0,0,0,0,0,0,1,0,43,0,0,0,0,0,0,253,299,92,424,147,0,0,0,74,765,"18",214,0,0,0,0,29,10,8,1,1,87,87,6,7,9,14293,9773,520,"Lumbini Province","Rupandehi","Rural Municipality","Om Satiya Rural Municipality"
"545",50810,"Rural Municipality","Province 5","Rupandehi","Rohini Rural Municipality",899,824,838,835,781,723,861,386,651,797,223,19,219,29,1207,9,1,547,4,5,3953,3532,767,44,0,1990,928,1603,2801,"2531",770,130,0,1682,2582,130,369,117,172,166,1232,32,571,386,0,0,511,3,345,0,0,0,0,0,0,2,0,77,0,0,0,0,0,0,238,541,58,534,287,0,0,0,96,1081,"22",252,5,0,0,0,60,28,21,1,0,560,560,6,14,13,18861,12674,521,"Lumbini Province","Rupandehi","Rural Municipality","Rohini Rural Municipality"
"546",50811,"Municipality ","Province 5","Rupandehi","Siddharthanagar Municipality",5202,1771,1585,1587,1537,1146,1403,873,969,75,275,23,234,1645,530,0,0,345,0,0,0,0,95,12,0,20,49,0,127,"49",70,16,0,24,110,16,14,0,0,489,3173,117,1315,58,0,0,8813,0,2203,0,0,0,0,10,6,36,59,698,1063,0,0,0,1,1,6828,1693,955,11498,5988,0,0,31,12,0,"3",3,393,17,0,149,61,36,28,7,3,4125,4125,6,2,51,143184,129921,524,"Lumbini Province","Rupandehi","Municipality ","Siddharthanagar Municipality"
"547",50812,"Rural Municipality","Province 5","Rupandehi","Mayadevi Rural Municipality",851,1128,1073,1073,801,771,897,273,639,893,186,16,186,2,1048,24,0,709,36,1,6749,6527,459,17,0,1460,502,1331,1936,"1833",559,33,0,905,1497,33,80,158,17,64,953,26,705,781,0,0,31,2,27,0,0,0,0,0,0,0,0,3,0,0,0,0,0,0,128,366,23,418,168,0,0,0,81,753,"14",160,0,0,0,0,91,14,12,0,0,53,53,7,6,17,16165,11162,519,"Lumbini Province","Rupandehi","Rural Municipality","Mayadevi Rural Municipality"
"548",50813,"Municipality ","Province 5","Rupandehi","Lumbini Sanskritik Municipality",2004,2154,1806,1806,1688,1080,1435,644,1632,1394,144,12,132,30,2345,61,24,1154,45,12,7749,6707,1878,129,15,2022,2071,1838,4044,"3909",1514,152,29,1874,3569,181,287,76,41,191,2729,43,1150,1252,0,0,607,0,242,0,0,0,0,0,0,1,0,36,0,0,0,2,0,2,315,731,97,832,359,0,0,0,130,1212,"24",280,0,0,19,0,75,31,29,1,0,769,769,4,4,7,33167,26918,517,"Lumbini Province","Rupandehi","Municipality ","Lumbini Sanskritik Municipality"
"549",50814,"Rural Municipality","Province 5","Rupandehi","Kotahimai Rural Municipality",919,1002,890,879,869,805,825,276,696,820,207,17,196,28,1197,39,7,345,13,1,4868,4302,916,70,1,1803,921,1744,2790,"2665",991,339,6,1192,2528,345,327,77,83,17,1228,13,663,692,34,0,492,1,245,0,0,0,0,0,0,2,0,83,0,0,0,5,0,5,184,522,28,421,278,0,0,0,83,904,"18",206,6,0,0,0,40,11,13,3,0,645,645,5,0,2,23041,17080,516,"Lumbini Province","Rupandehi","Rural Municipality","Kotahimai Rural Municipality"
"550",50815,"Rural Municipality","Province 5","Rupandehi","Sammarimai Rural Municipality",1162,1112,1039,1054,998,796,1019,515,767,978,230,19,226,33,1439,27,1,1501,28,1,4127,3263,1284,306,1,1586,1772,1396,3177,"3168",1463,290,1,1765,3519,291,566,158,129,98,1293,58,1047,1132,0,37,743,0,704,0,0,0,0,0,0,0,0,0,0,0,0,1,0,1,360,629,5,745,332,0,0,0,76,2544,"18",201,0,1,0,0,38,21,18,1,0,466,466,11,12,19,28444,20416,523,"Lumbini Province","Rupandehi","Rural Municipality","Sammarimai Rural Municipality"
"551",50816,"Rural Municipality","Province 5","Rupandehi","Marchawari Rural Municipality",790,805,814,814,778,751,793,289,552,745,116,10,116,46,700,23,5,383,5,1,3136,2718,477,49,0,980,494,942,1506,"1436",538,130,0,867,1535,130,180,93,29,7,1310,1,624,636,0,0,272,0,215,0,0,0,0,0,0,0,0,37,0,0,0,0,0,0,118,620,162,453,231,0,0,0,66,757,"12",137,0,0,0,0,44,23,19,2,0,228,228,6,1,5,12539,10063,518,"Lumbini Province","Rupandehi","Rural Municipality","Marchawari Rural Municipality"
"552",50901,"Municipality ","Province 5","Kapilbastu","Banganga Municipality",1477,1631,1598,1608,1553,1385,1630,800,770,1133,407,34,395,8,1585,19,5,608,33,8,6926,6217,654,41,0,759,505,674,1454,"1179",979,157,0,1362,2498,157,181,103,103,240,1567,122,985,1090,0,3,264,0,151,0,0,0,0,0,0,26,0,480,0,0,0,2,0,2,563,720,557,982,412,0,0,0,112,1286,"18",205,265,0,0,0,122,57,47,2,0,573,573,17,4,11,31109,21904,529,"Lumbini Province","Kapilbastu","Municipality ","Banganga Municipality"
"553",50902,"Municipality ","Province 5","Kapilbastu","Buddhabhumi Municipality",1376,1490,1427,1428,1376,1234,1416,590,973,1275,588,49,586,28,1738,33,10,2838,78,12,7252,6323,1281,161,1,1560,1387,1490,3003,"2877",1405,195,4,1712,3316,199,285,299,248,165,1386,82,915,1005,0,4,497,4,344,0,0,0,0,0,0,7,0,158,0,0,0,9,1,10,602,500,203,669,639,0,0,0,141,1565,"34",397,0,0,0,0,67,46,43,1,0,419,419,8,6,9,23035,16129,531,"Lumbini Province","Kapilbastu","Municipality ","Buddhabhumi Municipality"
"554",50903,"Municipality ","Province 5","Kapilbastu","Shivaraj Municipality",1636,1652,1684,1682,1581,1615,1626,523,1139,1783,492,41,485,19,1609,94,13,1376,246,44,6398,5557,916,197,0,765,1253,654,1878,"1907",950,82,0,1304,2336,82,243,243,187,159,1287,81,820,856,0,6,647,0,135,0,0,0,0,0,0,66,111,270,570,0,0,8,0,8,368,3635,788,836,513,0,0,0,115,1216,"33",344,0,0,0,4,76,43,37,5,1,824,824,13,33,33,19743,12960,536,"Lumbini Province","Kapilbastu","Municipality ","Shivaraj Municipality"
"555",50904,"Rural Municipality","Province 5","Kapilbastu","Bijayanagar Rural Municipality",756,905,717,717,581,500,536,313,553,433,247,21,230,0,596,58,22,406,55,18,4556,4108,661,89,1,518,748,396,1269,"1144",792,66,14,188,1060,80,63,100,32,69,863,10,273,296,14,0,13,0,1,0,0,0,0,0,0,2,0,7,0,0,0,2,1,3,126,397,0,218,290,0,0,0,67,651,"19",180,0,0,1,18,51,27,26,1,1,226,226,11,13,14,9316,7936,530,"Lumbini Province","Kapilbastu","Rural Municipality","Bijayanagar Rural Municipality"
"556",50905,"Municipality ","Province 5","Kapilbastu","Krishnanagar Municipality",1403,1305,1301,1305,1269,1352,1364,492,1294,1242,564,47,559,100,1291,85,11,844,64,17,5335,4688,2102,640,90,810,2542,700,3642,"3242",1785,301,57,414,2557,358,495,478,272,156,2823,26,920,942,0,3,1109,0,152,0,0,0,0,0,0,2,0,246,0,1,0,4,1,6,189,1317,30,377,394,0,0,0,116,993,"38",427,0,0,0,3,60,27,25,13,3,2090,2090,5,3,8,34381,28517,533,"Lumbini Province","Kapilbastu","Municipality ","Krishnanagar Municipality"
"557",50906,"Municipality ","Province 5","Kapilbastu","Maharajganj Municipality",1475,1392,1238,1229,1133,1067,1199,355,1191,1191,565,47,529,57,1429,114,32,941,132,41,6080,5226,1531,195,2,1185,1678,956,2913,"2634",959,82,1,841,1883,83,119,240,74,34,1837,10,690,691,0,16,572,22,459,0,0,0,0,0,0,1,0,86,0,0,0,2,0,2,281,878,134,611,595,0,0,0,127,1348,"33",358,24,0,0,3,61,31,23,19,1,1895,1895,11,8,10,23356,18201,534,"Lumbini Province","Kapilbastu","Municipality ","Maharajganj Municipality"
"558",50907,"Municipality ","Province 5","Kapilbastu","Kapilbastu Municipality",1756,1853,1460,1461,1453,1128,1272,563,1873,967,493,41,485,203,1249,76,13,606,59,11,5253,4499,1112,72,0,1555,1215,1244,2739,"2459",740,77,2,1293,2112,79,112,223,100,178,3101,14,1575,625,0,2,1215,0,1,0,0,0,0,0,0,4,17,277,534,0,0,4,0,4,895,4347,1577,1826,2118,0,0,0,138,919,"25",274,4523,107,1,7,93,45,40,7,0,1499,1499,2,3,4,37153,28581,532,"Lumbini Province","Kapilbastu","Municipality ","Kapilbastu Municipality"
"559",50908,"Rural Municipality","Province 5","Kapilbastu","Yasodhara Rural Municipality",1068,1098,998,987,934,834,855,228,728,944,480,40,445,1,915,87,38,487,51,15,3640,3537,1548,80,0,1425,1787,995,3053,"2782",940,91,0,977,2008,91,381,282,178,22,1143,4,346,333,2,0,26,0,18,0,0,1,0,0,0,0,0,0,0,0,0,4,0,4,149,427,2,237,401,0,0,0,106,1178,"30",305,0,0,2,18,59,34,27,0,0,551,551,4,4,5,19157,15159,538,"Lumbini Province","Kapilbastu","Rural Municipality","Yasodhara Rural Municipality"
"560",50909,"Rural Municipality","Province 5","Kapilbastu","Mayadevi Rural Municipality",1391,1458,1389,1399,1259,1121,1228,423,1022,1032,572,48,570,39,1230,76,6,749,59,27,4652,4079,1398,145,5,1024,1593,734,2572,"2327",1173,234,10,554,1971,244,361,370,169,69,1522,0,595,537,0,32,616,0,225,0,0,0,0,0,0,2,0,49,0,0,0,12,2,14,203,541,198,453,440,0,0,0,100,1061,"31",298,0,0,5,20,59,25,20,3,0,626,626,5,4,13,26199,19557,535,"Lumbini Province","Kapilbastu","Rural Municipality","Mayadevi Rural Municipality"
"561",50910,"Rural Municipality","Province 5","Kapilbastu","Shuddhodhan Rural Municipality",1266,1295,1133,1144,1114,822,969,387,958,911,360,30,360,37,1678,121,36,918,183,56,5184,4397,1145,32,0,1359,1236,1288,2536,"2524",982,173,0,895,2050,173,417,194,12,14,1467,3,640,563,0,73,250,0,0,0,0,0,0,0,0,14,0,65,0,0,0,8,0,8,237,550,0,339,459,0,0,0,83,773,"27",297,0,0,0,0,34,20,15,0,0,309,309,14,14,40,17605,13313,537,"Lumbini Province","Kapilbastu","Rural Municipality","Shuddhodhan Rural Municipality"
"562",51001,"Rural Municipality","Province 5","Dang","Bangalachuli Rural Municipality",590,598,533,535,636,480,623,365,18,548,212,18,210,4,785,21,6,481,47,12,2698,2353,502,45,2,1731,633,1446,2280,"2079",938,418,3,1852,3211,421,340,46,225,184,317,60,143,209,37,0,94,0,3,0,0,0,0,0,0,0,0,0,1,0,0,3,0,3,102,114,40,272,357,0,0,0,52,567,"13",137,0,0,0,4,48,29,28,0,0,9,9,0,0,0,9567,5183,581,"Lumbini Province","Dang","Rural Municipality","Bangalachuli Rural Municipality"
"563",51002,"Sub-Metropolitan City","Province 5","Dang","Ghorahi Sub-Metropolitan City",3600,3433,3258,3264,3570,2833,3466,2905,220,2461,528,44,508,312,2269,35,16,788,32,29,11985,9690,1142,81,8,3696,1265,3706,4927,"4971",2313,840,1,4556,7710,841,669,259,497,661,2177,353,1044,1233,12,0,5132,0,337,0,0,0,0,0,0,26,8,301,140,0,0,42,0,42,3224,3442,1589,5529,1446,0,0,62,211,4181,"24",260,249,8,0,0,221,135,111,7,1,1040,1040,0,1,0,41811,28066,584,"Lumbini Province","Dang","Sub-Metropolitan City","Ghorahi Sub-Metropolitan City"
"564",51003,"Sub-Metropolitan City","Province 5","Dang","Tulsipur Sub-Metropolitan City",3647,3339,3362,3359,3269,2947,3301,2806,326,2011,588,49,576,173,1943,82,25,1038,92,21,10235,8244,929,103,0,5087,1050,3854,6119,"4904",1711,1164,4,3826,6705,1168,902,488,575,943,2751,670,2204,2703,0,0,2221,0,1370,0,0,0,0,0,1,13,47,222,854,0,0,3,4,7,1611,2721,825,2231,1021,1,0,0,213,1968,"29",305,525,4,1,0,216,129,119,5,1,1725,1725,3,0,0,33824,23262,589,"Lumbini Province","Dang","Sub-Metropolitan City","Tulsipur Sub-Metropolitan City"
"565",51004,"Rural Municipality","Province 5","Dang","Shantinagar Rural Municipality",491,528,502,502,489,434,513,329,39,466,168,14,160,1,506,9,7,124,10,2,2333,2056,238,17,0,1267,249,1304,1522,"1553",546,95,0,1806,2447,95,77,30,126,203,404,115,220,320,10,0,78,0,69,0,0,0,0,0,0,0,0,0,0,0,0,0,0,0,147,475,13,373,275,0,0,0,48,554,"11",124,0,0,0,0,46,18,17,2,0,153,153,1,0,0,9433,5300,588,"Lumbini Province","Dang","Rural Municipality","Shantinagar Rural Municipality"
"566",51005,"Rural Municipality","Province 5","Dang","Babai Rural Municipality",665,674,668,668,683,575,637,495,11,624,127,11,124,1,496,15,1,142,14,1,2535,2169,393,0,0,1058,432,1071,1451,"1503",590,55,0,516,1161,55,125,70,64,255,422,145,292,435,0,2,184,0,74,0,0,0,0,0,0,2,0,18,0,0,0,0,0,0,196,459,72,305,217,0,0,0,53,565,"8",84,0,0,0,0,46,14,14,3,1,202,202,0,0,1,7765,4797,580,"Lumbini Province","Dang","Rural Municipality","Babai Rural Municipality"
"567",51006,"Rural Municipality","Province 5","Dang","Dangisharan Rural Municipality",419,477,469,469,465,453,483,327,93,442,168,14,161,7,508,19,17,197,14,5,1572,1365,303,19,0,1052,358,1075,1374,"1433",509,232,3,1258,2002,235,129,14,252,142,303,101,239,332,0,0,168,3,39,0,0,1,0,0,0,2,0,38,0,0,0,2,0,2,263,411,702,381,246,0,0,0,51,584,"10",113,0,0,0,0,43,18,16,3,0,394,394,1,1,1,11042,7374,582,"Lumbini Province","Dang","Rural Municipality","Dangisharan Rural Municipality"
"568",51007,"Municipality ","Province 5","Dang","Lamahi Municipality",912,993,953,953,847,764,848,810,21,900,182,15,174,17,1537,15,4,335,7,3,3921,3494,398,7,1,1121,396,1104,1527,"1500",939,140,3,1034,2116,143,111,117,126,154,885,116,538,651,62,0,533,0,66,0,0,0,0,0,0,4,0,153,13,0,0,0,0,0,373,1329,1073,568,555,0,0,0,63,754,"8",89,0,1,0,0,79,33,29,3,0,720,720,1,0,0,18444,12184,585,"Lumbini Province","Dang","Municipality ","Lamahi Municipality"
"569",51008,"Rural Municipality","Province 5","Dang","Rapti Rural Municipality",953,892,862,862,802,847,844,778,56,938,186,16,184,76,792,8,5,276,7,0,3684,3304,279,22,0,1353,301,1384,1654,"1685",786,330,0,692,1808,330,206,90,104,223,935,126,564,731,0,0,554,0,367,0,0,0,0,0,0,0,0,0,0,0,0,0,0,0,543,376,628,931,322,0,0,0,58,650,"10",115,0,0,0,0,62,55,45,2,0,267,267,5,0,4,13424,7924,587,"Lumbini Province","Dang","Rural Municipality","Rapti Rural Municipality"
"570",51009,"Rural Municipality","Province 5","Dang","Gadhawa Rural Municipality",799,783,711,711,681,610,673,643,67,662,198,17,195,29,1394,28,9,1031,5,1,3215,2733,592,50,0,2089,640,2102,2731,"2742",1890,209,0,1394,3493,209,84,140,375,193,644,136,447,578,47,1,511,0,489,0,0,0,0,0,0,4,0,17,0,0,0,3,1,4,276,668,622,511,871,0,0,0,78,1030,"12",136,0,0,1,0,58,33,29,2,0,1198,1198,4,1,0,21323,14452,583,"Lumbini Province","Dang","Rural Municipality","Gadhawa Rural Municipality"
"571",51010,"Rural Municipality","Province 5","Dang","Rajpur Rural Municipality",473,482,455,455,418,393,433,277,45,453,131,11,130,11,592,31,5,236,7,3,2502,2088,656,33,0,1609,613,1583,2298,"2196",1058,122,0,1204,2384,122,203,25,232,162,335,105,173,259,44,0,226,0,33,0,0,0,0,0,0,2,0,12,0,0,0,0,0,0,250,473,31,626,675,0,0,0,52,446,"8",91,0,0,0,0,26,19,16,0,0,205,205,0,0,0,12255,9304,586,"Lumbini Province","Dang","Rural Municipality","Rajpur Rural Municipality"
"572",51101,"Rural Municipality","Province 5","Banke","Rapti Sonari Rural Municipality",1349,1249,1221,1240,1123,1016,1268,843,368,1309,396,33,393,71,1194,34,18,594,47,18,5290,4268,560,148,8,4713,695,4028,5429,"4723",1006,295,2,3122,4425,297,379,197,113,345,1172,211,566,887,108,1,800,3,264,0,0,0,0,0,0,0,0,18,0,0,0,3,0,3,425,942,408,1408,604,0,0,0,106,1198,"20",221,0,0,18,8,68,45,41,6,1,849,849,4,6,1,18562,13261,597,"Lumbini Province","Banke","Rural Municipality","Rapti Sonari Rural Municipality"
"573",51102,"Municipality ","Province 5","Banke","Kohalpur Municipality",1862,1649,1579,1579,1660,1578,1680,948,628,1375,285,24,278,826,627,0,0,468,1,1,7247,6645,347,34,0,1807,391,1751,2188,"2142",784,116,0,1560,2460,116,64,18,21,385,1828,108,522,801,3284,0,1291,0,637,0,0,0,2,1,7,23,58,483,1309,0,0,4,107,111,658,1721,2220,633,291,0,0,31,66,750,"15",171,0,0,0,0,97,53,47,9,1,247,247,13,8,1,17803,12534,594,"Lumbini Province","Banke","Municipality ","Kohalpur Municipality"
"574",51103,"Rural Municipality","Province 5","Banke","Baijanath Rural Municipality",1022,1077,1072,1072,1053,1025,1212,656,306,1023,289,24,289,22,704,23,7,434,42,11,5639,5172,447,38,7,2238,460,2086,2730,"2546",1046,358,19,3377,4800,377,306,74,69,280,904,140,525,621,0,0,278,0,170,0,0,1,0,0,0,2,0,24,0,0,0,1,0,1,480,441,216,813,751,0,0,0,92,981,"14",163,0,0,0,0,94,49,44,17,1,1054,1054,7,14,18,17430,9853,590,"Lumbini Province","Banke","Rural Municipality","Baijanath Rural Municipality"
"575",51104,"Rural Municipality","Province 5","Banke","Khajura Rural Municipality",1151,1250,1142,1142,1134,1086,1193,806,503,1231,347,29,342,59,957,13,122,372,4,2,6029,5332,591,22,0,3033,784,3070,3646,"3854",723,512,0,3212,4447,512,409,142,43,271,1362,159,841,993,1,0,498,8,152,0,0,0,0,0,0,3,0,61,0,0,0,0,1,1,1029,328,641,1364,763,0,0,0,108,1249,"19",210,0,0,0,0,76,59,52,9,0,746,746,3,12,12,20242,15995,593,"Lumbini Province","Banke","Rural Municipality","Khajura Rural Municipality"
"576",51105,"Rural Municipality","Province 5","Banke","Janaki Rural Municipality",942,949,912,912,915,946,944,331,668,1025,213,18,209,16,794,34,9,427,65,29,4679,4588,506,104,0,2502,627,2472,3112,"3099",850,435,3,2940,4228,438,323,91,37,122,994,64,617,675,0,0,330,1,71,0,0,0,0,0,0,0,0,1,0,0,0,5,0,5,576,397,101,922,814,0,0,0,81,900,"16",195,0,0,1,3,53,49,37,2,0,375,375,9,8,9,16799,12927,592,"Lumbini Province","Banke","Rural Municipality","Janaki Rural Municipality"
"577",51106,"Sub-Metropolitan City","Province 5","Banke","Nepalganj Sub-Metropolitan City",5096,3464,3142,3122,3018,2878,3063,1600,1560,2462,996,83,1314,1187,1937,66,16,763,29,25,14595,12963,1410,135,0,5382,1676,4963,6927,"6639",1538,612,13,5676,7839,625,291,288,176,485,4017,218,1927,1531,384,0,8444,15,141,0,0,1,2,0,4,21,10,252,331,0,0,13,120,133,1246,1151,745,2162,988,66,0,1,191,1817,"29",301,5671,98,6,5,205,138,110,8,1,3850,3645,21,12,15,53885,46139,596,"Lumbini Province","Banke","Sub-Metropolitan City","Nepalganj Sub-Metropolitan City"
"578",51107,"Rural Municipality","Province 5","Banke","Duduwa Rural Municipality",1057,1122,1087,1077,961,673,894,536,792,781,312,26,312,66,731,25,26,234,31,18,5234,4327,694,163,0,1780,909,1780,2637,"2689",819,340,17,2395,3571,357,399,131,132,104,1225,46,733,885,0,0,672,0,121,0,0,0,0,0,0,0,0,32,0,0,0,2,0,2,312,717,125,713,614,0,0,0,58,663,"17",196,0,0,2,0,46,53,37,4,0,407,407,11,2,8,14420,13275,591,"Lumbini Province","Banke","Rural Municipality","Duduwa Rural Municipality"
"579",51108,"Rural Municipality","Province 5","Banke","Narainapur Rural Municipality",1120,1155,1019,1020,1002,885,956,323,907,1013,392,33,392,64,741,107,74,384,67,47,4966,4747,1344,382,2,1558,1659,1496,3286,"3155",1100,570,9,1400,3079,579,437,490,95,48,1443,19,651,695,189,7,584,44,226,0,0,0,0,0,0,0,0,4,0,0,0,4,2,6,178,721,56,602,552,0,0,0,67,775,"13",153,0,0,0,0,45,45,43,18,2,687,687,14,19,20,20631,19762,595,"Lumbini Province","Banke","Rural Municipality","Narainapur Rural Municipality"
"580",51201,"Municipality ","Province 5","Bardiya","Bansgadhi Municipality",1075,1147,1145,1143,1107,1124,1334,728,379,1125,234,20,228,24,793,68,14,195,31,3,5365,4535,511,141,16,1095,515,1093,1763,"1608",1200,365,17,2415,3997,382,246,112,371,267,887,169,623,823,0,0,435,8,354,0,0,1,0,0,0,1,1,6,0,0,0,7,0,7,135,382,339,577,378,1,0,0,100,988,"14",162,6,0,1,0,58,48,46,8,0,859,859,5,6,17,19933,12652,599,"Lumbini Province","Bardiya","Municipality ","Bansgadhi Municipality"
"581",51201,"Municipality ","Province 5","Bardiya","Bansgadhi Municipality",1075,1147,1145,1143,1107,1124,1334,728,379,1125,234,20,228,24,793,68,14,195,31,3,5365,4535,511,141,16,1095,515,1093,1763,"1608",1200,365,17,2415,3997,382,246,112,371,267,887,169,623,823,0,0,435,8,354,0,0,1,0,0,0,1,1,6,0,0,0,7,0,7,135,382,339,577,378,1,0,0,100,988,"14",162,6,0,1,0,58,48,46,8,0,859,859,5,6,17,19933,12652,600,"Lumbini Province","Bardiya","Municipality ","Bansgadhi Municipality"
"582",51202,"Municipality ","Province 5","Bardiya","Barbardiya Municipality",1153,1184,1152,1152,1127,1095,1293,833,237,1204,249,21,248,79,1140,32,8,321,29,7,5602,4931,382,4,0,1704,378,1600,2090,"1978",975,103,15,3281,4374,118,140,28,30,261,988,185,767,784,0,0,741,0,531,0,0,0,0,0,0,7,0,43,0,0,0,4,0,4,384,696,264,1033,454,0,0,0,130,1400,"21",253,0,0,0,1,73,41,38,2,0,962,962,4,5,3,22545,13153,601,"Lumbini Province","Bardiya","Municipality ","Barbardiya Municipality"
"583",51203,"Municipality ","Province 5","Bardiya","Thakurbaba Municipality",823,840,810,806,647,693,858,468,297,727,252,21,235,44,745,32,8,54,8,7,3341,2968,172,226,0,1303,496,1182,1701,"1678",635,274,0,1962,2871,274,192,30,86,147,649,112,515,634,0,0,589,0,489,1,0,1,0,0,0,2,0,88,0,0,0,6,0,6,232,499,278,476,295,0,0,0,89,784,"17",204,0,0,0,0,71,37,35,21,0,4927,4927,4,4,6,19790,13703,606,"Lumbini Province","Bardiya","Municipality ","Thakurbaba Municipality"
"584",51204,"Rural Municipality","Province 5","Bardiya","Geruwa Rural Municipality",598,630,602,592,607,541,642,389,195,591,288,24,288,42,601,16,4,248,6,2,3468,1397,354,99,2,877,622,877,1332,"1499",1369,233,2,2270,3874,235,182,115,176,142,511,109,427,535,0,0,402,0,345,0,0,0,0,0,0,3,0,46,0,0,0,2,0,2,289,194,163,569,301,0,0,0,71,782,"19",221,0,0,0,1,38,12,11,2,0,332,332,0,1,1,17204,10433,602,"Lumbini Province","Bardiya","Rural Municipality","Geruwa Rural Municipality"
"585",51205,"Municipality ","Province 5","Bardiya","Rajapur Municipality",845,874,841,841,844,907,964,621,232,892,442,37,441,80,872,23,5,337,16,10,4312,3910,730,50,1,1778,748,1697,2559,"2445",3483,351,7,3844,7685,358,394,2,51,166,805,122,637,687,104,0,656,0,484,0,0,0,0,0,0,0,0,80,53,0,0,18,0,18,657,1264,1386,980,777,0,0,0,129,1534,"34",397,0,0,15,1,62,42,38,2,0,1197,1197,5,4,12,35619,19079,605,"Lumbini Province","Bardiya","Municipality ","Rajapur Municipality"
"586",51206,"Municipality ","Province 5","Bardiya","Madhuwan Municipality",835,871,852,855,805,847,986,557,250,880,261,22,260,56,795,44,2,52,2,0,4241,3323,304,125,0,1797,496,1754,2226,"2250",750,269,10,2906,3935,279,244,33,43,263,686,167,492,638,7,0,510,0,446,0,0,0,0,0,0,4,0,42,0,0,0,4,0,4,145,548,106,516,557,0,0,0,104,973,"19",223,0,0,0,1,52,39,38,3,0,651,651,2,2,1,16545,10390,604,"Lumbini Province","Bardiya","Municipality ","Madhuwan Municipality"
"587",51207,"Municipality ","Province 5","Bardiya","Gulariya Municipality",1496,1512,1424,1419,1330,1295,1605,590,986,1430,297,25,297,92,1339,52,8,271,25,6,6508,5854,737,78,0,2562,739,2534,3377,"3273",1284,103,5,2675,4067,108,117,22,216,145,1550,88,1218,1218,1,0,1202,0,161,0,0,0,0,0,0,13,1,124,45,0,0,6,0,6,741,1778,1316,2790,690,0,0,0,108,1142,"15",174,3488,13,0,0,78,49,38,4,0,588,588,3,12,9,35459,24219,603,"Lumbini Province","Bardiya","Municipality ","Gulariya Municipality"
"588",51208,"Rural Municipality","Province 5","Bardiya","Badhaiyatal Rural Municipality",861,958,898,907,932,912,1113,504,376,946,228,19,226,62,884,35,13,286,11,6,4463,3995,310,25,1,2008,325,2004,2344,"2329",594,266,10,2933,3803,276,265,7,90,220,784,102,480,672,0,0,450,0,19,2,0,0,0,0,0,2,0,39,0,0,0,3,1,4,377,478,264,414,360,0,0,0,97,1048,"17",199,3,0,0,3,82,54,49,5,2,3186,3186,1,6,5,19253,14244,598,"Lumbini Province","Bardiya","Rural Municipality","Badhaiyatal Rural Municipality"
"589",60101,"Rural Municipality","Karnali Province","Dolpa","Dolpo Buddha Rural Municipality",58,58,43,42,35,22,18,9,9,4,30,3,10,1,25,1,0,23,3,0,83,70,14,2,0,1,7,1,17,"8",26,11,0,5,42,11,8,2,1,5,25,0,2,9,0,1,0,1,2,0,0,0,0,0,0,0,0,0,0,0,0,0,0,0,5,0,0,21,16,0,0,0,10,20,"4",34,0,0,0,0,0,0,0,0,0,0,0,0,0,0,1165,872,636,"Karnali Province","Dolpa","Rural Municipality","Dolpo Buddha Rural Municipality"
"590",60102,"Rural Municipality","Karnali Province","Dolpa","Shey Phoksundo Rural Municipality",22,31,29,29,28,14,12,8,0,0,23,2,21,0,14,0,0,12,0,0,19,17,3,0,0,0,5,0,3,"5",8,0,0,0,8,0,2,5,0,1,13,1,6,9,0,0,0,3,2,0,0,0,0,0,0,0,0,0,0,0,0,0,0,0,1,0,0,8,5,0,0,0,20,4,"6",42,0,0,0,0,0,0,0,0,0,0,0,0,0,0,370,302,640,"Karnali Province","Dolpa","Rural Municipality","Shey Phoksundo Rural Municipality"
"591",60103,"Rural Municipality","Karnali Province","Dolpa","Jagadulla Rural Municipality",66,84,72,73,49,53,58,44,18,0,48,4,31,0,34,5,0,27,4,0,305,158,86,37,1,31,128,24,155,"152",109,16,0,8,133,16,23,34,20,13,87,5,21,35,8,24,4,0,21,0,0,0,0,0,0,0,0,0,0,0,0,0,0,0,39,8,0,140,13,0,0,0,12,24,"5",9,0,0,0,0,0,0,0,0,0,0,0,0,0,0,2209,1739,637,"Karnali Province","Dolpa","Rural Municipality","Jagadulla Rural Municipality"
"592",60104,"Rural Municipality","Karnali Province","Dolpa","Mudkechula Rural Municipality",136,133,124,119,132,99,81,51,42,384,56,5,28,0,255,15,0,98,0,0,573,489,195,102,1,50,313,49,348,"362",285,149,44,115,593,193,207,117,21,12,116,1,44,72,0,2,6,0,6,0,0,0,0,0,0,0,0,0,0,0,0,0,0,0,64,16,7,239,8,0,0,0,17,81,"7",6,0,0,0,0,0,0,0,0,0,0,0,0,0,0,3654,3429,639,"Karnali Province","Dolpa","Rural Municipality","Mudkechula Rural Municipality"
"593",60105,"Municipality ","Karnali Province","Dolpa","Tripurasundari Municipality",234,247,246,246,243,199,225,118,75,86,106,9,102,0,220,8,7,368,9,2,1510,1227,282,62,4,104,300,93,452,"393",588,124,20,342,1074,144,121,102,50,39,281,2,67,89,27,1,74,8,72,0,0,0,0,0,0,0,0,0,0,2,0,4,0,6,202,37,0,569,89,0,0,0,42,445,"15",170,0,0,12,0,0,0,0,0,0,0,0,0,0,0,5219,3849,642,"Karnali Province","Dolpa","Municipality ","Tripurasundari Municipality"
"594",60106,"Municipality ","Karnali Province","Dolpa","Thulibheri Municipality",269,248,205,205,181,197,164,150,63,227,74,6,49,25,455,15,0,618,15,0,308,282,406,183,13,108,370,98,710,"468",705,358,39,163,1265,397,78,175,66,125,233,38,68,144,6,17,132,7,138,0,0,0,0,0,0,6,0,21,0,0,0,0,1,1,103,0,0,109,111,0,0,0,29,165,"13",87,0,0,0,0,9,3,15,0,0,0,0,0,0,0,15477,12390,641,"Karnali Province","Dolpa","Municipality ","Thulibheri Municipality"
"595",60107,"Rural Municipality","Karnali Province","Dolpa","Kaike Rural Municipality",77,85,79,80,80,71,61,29,1,79,96,8,73,0,121,8,0,106,1,1,495,410,131,35,0,84,78,104,250,"182",262,40,1,180,483,41,193,58,21,18,76,5,10,70,0,1,1,0,1,0,0,2,0,0,0,0,0,0,0,0,0,2,1,3,33,8,2,108,25,0,0,0,26,182,"9",76,0,0,0,0,0,0,0,0,0,0,0,0,0,0,2464,1682,638,"Karnali Province","Dolpa","Rural Municipality","Kaike Rural Municipality"
"596",60108,"Rural Municipality","Karnali Province","Dolpa","Chharka Tangsong Rural Municipality",42,47,42,42,13,18,6,29,22,0,33,3,4,0,15,0,0,10,0,0,60,47,96,0,0,0,222,0,96,"222",77,0,0,0,77,0,0,55,0,0,0,0,0,8,0,0,0,0,0,0,0,0,0,0,0,0,0,0,0,0,0,0,0,0,10,0,0,3,13,0,0,0,13,29,"5",8,0,0,0,0,0,0,0,0,0,0,0,0,0,0,697,553,635,"Karnali Province","Dolpa","Rural Municipality","Chharka Tangsong Rural Municipality"
"597",60201,"Rural Municipality","Karnali Province","Mugu","Mugumkarmarog Rural Municipality",151,152,146,145,138,136,142,88,94,95,102,9,91,0,101,10,7,182,3,0,356,416,191,40,2,82,158,52,315,"210",219,34,12,110,375,46,61,39,72,20,116,0,50,61,16,1,16,6,16,2,0,0,0,0,0,0,0,0,0,0,0,0,0,0,4,0,0,94,20,0,0,0,33,35,"11",88,33,0,6,17,4,3,3,0,0,0,0,0,0,0,2050,2113,662,"Karnali Province","Mugu","Rural Municipality","Mugumkarmarog Rural Municipality"
"598",60202,"Rural Municipality","Karnali Province","Mugu","Chhayanath Rara Municipality",568,561,585,577,520,504,498,295,317,529,164,14,133,22,605,36,2,613,90,9,2595,2260,459,133,21,421,509,387,1034,"896",732,204,74,562,1572,278,119,72,118,290,626,35,85,261,7,0,380,0,35,0,0,0,0,0,0,4,20,22,75,0,0,0,5,5,20,108,0,187,79,0,0,0,41,244,"20",153,0,0,0,6,23,6,6,4,0,94,94,0,0,0,14162,13096,660,"Karnali Province","Mugu","Rural Municipality","Chhayanath Rara Municipality"
"599",60203,"Rural Municipality","Karnali Province","Mugu","Soru Rural Municipality",467,515,442,441,452,337,409,167,123,296,141,12,116,2,396,117,14,734,143,33,406,334,757,311,10,365,1027,309,1443,"1336",979,282,5,319,1585,287,302,240,184,106,290,16,70,148,0,7,67,22,19,0,7,0,0,0,0,0,0,3,0,0,0,0,0,0,41,0,0,68,100,0,0,0,49,327,"16",138,0,0,0,0,10,4,3,0,0,0,0,0,0,0,6329,4869,663,"Karnali Province","Mugu","Rural Municipality","Soru Rural Municipality"
"600",60204,"Rural Municipality","Karnali Province","Mugu","Khatyad Rural Municipality",553,522,523,452,428,386,468,232,102,314,146,12,127,4,359,11,1,286,11,2,1676,1444,652,296,4,837,1036,674,1789,"1710",998,522,30,851,2401,552,430,175,390,348,625,85,142,277,3,33,286,13,145,0,0,1,0,0,0,8,0,103,14,0,0,3,0,3,35,48,0,91,56,0,0,0,54,844,"21",199,0,0,9,0,6,15,0,139,0,614,612,0,0,2,8817,7783,661,"Karnali Province","Mugu","Rural Municipality","Khatyad Rural Municipality"
"601",60301,"Rural Municipality","Karnali Province","Humla","Chankheli Rural Municipality",185,185,154,150,84,56,92,72,32,0,94,8,67,5,173,25,31,350,27,7,552,515,226,81,12,70,250,74,389,"324",362,65,11,108,546,76,135,167,228,22,45,6,31,60,19,17,9,13,19,0,0,0,0,0,0,0,0,0,0,0,0,0,0,0,24,0,0,96,33,0,0,0,29,178,"5",39,0,0,0,27,0,0,0,0,0,0,0,0,0,0,3874,3722,665,"Karnali Province","Humla","Rural Municipality","Chankheli Rural Municipality"
"602",60302,"Rural Municipality","Karnali Province","Humla","Kharpunath Rural Municipality",233,240,202,202,152,125,122,100,36,0,98,8,53,2,106,14,3,128,23,3,514,225,309,129,8,303,273,228,749,"501",435,159,5,336,935,164,82,141,135,73,153,30,76,105,18,0,76,5,28,0,0,0,0,0,0,0,0,0,0,0,0,0,0,0,19,0,0,72,40,0,0,0,31,305,"9",58,0,0,0,0,0,0,0,0,0,0,0,0,0,0,3969,3463,666,"Karnali Province","Humla","Rural Municipality","Kharpunath Rural Municipality"
"603",60303,"Rural Municipality","Karnali Province","Humla","Simkot Rural Municipality",352,371,300,301,251,153,141,356,351,0,103,9,100,11,1110,126,170,1098,49,11,599,429,384,168,30,156,439,94,738,"533",688,252,48,117,1105,300,123,70,99,172,503,128,388,995,1,0,266,0,114,0,0,0,0,0,0,26,0,43,0,0,0,0,0,0,65,3,0,297,141,0,0,0,27,158,"9",98,0,0,0,14,22,6,5,0,0,0,0,1,0,0,7887,7630,669,"Karnali Province","Humla","Rural Municipality","Simkot Rural Municipality"
"604",60304,"Rural Municipality","Karnali Province","Humla","Namkha Rural Municipality",59,92,82,79,77,36,37,12,1,0,84,7,48,2,12,0,0,0,0,0,130,218,19,32,0,7,53,7,58,"60",80,12,0,5,97,12,28,41,18,1,6,0,0,0,0,9,0,8,0,0,0,0,0,0,0,0,0,0,0,0,0,1,0,1,17,0,0,41,16,0,0,0,21,42,"8",43,0,0,0,1,0,0,0,0,0,0,0,0,0,0,2304,2222,667,"Karnali Province","Humla","Rural Municipality","Namkha Rural Municipality"
"605",60305,"Rural Municipality","Karnali Province","Humla","Sarkegad Rural Municipality",320,405,368,346,294,148,165,150,82,0,102,9,118,8,241,46,3,294,30,1,728,418,510,241,5,560,691,448,1316,"1139",926,68,35,674,1703,103,167,108,304,80,184,7,20,243,24,0,118,2,7,0,0,0,0,0,0,0,0,0,0,0,0,0,0,0,64,0,0,81,62,0,0,0,36,369,"13",126,0,0,0,19,0,0,0,0,0,0,0,0,0,0,8283,8590,668,"Karnali Province","Humla","Rural Municipality","Sarkegad Rural Municipality"
"606",60306,"Rural Municipality","Karnali Province","Humla","Adanchuli Rural Municipality",255,292,210,197,189,109,80,60,21,0,28,2,19,0,121,31,7,208,30,3,0,0,48,45,0,22,97,51,115,"148",103,61,0,13,177,61,37,46,18,79,118,37,76,352,4,0,114,1,2,0,0,0,0,0,1,0,0,0,0,0,0,0,0,0,32,0,0,18,16,0,0,0,9,46,"4",26,0,0,0,8,0,0,0,0,0,0,0,0,0,1,2326,2372,664,"Karnali Province","Humla","Rural Municipality","Adanchuli Rural Municipality"
"607",60307,"Rural Municipality","Karnali Province","Humla","Tanjakot Rural Municipality",182,213,180,215,167,109,32,87,37,0,40,3,27,5,58,14,1,129,31,6,0,0,169,210,119,204,495,142,702,"637",135,168,3,237,543,171,35,341,140,54,130,16,55,136,0,0,75,4,22,0,0,0,0,0,0,0,0,0,0,0,0,3,0,3,74,0,0,74,18,0,0,0,17,86,"6",48,0,0,0,6,0,0,0,0,0,0,0,0,0,0,4505,4125,670,"Karnali Province","Humla","Rural Municipality","Tanjakot Rural Municipality"
"608",60401,"Rural Municipality","Karnali Province","Jumla","Patarasi Rural Municipality",335,374,338,338,358,348,312,92,126,176,153,13,144,2,490,135,3,136,20,3,2035,1841,550,22,0,1183,582,1111,1755,"1693",636,448,36,1328,2448,484,329,165,71,128,228,13,39,155,3,0,95,0,5,0,0,0,0,0,0,0,0,0,0,0,0,5,1,6,16,22,29,142,82,0,0,0,63,668,"12",130,0,0,0,0,5,0,0,0,0,0,0,0,0,0,8561,6648,647,"Karnali Province","Jumla","Rural Municipality","Patarasi Rural Municipality"
"609",60402,"Rural Municipality","Karnali Province","Jumla","Kanaka Sundari Rural Municipality",274,264,246,253,280,224,239,121,108,285,111,9,109,17,341,29,2,431,45,7,1039,126,177,106,23,887,273,729,1193,"1002",434,206,8,1452,2100,214,132,133,55,97,199,33,120,161,0,2,160,1,97,0,0,0,0,0,0,0,0,28,0,0,0,1,1,2,81,0,0,141,162,0,0,0,85,528,"14",137,0,0,0,0,3,0,0,0,0,0,0,0,0,0,5472,4747,646,"Karnali Province","Jumla","Rural Municipality","Kanaka Sundari Rural Municipality"
"610",60403,"Rural Municipality","Karnali Province","Jumla","Sinja Rural Municipality",256,250,245,258,250,228,201,87,134,207,58,5,44,0,428,17,7,381,32,5,1647,971,250,184,0,899,388,733,1333,"1121",324,247,5,889,1465,252,218,14,6,77,186,10,59,96,1,0,150,4,90,0,0,0,0,0,0,0,0,0,0,0,0,1,0,1,18,24,0,74,52,0,0,0,62,634,"8",67,0,0,0,0,6,0,0,0,0,0,0,0,0,0,3348,3436,648,"Karnali Province","Jumla","Rural Municipality","Sinja Rural Municipality"
"611",60404,"Municipality ","Karnali Province","Jumla","Chandannath Municipality",423,338,312,314,269,340,336,212,173,2046,204,17,189,39,703,36,0,242,14,0,687,612,266,16,1,926,275,1006,1209,"1281",427,100,21,793,1341,121,108,5,43,262,396,127,238,390,245,2,304,0,50,0,0,0,0,0,0,120,14,875,232,0,0,4,0,4,147,843,126,363,532,0,0,0,79,597,"10",103,0,0,0,0,15,6,3,0,0,0,0,0,0,0,20463,18338,643,"Karnali Province","Jumla","Municipality ","Chandannath Municipality"
"612",60405,"Rural Municipality","Karnali Province","Jumla","Guthichaur Rural Municipality",160,210,167,177,183,212,239,76,49,500,138,12,111,6,445,68,4,1125,144,12,543,496,329,137,1,617,528,638,1084,"1166",476,124,3,370,973,127,158,7,74,73,82,28,62,119,0,0,107,0,32,0,0,0,0,0,0,2,0,6,0,0,0,2,0,2,33,64,0,141,22,0,0,0,49,345,"10",91,0,0,0,0,10,1,0,0,0,0,0,0,0,0,7424,5566,644,"Karnali Province","Jumla","Rural Municipality","Guthichaur Rural Municipality"
"613",60406,"Rural Municipality","Karnali Province","Jumla","Tatopani Rural Municipality",284,285,229,222,201,178,197,76,141,143,131,11,126,3,598,67,8,437,79,9,2012,1601,214,52,0,662,232,617,928,"849",201,270,5,871,1347,275,201,70,21,73,197,25,97,202,0,1,96,0,47,0,0,0,0,0,0,1,0,17,0,0,0,2,0,2,67,33,19,220,47,0,0,0,63,437,"12",140,0,0,0,0,4,0,0,0,0,0,0,0,0,0,4929,4206,649,"Karnali Province","Jumla","Rural Municipality","Tatopani Rural Municipality"
"614",60407,"Rural Municipality","Karnali Province","Jumla","Tila Rural Municipality",379,383,334,335,345,246,301,105,213,375,105,9,102,5,786,53,12,735,119,45,1108,994,530,188,5,1162,1159,1173,1885,"2332",583,266,6,1496,2351,272,256,56,55,100,287,29,164,186,3,3,188,0,137,0,0,0,0,0,0,0,0,0,0,0,0,0,0,0,63,182,12,159,96,0,0,0,72,554,"16",174,0,0,21,9,11,0,0,0,0,0,0,0,0,0,7909,6545,650,"Karnali Province","Jumla","Rural Municipality","Tila Rural Municipality"
"615",60408,"Rural Municipality","Karnali Province","Jumla","Hima Rural Municipality",252,283,241,246,206,176,202,85,77,258,128,11,125,5,570,48,13,531,96,40,1164,1078,367,109,9,927,429,847,1412,"1276",571,319,3,931,1824,322,269,110,12,80,179,24,65,129,0,0,90,0,72,0,0,0,0,0,0,1,0,14,0,0,0,1,0,1,18,107,7,117,80,0,6,0,49,615,"10",117,0,0,0,0,9,0,0,0,0,0,0,1,0,2,6077,4808,645,"Karnali Province","Jumla","Rural Municipality","Hima Rural Municipality"
"616",60501,"Rural Municipality","Karnali Province","Kalikot","Palata Rural Municipality",487,466,411,388,289,321,262,235,29,493,140,12,140,2,681,112,17,1063,170,44,2941,2418,413,280,6,1007,520,788,1706,"1308",794,312,25,1177,2308,337,253,72,46,76,516,18,107,172,0,0,166,1,67,0,1,0,0,0,0,0,0,0,0,0,0,0,3,3,48,44,4,264,70,0,0,0,26,281,"8",49,0,0,1,50,8,4,1,0,0,0,0,0,0,0,9587,7645,656,"Karnali Province","Kalikot","Rural Municipality","Palata Rural Municipality"
"617",60502,"Rural Municipality","Karnali Province","Kalikot","Pachal Jharana Rural Municipality",344,330,242,250,229,215,242,108,123,276,113,9,88,1,618,68,10,543,103,19,1441,1227,291,105,1,1063,375,1054,1460,"1429",302,210,4,1238,1754,214,275,34,54,90,362,29,153,171,25,0,151,0,89,0,0,0,0,0,0,0,0,0,0,0,0,5,0,5,115,140,0,346,110,0,0,0,25,273,"7",74,0,0,0,21,3,0,0,0,0,0,0,0,0,0,5275,5117,655,"Karnali Province","Kalikot","Rural Municipality","Pachal Jharana Rural Municipality"
"618",60503,"Municipality ","Karnali Province","Kalikot","Raskot Municipality",450,436,353,353,293,226,302,190,113,362,108,9,105,10,950,90,23,846,188,30,2083,1826,392,274,2,1092,550,1085,1760,"1635",479,103,4,1206,1792,107,90,7,7,106,439,47,206,283,42,0,280,0,159,0,1,0,0,0,0,0,0,0,0,0,0,2,1,3,79,164,52,415,338,0,0,0,31,340,"6",70,0,0,0,0,9,0,0,0,0,0,0,1,0,1,6083,4855,657,"Karnali Province","Kalikot","Municipality ","Raskot Municipality"
"619",60504,"Rural Municipality","Karnali Province","Kalikot","Sanni Tribeni Rural Municipality",291,302,279,284,223,213,231,103,122,270,114,10,100,3,250,24,4,528,17,6,1582,1396,318,203,0,686,498,676,1207,"1174",432,219,8,752,1411,227,225,5,32,63,270,14,146,179,110,0,150,0,118,0,1,0,0,0,0,0,0,0,0,0,0,1,0,1,57,103,0,262,139,0,0,0,28,262,"4",29,0,0,0,4,5,0,0,0,0,0,0,0,0,0,5370,4331,658,"Karnali Province","Kalikot","Rural Municipality","Sanni Tribeni Rural Municipality"
"620",60505,"Rural Municipality","Karnali Province","Kalikot","Naraharinath Rural Municipality",609,609,465,505,357,261,364,207,261,474,163,14,155,11,671,17,1,413,31,0,2078,1859,451,256,0,1597,803,1562,2304,"2365",955,278,9,1588,2830,287,225,23,23,100,600,30,271,315,96,18,377,3,283,0,0,0,0,0,0,0,0,10,0,1,0,4,0,5,125,256,56,442,193,0,0,0,49,509,"10",112,0,0,3,16,4,1,3,0,0,12,12,0,0,0,10070,7974,654,"Karnali Province","Kalikot","Rural Municipality","Naraharinath Rural Municipality"
"621",60506,"Municipality ","Karnali Province","Kalikot","Khandachakra Municipality",693,835,521,521,438,495,522,232,318,803,129,11,114,21,720,92,13,761,174,39,2466,2232,728,50,3,1162,767,1162,1943,"1929",1073,167,32,1391,2663,199,151,0,43,175,536,24,126,137,26,0,514,2,104,0,0,0,0,1,0,2,1,90,31,0,0,0,1,1,107,396,165,531,964,0,0,0,36,395,"7",30,0,0,0,0,23,5,4,1,0,258,258,2,0,2,10071,7180,652,"Karnali Province","Kalikot","Municipality ","Khandachakra Municipality"
"622",60507,"Municipality ","Karnali Province","Kalikot","Tilagupha Municipality",432,397,313,299,312,274,333,135,235,303,156,13,153,9,543,35,24,339,28,19,2035,1809,628,123,0,1191,1006,1246,1942,"2252",932,205,3,1205,2345,208,169,74,15,55,373,14,251,264,56,0,231,0,172,0,0,0,0,0,0,0,0,0,0,1,0,4,0,5,128,123,72,406,348,7,49,0,47,530,"12",139,0,0,0,0,7,3,3,0,0,0,0,2,0,3,8102,6197,659,"Karnali Province","Kalikot","Municipality ","Tilagupha Municipality"
"623",60508,"Rural Municipality","Karnali Province","Kalikot","Mahawai Rural Municipality",187,176,122,122,152,85,143,92,28,139,59,5,56,4,145,13,0,146,18,4,823,579,178,32,5,490,198,490,705,"688",235,29,11,489,764,40,31,16,28,79,146,21,93,144,0,0,132,0,50,0,0,0,0,0,0,0,0,0,0,0,0,0,0,0,45,71,2,101,69,0,0,0,18,146,"5",42,0,0,0,2,4,0,0,0,0,0,0,0,0,0,2829,2108,653,"Karnali Province","Kalikot","Rural Municipality","Mahawai Rural Municipality"
"624",60509,"Rural Municipality","Karnali Province","Kalikot","Kalika Rural Municipality",309,338,318,318,267,170,196,182,123,252,106,9,106,9,444,31,7,380,71,18,1357,1129,318,35,0,851,354,890,1204,"1244",486,132,20,682,1320,152,126,7,6,81,293,31,149,177,0,0,267,2,64,0,0,0,0,0,0,0,0,0,0,0,0,2,1,3,23,91,9,245,178,0,0,0,27,279,"5",35,0,0,0,0,8,2,2,0,0,0,0,0,0,0,4083,2718,651,"Karnali Province","Kalikot","Rural Municipality","Kalika Rural Municipality"
"625",60601,"Rural Municipality","Karnali Province","Dailekh","Naumule Rural Municipality",610,461,420,432,424,336,416,174,163,373,139,12,131,6,709,30,11,285,22,11,2120,1885,610,80,3,2479,660,2399,3172,"3059",839,193,5,2026,3063,198,146,140,27,132,267,60,85,213,144,2,119,0,130,0,0,0,0,0,0,0,0,0,1,0,0,5,1,6,103,277,24,243,148,0,0,0,76,906,"24",269,0,0,0,0,16,3,3,0,0,2,2,2,0,0,11818,8460,626,"Karnali Province","Dailekh","Rural Municipality","Naumule Rural Municipality"
"626",60602,"Rural Municipality","Karnali Province","Dailekh","Mahabu Rural Municipality",417,450,407,413,381,281,348,200,155,321,133,11,113,2,556,19,2,222,14,0,1648,1464,400,156,13,1936,441,1740,2505,"2181",723,262,2,2151,3138,264,216,142,251,108,305,49,137,209,173,8,115,2,114,0,0,0,0,0,0,0,0,0,0,0,0,0,0,0,129,22,8,217,170,0,0,0,68,563,"15",152,0,0,0,1,7,3,3,0,0,0,0,0,0,0,9204,7143,624,"Karnali Province","Dailekh","Rural Municipality","Mahabu Rural Municipality"
"627",60603,"Rural Municipality","Karnali Province","Dailekh","Bhairabi Rural Municipality",374,396,316,330,364,283,347,132,157,382,80,7,20,7,424,17,15,161,10,1,1338,1158,126,90,0,1445,211,1394,1661,"1605",216,90,1,1295,1602,91,77,32,16,89,196,42,146,107,88,0,214,0,35,0,0,0,0,0,0,0,0,0,0,0,0,0,0,0,99,0,0,144,174,0,0,0,43,505,"12",124,0,0,0,0,7,4,4,0,0,0,0,1,0,0,4300,2836,619,"Karnali Province","Dailekh","Rural Municipality","Bhairabi Rural Municipality"
"628",60604,"Rural Municipality","Karnali Province","Dailekh","Thantikandh Rural Municipality",493,486,323,322,328,285,363,161,234,412,126,11,112,40,489,9,0,152,11,1,743,653,703,163,15,1442,815,1479,2323,"2294",960,216,42,1402,2620,258,424,290,154,96,361,65,187,158,91,1,285,0,164,0,0,0,0,0,0,0,0,0,0,0,0,1,1,2,43,67,10,338,142,0,0,0,43,455,"10",94,0,0,0,4,13,4,4,0,0,0,0,0,0,1,9323,7113,627,"Karnali Province","Dailekh","Rural Municipality","Thantikandh Rural Municipality"
"629",60605,"Municipality ","Karnali Province","Dailekh","Aathbis Municipality",814,773,733,756,737,558,660,209,351,633,157,13,122,14,626,56,10,330,46,2,3254,2909,763,233,1,2093,922,1850,3090,"2772",1114,470,7,2685,4276,477,394,243,236,145,597,35,275,289,265,0,257,1,280,0,0,0,0,0,0,0,0,0,0,1,0,0,6,7,42,123,2,411,191,0,0,0,74,739,"17",174,0,0,0,6,41,12,9,0,0,0,0,4,0,0,13732,10640,617,"Karnali Province","Dailekh","Municipality ","Aathbis Municipality"
"630",60606,"Municipality ","Karnali Province","Dailekh","Chamunda Bindrasaini Municipality",684,676,651,526,663,494,424,273,173,480,86,7,62,39,495,14,3,96,6,2,3546,3045,203,210,5,1935,430,1734,2353,"2164",284,195,8,2249,2736,203,455,163,219,217,473,79,205,310,221,7,304,0,239,0,0,0,0,0,0,0,0,0,0,0,0,0,0,0,49,62,0,237,100,0,0,0,62,1125,"12",133,0,0,0,0,17,2,4,0,0,0,0,1,0,1,5334,3205,620,"Karnali Province","Dailekh","Municipality ","Chamunda Bindrasaini Municipality"
"631",60607,"Municipality ","Karnali Province","Dailekh","Dullu Municipality",1125,1135,1174,1244,1093,765,1019,459,496,1011,152,13,135,31,1331,23,7,620,28,6,4664,4123,871,135,1,4072,974,3466,5079,"4440",1589,651,38,5320,7598,689,437,162,195,212,734,144,481,546,367,13,519,1,241,0,0,0,0,0,0,7,0,45,7,0,0,1,2,3,210,237,95,555,340,0,0,0,147,3142,"37",410,0,0,0,0,29,10,7,5,0,410,410,0,0,0,22536,19080,621,"Karnali Province","Dailekh","Municipality ","Dullu Municipality"
"632",60608,"Municipality ","Karnali Province","Dailekh","Narayan Municipality",579,630,616,619,582,523,650,379,85,599,101,8,92,45,571,30,7,377,32,4,2809,2522,789,92,2,2516,877,2560,3399,"3437",969,430,41,2417,3857,471,254,254,218,170,459,166,533,778,218,0,462,0,58,0,0,0,0,0,0,0,5,25,158,0,0,1,0,1,137,4,107,273,584,0,0,0,84,941,"23",259,200,10,0,1,22,11,10,3,0,169,169,1,0,6,23568,14221,625,"Karnali Province","Dailekh","Municipality ","Narayan Municipality"
"633",60609,"Rural Municipality","Karnali Province","Dailekh","Bhagawatimai Rural Municipality",435,411,350,368,333,249,330,182,82,292,112,9,97,12,394,29,7,131,18,3,2074,1728,543,73,3,2253,625,2282,2872,"2907",664,119,0,3247,4030,119,130,30,115,134,238,78,150,237,146,0,138,0,127,0,0,0,0,0,0,0,0,0,0,0,0,0,0,0,71,87,1,174,187,0,0,0,79,872,"18",186,0,0,0,4,6,0,0,0,0,0,0,1,0,0,8587,6076,618,"Karnali Province","Dailekh","Rural Municipality","Bhagawatimai Rural Municipality"
"634",60610,"Rural Municipality","Karnali Province","Dailekh","Dungeshwor Rural Municipality",309,306,256,268,264,267,288,136,147,326,40,3,39,6,298,10,2,52,3,0,1378,1244,302,42,0,1194,341,1095,1538,"1436",488,190,7,2086,2771,197,304,93,184,73,198,57,165,217,63,0,145,1,64,0,0,0,0,0,0,0,0,0,0,0,0,5,0,5,67,62,1,229,130,0,0,0,52,865,"12",133,0,0,0,0,8,3,2,0,0,0,0,0,0,0,7491,5661,622,"Karnali Province","Dailekh","Rural Municipality","Dungeshwor Rural Municipality"
"635",60611,"Rural Municipality","Karnali Province","Dailekh","Gurans Rural Municipality",409,386,391,405,458,450,501,180,245,451,36,3,12,8,482,13,1,67,2,0,2084,1861,406,28,0,1896,431,1892,2330,"2323",644,191,5,2497,3337,196,157,98,31,83,159,87,206,307,106,0,220,0,130,0,0,1,0,0,0,0,0,0,0,0,0,0,0,0,162,66,115,353,159,0,0,0,78,906,"18",205,0,0,0,0,26,6,4,0,0,0,0,0,0,0,12422,7700,623,"Karnali Province","Dailekh","Rural Municipality","Gurans Rural Municipality"
"636",60701,"Rural Municipality","Karnali Province","Jajarkot","Barekot Rural Municipality",477,501,456,451,420,352,418,233,118,620,161,13,130,1,521,20,7,419,17,22,2962,2924,442,164,6,858,714,759,1470,"1473",470,149,26,587,1232,175,217,340,222,146,287,73,143,218,53,7,256,0,121,0,0,0,0,0,0,0,0,0,0,0,0,1,2,3,129,601,49,401,65,0,0,0,35,406,"10",78,0,0,0,13,31,7,7,0,0,0,0,1,0,4,7088,4684,628,"Karnali Province","Jajarkot","Rural Municipality","Barekot Rural Municipality"
"637",60702,"Rural Municipality","Karnali Province","Jajarkot","Kuse Rural Municipality",552,542,508,504,472,246,340,215,263,441,140,12,129,12,400,28,9,234,33,11,1087,951,694,107,5,1365,794,1395,2171,"2189",877,295,55,1811,3038,350,134,166,182,193,294,71,121,187,66,0,119,10,52,0,0,0,0,0,0,3,0,6,0,1,0,4,0,5,177,257,5,151,87,0,0,0,34,396,"13",133,0,0,0,1,5,3,0,0,0,0,0,0,0,1,7425,4852,632,"Karnali Province","Jajarkot","Rural Municipality","Kuse Rural Municipality"
"638",60703,"Rural Municipality","Karnali Province","Jajarkot","Junichande Rural Municipality",592,537,422,443,449,263,346,297,116,582,213,18,213,4,474,40,24,600,55,28,2863,2573,579,67,2,471,640,462,1119,"1102",904,137,0,537,1578,137,205,114,203,144,296,25,43,91,19,32,74,17,51,0,0,0,0,0,0,0,0,0,0,0,0,0,0,0,17,10,0,92,71,0,0,0,33,262,"13",152,0,0,0,0,4,2,1,0,0,0,0,1,0,0,6353,4673,631,"Karnali Province","Jajarkot","Rural Municipality","Junichande Rural Municipality"
"639",60704,"Municipality ","Karnali Province","Jajarkot","Chhedagad Municipality",1012,935,857,849,756,624,738,366,297,942,301,25,297,23,1182,50,20,634,59,25,3615,3147,1185,101,0,1608,1233,1550,2894,"2783",1627,312,14,1705,3658,326,176,265,351,333,585,79,225,301,98,4,223,8,106,1,0,0,0,0,0,0,0,7,0,0,0,9,2,11,117,366,85,705,111,0,14,0,49,546,"21",237,0,0,0,1,19,7,7,0,0,0,0,4,0,9,11365,8458,630,"Karnali Province","Jajarkot","Municipality ","Chhedagad Municipality"
"640",60705,"Rural Municipality","Karnali Province","Jajarkot","Shivalaya Rural Municipality",332,366,327,342,311,205,222,142,134,264,168,14,145,0,256,0,0,173,1,0,1426,1133,326,29,0,113,379,110,468,"489",396,85,33,180,694,118,44,110,135,74,99,24,20,53,7,27,12,0,13,0,0,0,0,0,0,0,0,0,0,0,0,0,0,0,64,27,39,116,68,0,0,0,25,169,"13",131,0,0,0,0,4,0,0,0,0,0,0,1,0,0,4592,3494,633,"Karnali Province","Jajarkot","Rural Municipality","Shivalaya Rural Municipality"
"641",60706,"Municipality ","Karnali Province","Jajarkot","Bheri Malika Municipality",1034,1062,875,879,826,522,570,385,225,667,192,16,180,19,690,43,18,315,33,16,3394,2886,705,115,1,1061,864,981,1882,"1845",1425,221,8,800,2454,229,171,192,506,332,401,69,125,193,23,6,347,0,145,0,0,0,0,0,0,6,1,79,17,0,0,7,1,8,67,453,34,440,157,0,0,0,35,348,"11",79,0,0,0,3,14,4,4,0,0,5,5,3,1,0,15975,10884,629,"Karnali Province","Jajarkot","Municipality ","Bheri Malika Municipality"
"642",60707,"Municipality ","Karnali Province","Jajarkot","Tribeni Nalagad Municipality",581,525,499,503,437,246,398,170,179,498,170,14,157,14,577,15,3,401,16,13,2177,1903,559,286,3,974,882,900,1822,"1782",951,305,12,1001,2269,317,276,158,110,180,339,24,60,119,93,2,145,10,128,9,0,0,0,0,0,0,0,2,0,0,0,4,1,5,148,360,58,553,153,0,9,0,49,376,"15",147,0,0,7,5,24,14,11,0,0,0,0,1,0,2,13774,8681,634,"Karnali Province","Jajarkot","Municipality ","Tribeni Nalagad Municipality"
"643",60801,"Municipality ","Karnali Province","Rukum West","Aathabisakot Municipality",810,830,654,766,671,537,710,271,262,629,189,16,173,25,679,9,7,233,7,1,3422,2990,632,229,25,1135,807,1110,2021,"1917",1142,430,4,1440,3016,434,405,2,83,311,478,76,114,140,44,0,297,0,50,0,0,0,0,0,0,0,0,0,0,0,0,5,0,5,104,753,57,506,146,0,0,0,44,355,"12",114,0,0,0,0,43,23,23,0,0,0,0,3,0,0,10514,6541,564,"Karnali Province","Rukum West","Municipality ","Aathabisakot Municipality"
"644",60802,"Rural Municipality","Karnali Province","Rukum West","Sanibheri Rural Municipality",497,477,422,445,459,396,440,141,140,349,172,14,170,3,1191,11,2,341,7,0,1756,1547,293,6,0,370,305,291,669,"596",480,146,4,332,962,150,187,34,47,117,203,46,57,106,12,2,108,0,50,0,0,0,0,0,0,0,0,0,0,0,0,0,1,1,162,65,3,571,93,0,0,0,35,340,"11",126,0,0,0,3,14,4,5,0,0,0,0,0,0,0,5211,3433,568,"Karnali Province","Rukum West","Rural Municipality","Sanibheri Rural Municipality"
"645",60803,"Rural Municipality","Karnali Province","Rukum West","Banphikot Rural Municipality",461,478,423,419,386,333,421,154,186,322,165,14,163,4,537,15,14,465,12,22,1756,1599,596,125,0,622,741,622,1343,"1363",890,226,3,601,1720,229,383,109,46,170,280,68,136,226,0,0,196,0,55,0,0,0,0,0,0,0,0,0,0,0,0,0,0,0,92,297,7,205,146,0,0,0,36,310,"13",149,0,0,0,0,31,10,8,0,0,0,0,0,0,0,9258,5400,565,"Karnali Province","Rukum West","Rural Municipality","Banphikot Rural Municipality"
"646",60804,"Municipality ","Karnali Province","Rukum West","Musikot Municipality",726,742,691,700,676,622,711,126,107,636,228,19,228,24,584,22,4,257,15,2,2695,2373,516,102,0,1127,587,851,1745,"1438",982,267,35,908,2192,302,451,49,311,319,650,247,366,375,17,0,621,0,6,0,0,0,0,0,0,0,27,0,149,10,0,0,0,10,473,287,103,1052,491,0,0,0,43,495,"11",129,407,0,0,6,33,14,11,0,0,0,0,4,0,0,24047,18809,567,"Karnali Province","Rukum West","Municipality ","Musikot Municipality"
"647",60805,"Rural Municipality","Karnali Province","Rukum West","Tribeni Rural Municipality",525,498,387,410,448,375,447,281,297,398,175,15,168,10,601,8,1,327,5,0,1925,1501,527,129,0,435,661,419,1091,"1080",822,444,9,710,1985,453,663,5,313,182,305,96,188,289,0,0,244,0,83,0,0,1,0,0,0,0,0,0,0,0,0,0,0,0,93,277,13,551,91,0,0,0,36,408,"14",165,0,0,0,10,12,2,2,0,0,0,0,0,0,1,12268,5682,569,"Karnali Province","Rukum West","Rural Municipality","Tribeni Rural Municipality"
"648",60806,"Municipality ","Karnali Province","Rukum West","Chaurjahari Municipality",884,850,739,745,713,596,751,364,266,429,196,16,194,60,1151,20,4,451,11,3,3675,2874,426,98,4,536,508,536,1064,"1044",783,342,30,899,2054,372,117,199,836,1625,3164,230,552,856,380,0,708,1,141,0,0,0,0,0,0,0,1,0,0,2,0,0,1,3,156,252,5,561,249,0,0,0,43,447,"15",154,0,0,0,0,26,5,5,1,0,17,17,7,1,5,22275,14821,566,"Karnali Province","Rukum West","Municipality ","Chaurjahari Municipality"
"649",60901,"Rural Municipality","Karnali Province","Salyan","Darma Rural Municipality",463,446,463,463,405,389,344,192,206,395,132,11,127,10,664,15,6,298,17,6,2411,2042,353,69,1,961,488,961,1384,"1449",645,303,1,1541,2490,304,143,245,171,176,316,96,216,320,0,0,275,0,125,0,0,0,0,0,0,0,0,0,0,0,0,2,0,2,163,398,112,501,290,0,0,0,27,299,"12",121,0,0,0,0,7,1,1,0,0,43,43,0,0,0,6747,3756,573,"Karnali Province","Salyan","Rural Municipality","Darma Rural Municipality"
"650",60902,"Rural Municipality","Karnali Province","Salyan","Kumakh Malika Rural Municipality",530,546,484,494,466,466,404,184,203,464,276,23,263,4,591,24,1,303,15,0,2317,2007,394,18,0,1286,386,1286,1698,"1672",480,228,4,1512,2224,232,207,58,195,213,304,91,135,231,0,0,115,1,7,0,0,0,0,0,0,0,0,0,0,0,0,2,0,2,142,195,143,387,267,0,0,0,45,507,"15",160,0,0,0,0,7,0,0,0,0,0,0,0,3,6,11412,6846,577,"Karnali Province","Salyan","Rural Municipality","Kumakh Malika Rural Municipality"
"651",60903,"Municipality ","Karnali Province","Salyan","Banagad Kupinde Municipality",801,774,649,661,702,600,723,395,306,684,396,33,330,11,715,4,0,457,19,4,2949,2606,481,175,0,1849,628,1821,2505,"2449",908,322,3,2710,3943,325,211,107,149,231,410,94,186,332,4,1,287,11,116,0,0,0,0,0,0,0,0,0,0,0,0,0,0,0,173,489,309,570,373,0,0,0,62,698,"21",222,0,0,0,0,22,5,5,0,0,0,0,5,0,8,13167,7497,571,"Karnali Province","Salyan","Municipality ","Banagad Kupinde Municipality"
"652",60904,"Municipality ","Karnali Province","Salyan","Dhorchaur Rural Municipality",293,289,269,269,277,252,298,103,93,225,168,14,140,1,451,10,10,182,8,9,1123,997,198,118,0,664,301,664,980,"965",450,239,0,748,1437,239,152,71,76,95,156,43,46,95,0,0,74,0,1,0,0,0,0,0,0,0,0,0,0,0,0,0,0,0,36,181,26,356,171,0,0,0,27,305,"12",139,0,0,0,0,8,4,4,0,0,0,0,4,0,5,4813,2571,574,"Karnali Province","Salyan","Municipality ","Dhorchaur Rural Municipality"
"653",60905,"Municipality ","Karnali Province","Salyan","Bagachour Municipality",850,898,826,814,790,662,638,414,304,677,348,29,344,37,995,21,3,444,9,2,3652,3227,541,157,0,1883,692,1893,2581,"2585",1147,403,12,2648,4210,415,256,103,414,391,526,261,331,563,0,0,593,0,114,0,0,0,0,0,0,0,0,0,0,0,0,1,2,3,179,339,125,500,389,0,0,0,54,642,"22",239,0,0,0,0,19,8,6,0,0,0,0,1,0,1,20632,11863,570,"Karnali Province","Salyan","Municipality ","Bagachour Municipality"
"654",60906,"Rural Municipality","Karnali Province","Salyan","Chhatreshwori Rural Municipality",538,522,480,478,498,459,552,217,170,468,238,20,204,15,663,15,8,360,24,6,2024,1760,441,104,3,898,554,907,1446,"1461",1096,376,15,1407,2894,391,265,179,229,173,233,105,152,264,8,0,160,0,87,0,0,0,0,0,0,0,0,0,0,0,0,4,1,5,109,323,130,291,185,0,0,0,36,413,"14",164,0,0,0,0,33,11,9,0,0,1,1,1,1,3,11717,6569,572,"Karnali Province","Salyan","Rural Municipality","Chhatreshwori Rural Municipality"
"655",60907,"Municipality ","Karnali Province","Salyan","Sharada Municipality",759,751,682,682,691,619,698,631,553,650,443,37,375,94,734,22,5,345,11,2,3136,2797,418,64,8,1462,478,1443,1952,"1921",867,418,6,2070,3361,424,333,184,100,449,872,362,792,1118,2,3,1414,1,115,0,0,0,0,0,0,11,23,95,141,0,0,2,9,11,259,1767,842,841,535,0,0,0,63,689,"27",296,302,1,5,1,25,7,7,3,0,58,58,2,1,5,22419,13202,578,"Karnali Province","Salyan","Municipality ","Sharada Municipality"
"656",60908,"Rural Municipality","Karnali Province","Salyan","Kalimati Rural Municipality",434,416,386,386,430,323,438,200,205,345,252,21,199,8,509,38,6,318,43,9,2117,1778,331,66,0,1264,403,1186,1661,"1589",408,123,5,1677,2213,128,184,71,155,152,252,55,133,184,1,0,154,0,28,0,0,0,0,0,0,0,0,0,0,0,0,1,0,1,67,302,48,255,194,0,0,0,36,402,"13",125,0,0,0,0,27,7,7,0,0,0,0,0,0,1,9362,5207,575,"Karnali Province","Salyan","Rural Municipality","Kalimati Rural Municipality"
"657",60909,"Rural Municipality","Karnali Province","Salyan","Tribeni Rural Municipality",384,382,371,372,391,313,404,227,187,317,245,20,205,5,517,14,9,269,9,4,1179,965,325,115,0,1126,431,1154,1566,"1585",634,230,1,922,1787,231,209,99,81,138,212,81,121,222,0,4,219,9,87,0,0,0,0,0,0,0,0,0,0,1,0,0,1,2,105,312,119,446,345,0,2,0,36,406,"16",179,0,0,0,0,23,10,7,0,0,0,0,2,0,5,8911,5207,579,"Karnali Province","Salyan","Rural Municipality","Tribeni Rural Municipality"
"658",60910,"Rural Municipality","Karnali Province","Salyan","Kapurkot Rural Municipality",340,346,297,302,322,325,373,163,181,325,214,18,176,17,493,17,4,334,15,4,1532,1393,392,1,0,827,369,677,1220,"1046",532,191,0,423,1146,191,82,116,55,139,298,51,123,178,0,0,144,0,27,0,0,0,0,0,0,0,0,0,0,0,0,2,0,2,74,629,162,402,265,0,0,0,36,335,"14",165,0,0,0,0,26,24,18,0,0,0,0,0,0,0,7511,4164,576,"Karnali Province","Salyan","Rural Municipality","Kapurkot Rural Municipality"
"659",61001,"Rural Municipality","Karnali Province","Surkhet","Simta Rural Municipality",578,629,553,553,509,388,559,276,218,426,300,25,275,9,665,8,2,292,5,1,3042,2710,789,94,1,2227,862,2226,3111,"3088",1463,216,0,2672,4351,216,207,7,2,266,406,115,162,293,169,0,114,0,195,0,0,1,0,0,0,0,0,0,0,0,0,1,0,1,200,222,7,373,152,0,0,0,98,1112,"21",239,0,0,0,0,24,10,9,0,0,0,0,0,0,0,20575,12318,616,"Karnali Province","Surkhet","Rural Municipality","Simta Rural Municipality"
"660",61002,"Rural Municipality","Karnali Province","Surkhet","Chingad Rural Municipality",333,385,358,358,352,326,411,130,218,335,180,15,178,2,439,15,0,276,0,0,1844,1629,457,30,0,1429,470,1410,1916,"1880",765,283,0,1357,2405,283,269,13,1,128,305,80,169,285,216,0,80,0,171,0,0,0,0,0,0,0,0,0,0,0,0,1,0,1,121,215,77,184,221,0,0,0,62,655,"16",173,0,0,0,0,39,4,3,1,0,79,79,1,0,0,12148,7761,612,"Karnali Province","Surkhet","Rural Municipality","Chingad Rural Municipality"
"661",61003,"Municipality ","Karnali Province","Surkhet","Lekabeshi Municipality",409,587,506,506,526,399,511,268,175,500,204,17,203,5,550,20,1,366,31,0,3482,3154,402,57,0,1731,394,1731,2190,"2125",1140,227,1,1648,3016,228,211,0,17,224,396,131,243,380,98,0,244,0,249,0,0,0,0,0,0,6,0,53,0,0,0,1,0,1,151,443,305,384,304,0,0,0,103,1193,"15",136,0,0,0,5,34,13,13,10,0,425,425,2,0,1,15239,9856,614,"Karnali Province","Surkhet","Municipality ","Lekabeshi Municipality"
"662",61004,"Municipality ","Karnali Province","Surkhet","Gurbhakot Municipality",836,990,977,977,941,806,1053,515,346,776,274,23,255,35,1155,18,6,701,15,5,4499,4006,1074,158,3,2145,1203,2142,3380,"3345",2162,528,3,2660,5353,531,483,15,33,415,705,254,451,690,172,0,668,0,458,0,0,0,0,0,1,8,3,163,16,0,0,2,0,2,302,759,110,725,366,0,0,0,156,1636,"12",138,0,0,0,0,65,26,18,7,0,827,827,0,1,0,42910,24059,613,"Karnali Province","Surkhet","Municipality ","Gurbhakot Municipality"
"663",61005,"Municipality ","Karnali Province","Surkhet","Bheriganga Municipality",682,920,903,903,953,826,1059,423,363,885,204,17,200,24,1042,112,21,625,101,20,4518,3963,539,66,0,2429,604,2406,3034,"3010",1331,238,0,2695,4264,238,232,2,4,388,655,216,371,580,78,0,399,0,286,1,0,0,0,0,0,0,0,0,0,0,0,2,0,2,211,578,112,554,200,0,0,0,122,1315,"14",162,0,0,0,0,54,25,22,1,0,157,157,2,3,1,18175,9047,609,"Karnali Province","Surkhet","Municipality ","Bheriganga Municipality"
"664",61006,"Municipality ","Karnali Province","Surkhet","Birendranagar Municipality",4225,2488,2388,2393,2456,2107,2725,2097,907,1977,745,62,720,492,2953,17,1,914,19,0,11594,10427,962,145,6,3295,1084,3285,4408,"4369",2128,423,1,2790,5342,424,397,20,7,677,3300,501,2466,2952,32,0,4119,0,104,0,0,0,0,0,2,142,115,975,1011,0,0,1,24,25,942,3332,965,1616,1557,25,0,0,178,1771,"20",212,360,46,0,10,178,60,55,18,1,2578,2578,6,6,7,79316,53250,610,"Karnali Province","Surkhet","Municipality ","Birendranagar Municipality"
"665",61007,"Rural Municipality","Karnali Province","Surkhet","Barahatal Rural Municipality",373,457,416,414,447,387,491,188,253,438,264,22,247,5,554,9,5,255,13,3,2397,2140,474,104,0,1154,565,1154,1732,"1719",1071,239,3,967,2280,242,170,44,28,206,342,133,215,326,61,0,125,0,125,1,0,1,0,0,0,1,0,10,0,0,0,2,0,2,231,405,47,563,367,0,0,0,87,947,"17",171,0,0,0,2,37,12,11,2,0,405,405,1,0,1,15522,10322,608,"Karnali Province","Surkhet","Rural Municipality","Barahatal Rural Municipality"
"666",61008,"Municipality ","Karnali Province","Surkhet","Panchapuri Municipality",702,772,717,717,690,557,723,299,377,695,252,21,220,28,463,9,0,296,8,1,3631,3161,360,77,4,2194,431,2194,2635,"2625",1008,207,13,1942,3170,220,171,13,36,243,625,145,332,465,131,0,545,0,79,1,0,0,0,0,0,57,1,377,12,0,0,2,0,2,127,544,94,464,386,0,0,0,95,1538,"16",166,29,0,0,0,72,21,17,8,0,845,845,6,1,4,18826,12121,615,"Karnali Province","Surkhet","Municipality ","Panchapuri Municipality"
"667",61009,"Rural Municipality","Karnali Province","Surkhet","Chaukune Rural Municipality",546,593,580,581,522,350,549,299,257,418,204,17,193,17,397,47,16,223,36,4,2526,1976,252,44,0,1786,291,1755,2082,"2046",454,277,1,2023,2755,278,237,33,8,178,450,97,249,316,210,0,184,0,111,0,0,0,0,0,0,0,0,0,0,0,0,1,0,1,88,316,26,319,287,0,0,0,86,818,"15",166,0,0,0,0,23,11,11,7,0,252,252,0,0,1,9814,5679,611,"Karnali Province","Surkhet","Rural Municipality","Chaukune Rural Municipality"
"668",70101,"Rural Municipality","Sudurpashchim Province","Bajura","Himali Rural Municipality",167,164,181,172,171,144,185,56,67,209,88,7,87,0,162,23,9,146,53,25,805,666,135,391,2,670,525,605,1198,"1130",218,171,2,915,1306,173,142,12,47,27,96,11,39,57,0,0,41,0,10,0,0,0,0,0,0,0,0,16,0,0,0,0,0,0,38,84,0,201,21,0,0,0,18,190,"6",61,0,0,0,0,6,2,4,0,0,0,0,0,0,0,3340,2667,676,"Sudurpashchim Province","Bajura","Rural Municipality","Himali Rural Municipality"
"669",70102,"Rural Municipality","Sudurpashchim Province","Bajura","Gaumul Rural Municipality",194,196,191,190,173,159,167,64,97,184,86,7,81,2,215,20,4,247,24,2,872,783,281,74,1,556,352,419,912,"771",389,157,6,957,1509,163,141,205,139,13,158,5,100,113,6,0,115,0,101,0,0,0,0,0,0,0,0,3,0,0,0,1,0,1,15,162,0,115,39,0,0,0,22,263,"4",27,0,0,0,1,10,0,0,0,0,0,0,0,0,0,3465,2328,675,"Sudurpashchim Province","Bajura","Rural Municipality","Gaumul Rural Municipality"
"670",70103,"Municipality ","Sudurpashchim Province","Bajura","Budhinanda Municipality",626,630,606,615,535,358,465,168,336,409,230,19,224,10,685,86,25,514,54,34,2698,2361,1441,200,14,974,1409,807,2629,"2216",1328,342,11,1585,3266,353,254,58,766,91,267,80,247,320,5,0,457,0,209,0,0,0,0,0,0,0,0,30,0,0,0,1,1,2,203,307,5,313,373,0,0,0,38,433,"12",123,0,0,0,2,17,5,4,60,0,571,571,0,0,0,15267,11519,673,"Sudurpashchim Province","Bajura","Municipality ","Budhinanda Municipality"
"671",70104,"Rural Municipality","Sudurpashchim Province","Bajura","Swami Kartik Rural Municipality",351,343,352,352,299,229,303,65,188,258,121,10,121,2,430,63,24,274,49,14,1455,1299,414,89,10,885,464,740,1398,"1204",649,257,3,2306,3215,260,203,101,27,86,163,9,74,110,7,0,108,0,24,0,0,1,0,0,0,0,0,1,0,1,0,2,1,4,35,165,0,33,44,0,0,0,27,303,"6",66,0,0,0,0,3,0,0,0,0,0,0,0,0,0,5650,5047,678,"Sudurpashchim Province","Bajura","Rural Municipality","Swami Kartik Rural Municipality"
"672",70105,"Rural Municipality","Sudurpashchim Province","Bajura","Jagannath Rural Municipality",266,257,239,239,215,179,202,76,135,255,88,7,80,3,455,31,4,255,48,14,1128,1018,356,5,0,602,369,488,963,"857",359,141,7,1075,1582,148,215,93,103,44,124,23,81,97,15,0,169,18,73,0,0,0,0,0,0,0,0,0,0,0,0,1,0,1,6,233,0,105,39,0,0,0,18,171,"6",37,0,0,0,0,2,1,1,0,0,0,0,0,0,1,3592,3346,677,"Sudurpashchim Province","Bajura","Rural Municipality","Jagannath Rural Municipality"
"673",70106,"Municipality ","Sudurpashchim Province","Bajura","Badimalika Municipality",427,414,378,382,388,291,381,193,285,345,153,13,147,63,545,25,3,327,30,2,1886,1629,437,85,0,1247,535,1063,1769,"1598",744,266,12,2793,3815,278,221,125,81,77,335,64,233,284,8,0,400,0,74,0,0,0,0,0,0,7,0,82,9,0,0,0,1,1,113,242,6,312,315,0,0,0,39,749,"7",76,367,6,0,1,29,11,9,0,0,53,53,0,0,0,13729,11783,671,"Sudurpashchim Province","Bajura","Municipality ","Badimalika Municipality"
"674",70107,"Rural Municipality","Sudurpashchim Province","Bajura","Khaptad Chhededaha Rural Municipality",479,524,445,457,378,278,390,155,241,392,217,18,212,14,413,18,5,283,16,6,1658,1177,532,396,4,1396,1633,1223,2328,"2856",925,450,1,2668,4044,451,281,175,102,100,370,44,222,253,67,0,275,0,213,0,0,0,0,0,0,0,0,0,0,0,0,2,1,3,77,138,49,359,160,0,0,0,45,512,"11",117,0,0,0,0,10,1,1,0,0,0,0,0,0,0,9208,7303,674,"Sudurpashchim Province","Bajura","Rural Municipality","Khaptad Chhededaha Rural Municipality"
"675",70108,"Municipality ","Sudurpashchim Province","Bajura","Budhiganga Municipality",417,420,372,393,388,284,418,151,225,442,182,15,169,19,436,67,17,402,114,29,2200,2155,645,137,2,1170,1152,994,1954,"2146",937,560,17,2055,3569,577,583,118,161,77,368,28,282,298,65,0,302,0,316,0,0,0,0,0,0,8,0,20,0,0,0,3,0,3,54,125,28,329,251,0,0,0,27,331,"6",68,314,4,0,0,39,16,13,0,0,0,0,0,0,0,15240,10770,672,"Sudurpashchim Province","Bajura","Municipality ","Budhiganga Municipality"
"676",70109,"Municipality ","Sudurpashchim Province","Bajura","Tribeni Municipality",447,478,428,428,403,351,420,126,247,426,172,14,166,9,533,13,12,196,11,11,2261,1974,253,353,9,1160,967,1098,1775,"2065",583,305,12,2838,3738,317,325,21,31,77,381,36,223,258,25,0,331,0,182,0,0,0,0,0,0,0,0,8,0,0,0,3,1,4,109,234,21,287,270,0,0,0,27,301,"8",81,2,2,0,2,7,1,1,0,0,0,0,1,0,1,7357,5378,679,"Sudurpashchim Province","Bajura","Municipality ","Tribeni Municipality"
"677",70201,"Rural Municipality","Sudurpashchim Province","Bajhang","Kanda Rural Municipality",68,61,56,56,54,43,39,10,43,40,48,4,48,0,62,0,0,57,3,0,258,228,32,33,0,136,62,110,201,"172",68,44,0,72,184,44,37,17,1,6,68,1,33,35,1,0,15,0,3,0,0,0,0,0,0,0,0,0,0,0,0,1,0,1,2,7,0,43,122,0,0,0,9,108,"3",36,0,0,9,0,6,1,1,0,0,0,0,0,0,0,1431,997,686,"Sudurpashchim Province","Bajhang","Rural Municipality","Kanda Rural Municipality"
"678",70202,"Municipality ","Sudurpashchim Province","Bajhang","Bungal Municipality",910,879,787,773,684,534,625,331,455,745,202,17,201,55,994,31,20,859,25,1,3958,3585,852,115,12,1460,864,1427,2439,"2291",1642,258,5,2198,4103,263,99,163,65,186,661,145,415,479,55,7,667,3,226,0,0,0,0,0,0,1,0,18,0,0,0,0,1,1,33,379,58,630,545,0,14,0,46,506,"14",141,0,0,0,0,28,9,9,0,0,0,0,0,0,0,14533,10185,682,"Sudurpashchim Province","Bajhang","Municipality ","Bungal Municipality"
"679",70203,"Rural Municipality","Sudurpashchim Province","Bajhang","Surma Rural Municipality",300,290,259,249,265,192,218,103,130,231,50,4,47,18,286,10,2,192,5,0,1342,1186,366,12,0,174,350,142,552,"492",284,12,0,97,393,12,55,7,43,44,179,23,116,145,16,1,182,6,109,0,0,0,0,0,0,0,0,1,0,0,0,0,0,0,13,137,20,285,73,0,0,0,19,139,"6",65,0,0,0,0,5,2,2,0,0,0,0,0,0,0,3137,2562,690,"Sudurpashchim Province","Bajhang","Rural Municipality","Surma Rural Municipality"
"680",70204,"Rural Municipality","Sudurpashchim Province","Bajhang","Talkot Rural Municipality",285,290,253,257,255,179,211,79,153,224,118,10,118,6,439,4,1,310,14,5,1023,899,209,91,0,1223,414,886,1523,"1300",418,71,5,2245,2739,76,137,203,37,57,345,26,142,204,1,0,207,0,76,0,0,0,0,0,0,0,0,0,0,0,0,1,0,1,56,118,11,171,262,0,0,0,35,453,"12",142,0,0,1,11,3,0,0,0,0,0,0,0,0,0,3652,3237,691,"Sudurpashchim Province","Bajhang","Rural Municipality","Talkot Rural Municipality"
"681",70205,"Rural Municipality","Sudurpashchim Province","Bajhang","Masta Rural Municipality",300,336,327,344,338,186,239,85,149,285,106,9,106,4,295,3,0,132,5,0,1767,1616,373,28,0,3097,549,1497,3498,"2046",358,34,0,2141,2533,34,52,90,26,39,216,20,175,138,0,0,248,8,70,0,0,0,0,0,0,0,0,0,0,0,0,0,0,0,15,125,34,138,341,0,0,0,36,379,"12",130,0,0,0,0,4,2,2,0,0,0,0,0,0,0,4298,4267,689,"Sudurpashchim Province","Bajhang","Rural Municipality","Masta Rural Municipality"
"682",70206,"Municipality ","Sudurpashchim Province","Bajhang","Jayaprithbi Municipality",527,525,577,550,545,317,415,363,316,338,291,24,284,38,922,6,0,738,21,0,2838,2231,481,147,8,1457,615,1365,2093,"1980",637,136,1,2306,3080,137,65,145,27,449,1355,101,419,456,18,0,601,6,101,0,0,0,0,0,0,3,1,35,235,0,0,1,6,7,141,150,84,477,486,0,0,0,54,602,"14",146,890,0,0,13,11,6,6,0,0,0,0,1,0,2,19238,17581,685,"Sudurpashchim Province","Bajhang","Municipality ","Jayaprithbi Municipality"
"683",70207,"Rural Municipality","Sudurpashchim Province","Bajhang","Chhabis Pathibhara Rural Municipality",361,354,360,357,327,219,278,131,179,263,145,12,139,10,443,16,0,411,18,0,1457,1299,354,150,0,759,872,735,1263,"1607",569,145,8,1092,1814,153,88,121,37,98,214,46,135,176,0,0,283,1,189,0,0,0,0,0,0,0,0,10,0,0,0,0,0,0,32,194,38,346,293,0,0,0,37,359,"12",134,0,0,0,8,5,2,4,0,0,0,0,0,0,0,6702,6090,683,"Sudurpashchim Province","Bajhang","Rural Municipality","Chhabis Pathibhara Rural Municipality"
"684",70208,"Rural Municipality","Sudurpashchim Province","Bajhang","Durgathali Rural Municipality",259,263,277,277,263,149,183,84,95,185,93,8,93,2,334,0,0,224,0,0,1288,1144,144,31,0,895,193,879,1070,"1072",241,60,0,1386,1687,60,38,17,7,35,143,21,120,126,0,0,93,0,66,0,0,0,0,0,0,0,0,0,0,0,0,1,0,1,85,151,32,269,288,0,0,0,23,297,"7",80,0,0,0,0,10,0,0,0,0,0,0,0,0,0,3694,2743,684,"Sudurpashchim Province","Bajhang","Rural Municipality","Durgathali Rural Municipality"
"685",70209,"Rural Municipality","Sudurpashchim Province","Bajhang","Kedarsyun Rural Municipality",531,503,485,484,487,360,381,159,340,429,141,12,138,32,797,16,18,377,42,45,2480,2190,268,108,1,863,396,815,1240,"1211",732,329,17,1249,2327,346,256,71,34,118,502,47,281,278,20,3,429,12,127,0,0,0,0,0,0,1,1,67,100,0,0,2,0,2,29,436,90,467,267,0,0,0,42,353,"15",93,0,0,0,5,14,4,3,2,0,119,119,0,0,0,9435,6975,687,"Sudurpashchim Province","Bajhang","Rural Municipality","Kedarsyun Rural Municipality"
"686",70210,"Rural Municipality","Sudurpashchim Province","Bajhang","Bitthadchir Rural Municipality",404,422,399,399,409,337,415,131,230,430,130,11,125,22,545,23,8,165,23,5,2010,1773,332,57,2,657,349,809,1048,"1158",1075,125,10,950,2160,135,84,44,43,56,362,41,267,299,18,0,333,0,191,0,0,1,0,0,0,0,0,17,37,0,0,1,0,1,103,447,74,348,174,0,0,0,28,252,"9",79,0,0,0,0,8,1,1,0,0,1,1,0,0,0,9355,6302,681,"Sudurpashchim Province","Bajhang","Rural Municipality","Bitthadchir Rural Municipality"
"687",70211,"Rural Municipality","Sudurpashchim Province","Bajhang","Thalara Rural Municipality",390,404,373,371,412,252,310,80,162,346,69,6,69,4,493,13,2,404,16,0,2058,1804,344,101,1,1357,481,2066,1803,"2547",632,265,2,1920,2819,267,220,244,88,61,276,24,191,181,7,0,247,4,58,0,0,0,0,0,0,0,0,0,0,0,0,1,0,1,78,171,18,225,235,0,0,0,45,499,"11",122,0,0,0,0,6,0,0,0,0,0,0,0,0,0,5410,4668,692,"Sudurpashchim Province","Bajhang","Rural Municipality","Thalara Rural Municipality"
"688",70212,"Rural Municipality","Sudurpashchim Province","Bajhang","Khaptad Chhanna Rural Municipality",304,287,302,286,288,260,258,109,168,332,122,10,110,5,512,12,6,408,21,5,1609,1452,127,135,6,1100,533,1147,1368,"1680",256,137,7,1513,1913,144,130,168,79,60,237,35,128,188,24,1,184,6,183,0,0,0,0,0,0,2,0,6,0,0,0,0,0,0,39,92,38,210,228,0,7,0,53,540,"13",146,0,0,0,0,4,0,0,0,0,0,0,1,0,0,6786,5297,688,"Sudurpashchim Province","Bajhang","Rural Municipality","Khaptad Chhanna Rural Municipality"
"689",70301,"Rural Municipality","Sudurpashchim Province","Darchula","Byas Rural Municipality",178,192,185,179,203,179,256,65,111,157,157,13,149,1,276,5,0,172,2,0,994,1271,143,38,0,227,161,217,408,"378",443,134,10,324,911,144,147,31,16,39,166,18,63,84,1,0,71,0,32,0,0,0,0,0,0,0,0,0,0,0,0,4,0,4,25,259,17,160,147,0,0,0,44,505,"15",167,0,0,0,0,2,1,1,0,0,0,0,0,0,0,3035,2288,756,"Sudurpashchim Province","Darchula","Rural Municipality","Byas Rural Municipality"
"690",70302,"Rural Municipality","Sudurpashchim Province","Darchula","Duhun Rural Municipality",194,194,183,185,181,197,220,88,101,220,120,10,120,2,283,3,0,238,0,0,1027,915,299,46,0,357,343,347,702,"690",651,231,20,942,1844,251,214,65,42,41,171,18,119,129,8,0,65,0,49,0,0,0,0,0,0,3,3,3,3,0,0,4,0,4,54,272,2,132,163,0,0,0,37,436,"15",180,0,0,0,12,5,2,2,0,0,0,0,0,0,1,7066,5716,757,"Sudurpashchim Province","Darchula","Rural Municipality","Duhun Rural Municipality"
"691",70303,"Municipality ","Sudurpashchim Province","Darchula","Mahakali Municipality",452,410,409,420,456,374,407,178,268,437,184,15,179,45,485,3,3,442,1,0,2185,1970,385,54,0,343,542,348,782,"890",1005,345,2,1255,2607,347,457,67,337,63,391,39,199,240,0,1,644,2,75,0,0,0,0,0,0,0,11,0,236,0,0,0,4,4,225,353,7,350,206,0,0,0,44,516,"16",182,975,0,0,1,24,13,9,0,0,0,0,0,0,0,20625,15214,759,"Sudurpashchim Province","Darchula","Municipality ","Mahakali Municipality"
"692",70304,"Rural Municipality","Sudurpashchim Province","Darchula","Naugad Rural Municipality",319,331,319,321,344,341,354,108,215,367,112,9,112,15,393,2,0,219,5,0,1820,1603,226,41,0,304,273,302,571,"575",402,55,1,377,835,56,36,19,20,22,263,13,167,171,3,0,180,0,121,0,0,0,0,0,0,0,0,0,0,0,0,2,0,2,62,543,36,134,163,0,0,0,37,435,"12",136,0,0,0,0,19,4,3,0,0,0,0,0,0,0,4803,3650,762,"Sudurpashchim Province","Darchula","Rural Municipality","Naugad Rural Municipality"
"693",70305,"Rural Municipality","Sudurpashchim Province","Darchula","Apihimal Rural Municipality",62,74,62,60,65,59,78,28,34,69,46,4,46,1,74,0,0,70,0,0,0,0,103,5,0,34,110,31,142,"141",195,12,9,280,496,21,9,15,0,14,58,4,35,44,3,3,40,5,27,0,0,0,0,0,0,0,0,2,0,0,0,1,1,2,77,282,0,118,27,0,0,0,18,216,"5",60,0,0,0,0,5,1,0,0,0,0,0,0,0,0,1635,1141,755,"Sudurpashchim Province","Darchula","Rural Municipality","Apihimal Rural Municipality"
"694",70306,"Rural Municipality","Sudurpashchim Province","Darchula","Marma Rural Municipality",330,343,322,324,317,291,320,106,207,272,229,19,213,1,406,5,0,364,6,0,1914,1463,184,56,0,429,307,429,669,"736",368,164,0,1468,2000,164,74,134,28,57,255,40,222,272,0,2,213,6,123,0,0,0,0,0,0,0,0,0,0,0,0,10,0,10,66,578,21,244,203,0,0,0,41,454,"20",232,0,0,0,0,6,10,10,0,0,0,0,0,0,1,5611,4884,761,"Sudurpashchim Province","Darchula","Rural Municipality","Marma Rural Municipality"
"695",70307,"Municipality ","Sudurpashchim Province","Darchula","Shailyashikhar Municipality",429,440,429,429,426,361,403,178,322,413,312,26,306,22,563,4,3,475,2,4,2189,1986,403,47,0,1123,465,890,1573,"1355",1006,415,18,1268,2707,433,398,35,35,101,401,66,240,302,0,0,462,0,126,0,0,0,0,0,0,0,3,0,36,0,0,6,7,13,50,495,113,358,481,0,0,0,53,615,"27",324,0,0,0,0,20,10,10,0,0,132,132,0,0,0,13951,11648,763,"Sudurpashchim Province","Darchula","Municipality ","Shailyashikhar Municipality"
"696",70308,"Rural Municipality","Sudurpashchim Province","Darchula","Malikarjun Rural Municipality",270,286,254,254,273,252,268,96,151,330,260,22,248,9,430,20,3,292,11,0,1164,814,114,64,0,158,204,153,336,"357",436,163,9,1164,1772,172,177,67,72,55,236,34,151,186,2,0,158,0,68,0,0,0,0,0,0,0,0,0,0,0,0,3,0,3,50,611,44,113,286,0,0,0,54,598,"23",275,0,0,0,0,8,1,1,0,0,0,0,0,1,0,6788,6238,760,"Sudurpashchim Province","Darchula","Rural Municipality","Malikarjun Rural Municipality"
"697",70309,"Rural Municipality","Sudurpashchim Province","Darchula","Lekam Rural Municipality",259,269,256,257,249,221,233,89,111,230,172,14,164,1,281,5,2,155,1,3,1026,929,102,34,1,366,156,365,503,"521",312,251,2,1124,1689,253,192,67,85,42,169,11,140,149,6,0,115,2,45,0,0,0,0,0,0,0,0,0,0,0,0,1,0,1,188,198,40,219,326,0,0,0,36,403,"15",178,0,0,0,8,3,1,2,0,0,48,48,0,0,0,5401,4954,758,"Sudurpashchim Province","Darchula","Rural Municipality","Lekam Rural Municipality"
"698",70401,"Rural Municipality","Sudurpashchim Province","Baitadi","Dilasaini Rural Municipality",521,506,474,474,465,429,344,135,252,624,230,19,217,6,499,3,1,361,3,0,2300,2081,243,121,0,1173,414,1132,1537,"1546",638,71,3,1413,2125,74,68,10,49,62,400,29,284,310,91,0,185,0,51,0,0,0,0,0,0,0,0,43,0,0,0,2,0,2,49,439,29,213,232,0,0,0,70,767,"25",286,0,0,0,8,13,7,7,0,0,0,0,2,0,3,7188,6610,746,"Sudurpashchim Province","Baitadi","Rural Municipality","Dilasaini Rural Municipality"
"699",70402,"Rural Municipality","Sudurpashchim Province","Baitadi","Dogada Kedar Rural Municipality",510,506,475,497,478,379,349,143,327,424,328,27,323,11,556,6,3,382,2,4,2306,2060,207,59,0,920,335,804,1186,"1139",447,204,2,2634,3287,206,210,24,11,22,495,9,371,377,172,0,224,3,230,0,0,0,0,0,0,1,0,46,0,0,0,5,0,5,134,604,148,394,303,0,0,0,87,1019,"35",411,0,0,0,1,14,3,3,0,0,0,0,0,0,3,8112,6346,747,"Sudurpashchim Province","Baitadi","Rural Municipality","Dogada Kedar Rural Municipality"
"700",70403,"Municipality ","Sudurpashchim Province","Baitadi","Puchaundi Municipality",855,854,862,872,769,778,638,296,527,804,548,46,518,34,840,24,0,745,29,1,4205,3654,500,152,0,2653,676,3112,3305,"3788",864,266,7,3388,4525,273,317,89,353,54,757,28,580,590,344,0,369,0,402,0,0,0,0,0,0,0,0,25,0,2,0,5,1,8,172,888,218,480,561,0,0,0,126,1454,"43",500,0,0,0,4,17,12,11,0,0,3,3,2,0,0,13278,9342,751,"Sudurpashchim Province","Baitadi","Municipality ","Puchaundi Municipality"
"701",70404,"Rural Municipality","Sudurpashchim Province","Baitadi","Surnaya Rural Municipality",448,428,381,389,387,353,332,145,273,385,263,22,262,4,643,7,1,431,12,7,1607,1274,468,65,0,1440,542,1452,1973,"1994",792,230,0,2068,3090,230,222,89,99,32,388,16,269,305,103,0,156,0,164,0,0,0,0,0,0,1,0,44,0,0,0,1,0,1,171,312,62,403,227,0,0,0,67,794,"24",284,0,0,0,4,9,5,5,0,0,0,0,0,0,2,5317,4362,754,"Sudurpashchim Province","Baitadi","Rural Municipality","Surnaya Rural Municipality"
"702",70405,"Municipality ","Sudurpashchim Province","Baitadi","Dasharathchand Municipality",598,577,569,561,574,490,536,220,343,470,444,37,441,24,699,13,8,615,14,4,2366,2230,490,56,1,1189,513,1176,1736,"1689",1360,510,11,4533,6414,521,530,95,98,33,648,7,280,280,105,0,375,0,53,0,1,1,0,1,0,1,4,128,323,0,0,5,1,6,165,519,74,549,431,1,2,3,127,1447,"45",492,991,6,0,0,19,10,11,5,1,630,630,0,0,0,19299,14768,745,"Sudurpashchim Province","Baitadi","Municipality ","Dasharathchand Municipality"
"703",70406,"Rural Municipality","Sudurpashchim Province","Baitadi","Pancheshwor Rural Municipality",407,408,384,390,382,371,414,135,292,365,272,23,270,9,419,15,2,342,18,1,1740,1552,463,27,0,622,379,463,1112,"842",595,157,2,1407,2161,159,215,159,45,7,441,5,344,368,215,0,116,0,202,0,1,0,0,0,0,0,0,29,0,0,0,1,0,1,97,206,106,283,315,0,0,0,63,730,"25",301,0,0,0,0,15,10,8,2,0,97,97,0,0,0,6963,5053,749,"Sudurpashchim Province","Baitadi","Rural Municipality","Pancheshwor Rural Municipality"
"704",70407,"Rural Municipality","Sudurpashchim Province","Baitadi","Shivanath Rural Municipality",410,407,359,345,287,249,303,115,214,411,170,14,170,8,328,7,3,170,18,2,1892,1679,87,28,0,1098,154,608,1213,"762",348,123,0,1427,1898,123,88,27,82,15,358,10,257,270,249,0,55,5,179,0,0,0,0,0,0,0,0,24,0,0,0,2,1,3,214,112,23,314,208,0,0,0,47,442,"16",174,0,0,0,0,11,8,10,0,0,44,44,1,0,2,3624,2795,752,"Sudurpashchim Province","Baitadi","Rural Municipality","Shivanath Rural Municipality"
"705",70408,"Municipality ","Sudurpashchim Province","Baitadi","Melauli Municipality",378,376,366,371,370,349,385,169,272,327,243,20,243,36,349,26,3,303,25,5,1797,1627,249,45,0,1504,271,1199,1798,"1470",738,303,6,3162,4209,309,225,50,111,45,445,25,299,330,58,0,276,1,168,0,0,0,0,0,0,0,0,107,19,2,0,6,0,8,127,542,137,228,427,0,0,0,64,790,"25",301,0,0,0,1,12,9,8,25,0,233,233,0,0,0,8214,5942,748,"Sudurpashchim Province","Baitadi","Municipality ","Melauli Municipality"
"706",70409,"Municipality ","Sudurpashchim Province","Baitadi","Patan Municipality",631,621,578,574,566,523,488,207,368,543,377,31,377,17,2056,20,0,544,15,0,2738,2457,633,57,0,1828,663,1704,2518,"2367",1456,468,6,5090,7020,474,419,24,75,42,641,20,467,461,147,1,302,0,143,0,0,0,0,0,0,7,0,159,4,0,0,7,0,7,707,1578,258,1350,907,1,0,0,110,1249,"39",458,4923,13,0,11,25,5,8,1,0,77,77,0,0,0,16631,12472,750,"Sudurpashchim Province","Baitadi","Municipality ","Patan Municipality"
"707",70410,"Rural Municipality","Sudurpashchim Province","Baitadi","Sigas Rural Municipality",500,550,464,466,473,356,347,165,324,404,349,29,322,3,552,16,3,478,36,4,2451,2182,462,40,0,1387,419,1368,1889,"1787",803,318,5,2385,3511,323,416,182,88,95,466,32,287,307,134,8,210,0,146,0,0,0,0,0,0,0,0,6,0,0,0,7,0,7,97,315,36,238,248,0,0,0,70,870,"31",362,0,0,0,3,9,6,7,0,0,0,0,0,0,2,6493,5320,753,"Sudurpashchim Province","Baitadi","Rural Municipality","Sigas Rural Municipality"
"708",70501,"Rural Municipality","Sudurpashchim Province","Dadeldhura","Nawadurga Rural Municipality",446,441,447,447,430,473,458,171,214,465,174,15,174,5,553,10,7,404,15,8,1751,1555,588,50,1,1464,620,1471,2103,"2091",693,218,2,1536,2449,220,218,2,12,56,353,41,261,280,0,0,225,0,123,0,0,0,0,0,0,0,0,62,0,0,0,2,0,2,110,125,17,424,248,0,0,0,66,741,"12",138,0,0,0,0,14,7,6,0,0,7,7,0,0,0,15687,9851,743,"Sudurpashchim Province","Dadeldhura","Rural Municipality","Nawadurga Rural Municipality"
"709",70502,"Municipality ","Sudurpashchim Province","Dadeldhura","Amargadhi Municipality",475,477,479,479,426,367,425,205,242,440,199,17,198,137,625,25,14,332,23,13,1779,1416,303,46,0,1445,340,1450,1794,"1790",578,255,2,1519,2354,257,236,13,32,179,948,194,841,1026,0,0,1438,1,289,0,0,0,0,0,0,16,21,422,342,0,0,0,0,0,125,443,40,645,282,4,0,13,87,1052,"14",158,1312,6,0,0,25,4,1,3,0,668,668,1,0,18,34515,22805,740,"Sudurpashchim Province","Dadeldhura","Municipality ","Amargadhi Municipality"
"710",70503,"Rural Municipality","Sudurpashchim Province","Dadeldhura","Ajayameru Rural Municipality",307,304,287,287,303,245,256,91,157,347,180,15,180,17,325,20,5,208,8,1,1470,1278,460,22,0,1278,467,1290,1760,"1757",799,230,7,1911,2947,237,351,67,86,15,291,3,225,202,33,2,97,3,39,0,0,0,0,0,0,2,0,88,0,0,0,1,0,1,80,294,19,396,245,0,0,0,75,865,"14",157,0,0,0,2,7,2,2,0,0,35,35,0,0,0,14304,11852,738,"Sudurpashchim Province","Dadeldhura","Rural Municipality","Ajayameru Rural Municipality"
"711",70504,"Rural Municipality","Sudurpashchim Province","Dadeldhura","Bhageshwor Rural Municipality",255,247,242,242,251,259,264,98,145,264,105,9,105,7,315,5,1,223,0,1,1206,1039,266,14,1,1163,279,1196,1444,"1475",458,143,3,1269,1873,146,169,14,53,44,183,12,121,132,4,0,109,1,64,0,0,0,0,0,0,4,0,136,0,0,0,3,0,3,47,204,69,222,267,0,0,0,51,603,"11",108,0,0,0,0,6,3,3,1,0,13,13,0,0,0,7153,5693,741,"Sudurpashchim Province","Dadeldhura","Rural Municipality","Bhageshwor Rural Municipality"
"712",70505,"Municipality ","Sudurpashchim Province","Dadeldhura","Parashuram Municipality",706,705,666,666,639,534,632,140,376,546,191,16,191,31,482,10,0,335,17,1,3641,3060,437,17,0,2660,492,2579,3114,"3071",930,563,56,1809,3358,619,607,15,90,179,628,66,316,383,34,0,424,7,99,0,0,0,0,1,0,8,1,263,53,1,0,1,0,2,49,483,85,472,185,0,0,0,79,718,"5",48,0,0,0,0,46,20,18,15,1,1044,1044,1,1,0,16730,12101,744,"Sudurpashchim Province","Dadeldhura","Municipality ","Parashuram Municipality"
"713",70506,"Rural Municipality","Sudurpashchim Province","Dadeldhura","Aalital Rural Municipality",381,389,371,371,366,322,335,151,197,310,138,12,123,4,416,10,5,253,23,1,1798,1628,42,28,0,485,69,491,555,"560",83,73,1,1022,1179,74,67,3,7,123,307,45,206,233,155,0,73,0,10,0,0,0,0,0,0,13,0,88,0,0,0,6,1,7,58,358,46,136,104,0,0,0,54,689,"8",78,0,0,0,0,13,12,10,1,0,36,36,0,0,0,4192,2966,739,"Sudurpashchim Province","Dadeldhura","Rural Municipality","Aalital Rural Municipality"
"714",70507,"Rural Municipality","Sudurpashchim Province","Dadeldhura","Ganyapdhura Rural Municipality",283,286,268,268,268,270,308,104,148,276,179,15,179,9,330,7,2,546,10,8,1000,820,450,12,1,1228,473,1201,1691,"1674",630,152,7,1501,2290,159,165,35,0,44,219,16,127,156,0,0,113,0,62,0,0,0,0,0,0,5,12,101,5,0,0,4,0,4,93,70,36,268,200,0,0,0,58,661,"12",132,0,0,0,3,8,7,7,0,0,159,159,0,0,0,9319,6117,742,"Sudurpashchim Province","Dadeldhura","Rural Municipality","Ganyapdhura Rural Municipality"
"715",70601,"Rural Municipality","Sudurpashchim Province","Doti","Purbichouki Rural Municipality",561,642,560,555,525,479,454,209,281,675,327,27,323,11,532,28,9,334,18,12,1828,1625,876,98,0,1102,808,869,2076,"1677",749,268,23,1482,2522,291,178,107,253,115,443,61,237,277,10,0,330,2,190,1,0,0,0,0,0,1,0,56,0,0,0,0,0,0,155,27,19,262,248,0,0,0,63,670,"27",277,0,0,0,0,21,11,8,0,0,0,0,0,0,1,13531,8270,711,"Sudurpashchim Province","Doti","Rural Municipality","Purbichouki Rural Municipality"
"716",70602,"Rural Municipality","Sudurpashchim Province","Doti","Sayal Rural Municipality",411,405,365,344,239,185,233,139,166,257,79,7,53,15,288,32,3,216,52,4,1969,1688,196,79,0,753,315,831,1028,"1146",201,54,2,771,1028,56,31,32,78,57,292,22,124,147,4,0,253,1,80,0,0,0,0,0,0,10,0,67,0,1,0,1,0,2,33,0,0,184,125,0,0,0,56,420,"12",74,0,0,0,28,10,0,0,0,0,0,0,0,0,0,4118,2967,712,"Sudurpashchim Province","Doti","Rural Municipality","Sayal Rural Municipality"
"717",70603,"Rural Municipality","Sudurpashchim Province","Doti","Aadarsha Rural Municipality",663,687,656,649,538,574,632,311,213,623,302,25,283,24,595,44,25,393,99,33,2525,2227,430,65,2,1520,501,1418,2017,"1919",487,140,1,1934,2562,141,98,111,51,147,495,93,288,404,28,11,542,10,328,0,0,0,0,0,0,3,0,98,0,0,0,1,2,3,85,151,147,251,350,0,0,0,82,852,"24",250,0,0,0,8,9,6,3,0,0,72,72,1,0,2,12764,7159,705,"Sudurpashchim Province","Doti","Rural Municipality","Aadarsha Rural Municipality"
"718",70604,"Municipality ","Sudurpashchim Province","Doti","Shikhar Municipality",697,750,708,699,701,578,663,288,292,571,387,32,375,33,594,35,4,320,45,6,2833,2513,477,31,0,1395,657,1401,1903,"2058",846,282,7,2960,4095,289,270,248,98,125,648,62,361,426,18,0,450,3,255,0,0,0,0,0,0,5,0,79,0,1,0,0,1,2,225,302,54,512,366,0,12,0,122,1190,"46",390,0,0,0,5,23,8,7,0,0,2,2,0,0,1,14301,8896,713,"Sudurpashchim Province","Doti","Municipality ","Shikhar Municipality"
"719",70605,"Municipality ","Sudurpashchim Province","Doti","Dipayal Silgadhi Municipality",848,810,711,716,663,518,567,335,407,480,231,19,226,83,422,21,1,412,27,0,2666,2284,802,24,0,704,813,588,1530,"1401",893,77,0,588,1558,77,240,108,144,289,1353,90,553,527,8,1,980,0,196,0,0,0,0,1,0,9,5,255,192,0,0,0,1,1,465,717,321,760,1078,0,0,1,32,228,"9",90,249,44,0,25,26,9,7,1,0,408,408,0,0,3,36377,22750,708,"Sudurpashchim Province","Doti","Municipality ","Dipayal Silgadhi Municipality"
"720",70606,"Rural Municipality","Sudurpashchim Province","Doti","K.I. Singh Rural Municipality",557,485,452,452,443,448,507,223,217,450,193,16,185,15,548,34,25,271,19,10,2588,2283,645,252,1,1258,1045,1129,2156,"2174",1470,249,17,1776,3512,266,251,200,185,85,417,37,279,326,0,0,347,0,294,0,0,1,0,0,0,4,0,153,0,1,0,0,0,1,112,496,272,313,217,0,0,0,74,757,"20",220,0,0,0,7,8,0,3,0,0,0,0,0,0,0,18686,11774,710,"Sudurpashchim Province","Doti","Rural Municipality","K.I. Singh Rural Municipality"
"721",70607,"Rural Municipality","Sudurpashchim Province","Doti","Bogatan Rural Municipality",379,384,371,371,391,294,371,154,167,411,381,32,331,9,407,37,6,323,41,7,1732,1516,588,108,7,1263,653,1179,1966,"1832",846,203,26,1506,2581,229,246,119,156,68,299,22,197,247,1,5,273,12,167,0,0,0,0,0,0,0,0,0,0,0,0,0,0,0,195,227,21,281,210,0,0,0,81,861,"31",329,0,0,0,2,10,3,3,0,0,0,0,0,0,0,9160,8618,707,"Sudurpashchim Province","Doti","Rural Municipality","Bogatan Rural Municipality"
"722",70608,"Rural Municipality","Sudurpashchim Province","Doti","Badi Kedar Rural Municipality",298,294,278,278,273,304,308,108,127,281,76,6,65,2,296,0,13,197,2,4,1769,1531,114,24,4,833,158,681,975,"839",227,104,3,1321,1655,107,166,40,62,72,203,24,84,109,2,0,106,0,67,0,0,0,0,0,0,0,0,29,0,0,0,0,0,0,31,321,6,153,72,0,0,0,52,344,"18",188,0,0,0,0,3,1,0,0,0,0,0,0,0,0,3674,3254,706,"Sudurpashchim Province","Doti","Rural Municipality","Badi Kedar Rural Municipality"
"723",70609,"Rural Municipality","Sudurpashchim Province","Doti","Jorayal Rural Municipality",478,413,425,420,381,338,449,212,165,323,252,21,240,12,450,23,13,247,18,21,2019,1782,272,10,1,1561,267,1374,1844,"1641",664,200,5,1803,2672,205,180,78,34,124,305,67,185,240,10,0,233,0,124,0,0,0,0,0,0,7,0,143,2,1,0,1,2,4,90,534,261,358,205,0,0,0,80,834,"27",300,0,0,0,0,10,4,3,0,0,4,4,0,0,2,10303,8057,709,"Sudurpashchim Province","Doti","Rural Municipality","Jorayal Rural Municipality"
"724",70701,"Municipality ","Sudurpashchim Province","Achham","Panchdebal Binayak Municipality",720,731,701,697,712,630,732,223,459,646,303,25,303,17,736,17,6,631,47,5,3571,3168,1439,182,1,2085,1615,2086,3707,"3701",2298,206,3,2763,5270,209,223,0,5,143,554,85,481,575,103,6,334,0,348,0,0,0,0,0,0,14,0,187,0,0,0,3,2,5,205,431,70,712,478,0,0,0,96,1043,"24",281,0,0,0,7,12,7,6,0,0,1,1,1,0,1,13537,10708,700,"Sudurpashchim Province","Achham","Municipality ","Panchdebal Binayak Municipality"
"725",70702,"Rural Municipality","Sudurpashchim Province","Achham","Ramaroshan Rural Municipality",646,662,647,645,655,650,749,183,438,639,254,21,254,13,686,14,10,529,43,10,3109,2732,1586,6,0,1746,1533,1738,3338,"3271",2423,216,1,2392,5032,217,216,0,0,130,558,68,381,449,154,0,341,0,396,0,0,1,0,0,0,2,0,71,0,0,0,1,1,2,151,355,15,439,238,0,0,0,83,988,"24",286,0,0,0,0,3,5,5,3,0,24,24,1,0,1,13956,9980,701,"Sudurpashchim Province","Achham","Rural Municipality","Ramaroshan Rural Municipality"
"726",70703,"Rural Municipality","Sudurpashchim Province","Achham","Mellekh Rural Municipality",608,612,598,600,590,543,619,187,372,543,260,22,260,9,722,12,8,279,29,6,2858,2568,1457,100,0,3121,1674,2254,4678,"3928",1627,178,1,4304,6110,179,176,4,1,107,508,75,384,464,227,2,192,1,282,0,0,0,0,0,0,4,0,102,0,1,0,3,0,4,292,115,23,410,356,0,0,0,91,1054,"21",252,0,0,0,0,20,9,8,0,0,0,0,1,0,1,14100,9725,699,"Sudurpashchim Province","Achham","Rural Municipality","Mellekh Rural Municipality"
"727",70704,"Municipality ","Sudurpashchim Province","Achham","Sanphebagar Municipality",679,672,649,650,620,573,618,270,510,585,448,37,445,53,717,19,11,571,38,5,2995,2647,2946,127,12,1761,3046,1781,4846,"4827",3690,613,25,2888,7216,638,636,33,0,288,1438,133,784,955,272,0,758,0,419,0,0,0,0,0,0,34,17,498,217,1,0,2,8,11,162,232,352,407,540,0,0,28,140,1466,"39",457,4037,7,0,4,26,5,4,15,1,678,678,0,0,9,56941,36618,702,"Sudurpashchim Province","Achham","Municipality ","Sanphebagar Municipality"
"728",70705,"Rural Municipality","Sudurpashchim Province","Achham","Chaurpati Rural Municipality",674,653,628,628,638,556,519,193,432,538,276,23,271,26,643,26,3,637,38,4,3115,2732,1634,92,0,1092,1646,1073,2818,"2719",1891,162,0,2007,4060,162,156,17,13,77,514,58,306,375,104,0,270,9,301,0,0,0,0,0,0,11,0,201,5,0,0,1,0,1,169,214,30,320,316,0,0,0,93,1033,"22",257,0,0,0,7,22,14,10,0,0,0,0,1,0,2,14484,9027,695,"Sudurpashchim Province","Achham","Rural Municipality","Chaurpati Rural Municipality"
"729",70706,"Municipality ","Sudurpashchim Province","Achham","Mangalsen Municipality",619,619,607,607,595,597,622,211,352,806,374,31,373,51,538,10,6,421,26,6,2903,2528,1434,180,10,2108,1594,2058,3732,"3652",2676,936,58,3733,7403,994,928,0,46,108,535,58,383,437,101,4,518,0,420,0,0,0,0,0,0,33,1,165,15,0,0,1,4,5,129,441,43,496,1068,0,0,7,114,1221,"24",272,34,12,0,17,26,13,11,14,1,465,465,3,0,2,25193,16315,698,"Sudurpashchim Province","Achham","Municipality ","Mangalsen Municipality"
"730",70707,"Rural Municipality","Sudurpashchim Province","Achham","Bannigadhi Jayagadh Rural Municipality",282,290,301,305,298,310,335,121,149,323,176,15,174,1,309,3,1,271,11,5,1392,1213,792,33,0,1115,841,1095,1940,"1936",1414,207,5,2183,3809,212,208,0,6,41,262,25,224,248,57,0,144,0,186,0,0,0,0,0,0,9,0,60,0,0,0,2,0,2,276,133,28,466,306,0,0,0,76,898,"18",212,0,0,0,0,12,5,4,0,0,0,0,4,0,1,11376,7690,694,"Sudurpashchim Province","Achham","Rural Municipality","Bannigadhi Jayagadh Rural Municipality"
"731",70708,"Municipality ","Sudurpashchim Province","Achham","Kamal Bazar Municipality",616,582,549,549,542,551,570,191,372,559,280,23,270,12,714,7,1,567,23,1,2676,2415,1275,120,0,2098,1656,1948,3493,"3604",2276,487,9,3229,6001,496,505,33,5,141,485,69,390,449,131,26,279,8,225,0,0,0,0,0,0,1,0,72,7,2,0,3,1,6,123,283,75,456,500,0,0,0,93,927,"25",276,3,0,0,1,27,2,2,0,0,12,12,4,1,7,19771,11675,697,"Sudurpashchim Province","Achham","Municipality ","Kamal Bazar Municipality"
"732",70709,"Rural Municipality","Sudurpashchim Province","Achham","Dhakari Rural Municipality",571,567,554,604,530,443,513,187,369,486,175,15,175,18,795,56,7,524,82,14,2521,2252,1567,193,3,1439,1672,1298,3202,"2970",2677,765,16,2737,6195,781,729,40,130,79,499,53,328,338,106,3,243,0,268,0,0,0,0,0,0,12,0,63,0,0,0,2,0,2,118,473,29,710,224,0,0,0,62,584,"13",152,0,0,30,2,8,11,12,0,0,5,5,3,1,6,16918,11094,696,"Sudurpashchim Province","Achham","Rural Municipality","Dhakari Rural Municipality"
"733",70710,"Rural Municipality","Sudurpashchim Province","Achham","Turmakhand Rural Municipality",653,657,609,617,607,525,650,202,386,555,315,26,311,11,759,20,4,356,11,6,2919,2512,1206,61,1,2134,1243,1976,3402,"3219",1892,422,7,3405,5726,429,399,6,6,137,538,63,352,431,153,5,286,7,327,0,0,0,0,0,0,4,0,23,0,0,0,2,0,2,258,326,12,531,284,0,0,0,88,877,"26",295,0,0,0,3,14,12,7,0,0,0,0,2,0,1,13387,10582,703,"Sudurpashchim Province","Achham","Rural Municipality","Turmakhand Rural Municipality"
"734",70801,"Rural Municipality","Sudurpashchim Province","Kailali","Mohanyal Rural Municipality",515,487,439,439,432,315,396,125,206,465,173,14,159,6,431,1,0,295,0,0,2144,1887,405,10,1,953,356,939,1369,"1295",508,153,3,879,1543,156,143,21,21,94,279,42,123,210,39,13,101,0,67,1,0,0,0,0,0,3,0,44,0,0,0,0,0,0,102,557,2,282,176,0,0,0,92,736,"11",125,0,0,0,0,19,7,6,7,0,229,229,2,0,2,11461,7410,726,"Sudurpashchim Province","Kailali","Rural Municipality","Mohanyal Rural Municipality"
"735",70802,"Rural Municipality","Sudurpashchim Province","Kailali","Chure Rural Municipality",488,518,492,492,3399,360,471,189,237,362,163,14,152,7,206,11,1,76,5,2,1052,114,313,26,1,1176,311,1302,1516,"1613",608,143,37,1202,1990,180,144,11,31,120,908,58,186,187,86,0,78,7,52,0,0,0,0,0,0,0,0,0,0,0,0,3,0,3,89,208,65,241,239,0,0,0,62,521,"9",80,0,0,0,0,18,15,12,0,0,136,136,1,0,2,9692,6321,717,"Sudurpashchim Province","Kailali","Rural Municipality","Chure Rural Municipality"
"736",70803,"Municipality ","Sudurpashchim Province","Kailali","Godawari Municipality",1884,1868,1700,1694,1608,1198,1545,760,947,1548,248,21,242,28,1369,37,8,456,52,10,10720,7826,770,101,0,4549,924,4857,5420,"5781",1644,396,2,4424,6466,398,384,30,20,375,1925,169,937,1051,61,0,623,0,375,0,0,1,0,0,0,27,65,561,916,0,0,1,1,2,1368,3298,798,1873,813,0,0,0,117,1291,"19",210,3361,7,0,2,148,91,74,119,8,31896,31896,6,1,2,48254,35419,721,"Sudurpashchim Province","Kailali","Municipality ","Godawari Municipality"
"737",70804,"Municipality ","Sudurpashchim Province","Kailali","Gauriganga Municipality",1303,1262,1220,1220,1012,892,1036,610,444,959,108,9,105,25,615,41,32,224,55,24,5410,4747,905,123,1,1933,1236,1340,2962,"2576",1346,73,3,2144,3566,76,69,60,186,220,1042,124,549,670,256,0,282,0,332,0,0,0,0,0,0,0,2,44,1,0,0,0,0,0,179,794,411,537,645,0,0,0,74,725,"13",134,0,0,19,0,79,48,35,16,0,1464,1464,4,3,5,20300,13237,719,"Sudurpashchim Province","Kailali","Municipality ","Gauriganga Municipality"
"738",70805,"Municipality ","Sudurpashchim Province","Kailali","Ghodaghodi Municipality",1499,1500,1470,1483,1429,1133,1364,813,647,1367,248,21,245,74,647,30,3,540,7,1,5479,4778,638,12,0,3004,713,2246,3654,"2959",1485,164,19,3306,4974,183,198,87,63,417,1315,228,711,906,320,1,317,2,512,0,0,0,0,0,0,6,13,60,13,0,0,9,0,9,607,571,302,889,850,0,0,9,81,862,"24",227,0,0,0,1,99,42,37,3,0,548,548,4,4,5,27829,15821,720,"Sudurpashchim Province","Kailali","Municipality ","Ghodaghodi Municipality"
"739",70806,"Rural Municipality","Sudurpashchim Province","Kailali","Bardagoriya Rural Municipality",603,689,671,680,563,508,617,299,359,561,132,11,132,25,541,1,2,241,5,1,5088,4611,236,100,6,1105,327,1103,1447,"1430",596,110,15,3118,3839,125,92,48,6,168,658,109,398,528,235,0,274,0,415,0,0,0,0,0,0,0,0,0,0,0,0,3,0,3,448,896,133,634,462,0,0,0,43,502,"10",120,0,0,0,4,37,26,22,5,1,488,488,2,3,3,14911,8514,715,"Sudurpashchim Province","Kailali","Rural Municipality","Bardagoriya Rural Municipality"
"740",70807,"Municipality ","Sudurpashchim Province","Kailali","Lamki Chuha Municipality",1490,1615,1581,1499,1526,1202,1329,673,727,1544,204,17,196,33,1164,19,2,479,12,0,2099,1866,510,118,3,3177,1039,2933,3808,"3972",1106,182,2,3458,4748,184,166,26,21,318,1524,149,891,768,290,0,701,0,725,0,0,0,0,0,0,0,0,3,0,0,0,4,0,4,967,324,207,1386,876,0,0,0,91,1025,"16",188,0,0,0,1,118,46,41,13,1,1933,1933,4,7,10,25485,14944,725,"Sudurpashchim Province","Kailali","Municipality ","Lamki Chuha Municipality"
"741",70808,"Rural Municipality","Sudurpashchim Province","Kailali","Janaki Rural Municipality",674,755,739,739,720,720,753,379,324,762,246,21,240,9,813,13,0,75,4,0,3960,3581,568,22,0,1795,573,1598,2385,"2171",1670,215,1,1488,3374,216,194,29,25,147,717,93,466,556,88,0,109,0,185,0,0,0,0,0,0,0,0,0,0,0,0,5,0,5,804,473,335,581,681,0,0,0,100,1081,"20",234,0,0,0,2,54,41,38,10,0,1690,1690,8,14,18,22191,12529,722,"Sudurpashchim Province","Kailali","Rural Municipality","Janaki Rural Municipality"
"742",70809,"Rural Municipality","Sudurpashchim Province","Kailali","Joshipur Rural Municipality",564,545,523,529,482,438,530,374,112,498,144,12,144,28,547,4,0,53,2,2,2830,2489,261,5,0,1534,282,1484,1800,"1766",748,132,0,1371,2251,132,103,0,4,78,508,36,335,358,65,0,308,0,366,0,0,0,0,0,0,0,0,0,0,0,0,5,0,5,478,433,113,586,542,0,0,0,61,628,"8",96,0,0,0,0,38,18,17,5,1,380,380,4,1,5,13444,8236,723,"Sudurpashchim Province","Kailali","Rural Municipality","Joshipur Rural Municipality"
"743",70810,"Municipality ","Sudurpashchim Province","Kailali","Tikapur Municipality",1580,1431,1341,1340,1364,1206,1305,746,477,1262,307,26,298,114,1465,51,10,184,10,2,825,739,374,26,0,2818,379,2002,3218,"2381",1495,218,4,2310,4027,222,147,43,40,139,735,109,842,192,691,0,1255,1,168,0,0,0,0,0,1,22,21,307,316,0,0,9,4,13,529,532,141,1038,500,0,0,0,110,1194,"16",172,328,23,0,5,127,67,59,64,3,2209,2209,13,12,12,22208,16566,727,"Sudurpashchim Province","Kailali","Municipality ","Tikapur Municipality"
"744",70811,"Municipality ","Sudurpashchim Province","Kailali","Bhajani Municipality",848,858,832,832,769,689,789,432,346,818,179,15,177,55,796,34,11,199,5,1,0,0,394,23,0,1626,372,1012,2043,"1384",909,80,0,1332,2321,80,60,9,60,166,656,89,452,492,99,5,403,8,509,0,0,0,0,0,0,6,2,73,2,0,0,14,0,14,905,491,645,1386,711,0,0,0,83,665,"19",231,0,0,0,0,53,31,27,25,0,2287,2287,9,13,16,17619,9104,716,"Sudurpashchim Province","Kailali","Municipality ","Bhajani Municipality"
"745",70812,"Rural Municipality","Sudurpashchim Province","Kailali","Kailari Rural Municipality",666,647,589,585,567,530,564,380,234,627,207,17,207,36,621,8,6,4,1,0,1542,1351,227,0,0,2222,218,2006,2449,"2224",1088,95,0,2011,3194,95,119,13,95,135,613,85,440,502,74,0,416,0,436,0,0,0,0,0,0,0,0,2,0,0,0,4,0,4,1322,1102,273,1323,865,0,0,0,114,1336,"26",299,0,0,0,6,41,27,26,4,0,489,489,3,9,10,17142,8616,724,"Sudurpashchim Province","Kailali","Rural Municipality","Kailari Rural Municipality"
"746",70813,"Sub-Metropolitan City","Sudurpashchim Province","Kailali","Dhangadhi Sub-Metropolitan City",3224,3135,2932,2932,3117,2394,2715,1625,1157,1931,495,41,509,1102,2151,36,0,88,0,0,3376,2982,457,18,0,1827,408,1321,2302,"1729",919,153,1,1526,2599,154,272,50,35,327,2927,141,1527,1147,0,0,8307,0,375,0,0,0,1,1,1,124,185,452,1213,0,0,1,2,3,653,1584,1020,1406,956,0,0,0,210,1519,"11",122,2792,85,0,0,255,142,129,30,1,1811,1811,12,6,4,31475,22023,718,"Sudurpashchim Province","Kailali","Sub-Metropolitan City","Dhangadhi Sub-Metropolitan City"
"747",70901,"Municipality ","Sudurpashchim Province","Kanchanpur","Krishnapur Municipality",1192,1244,1182,1182,1065,899,983,429,538,906,126,11,123,29,616,83,27,340,97,21,5064,2846,493,54,0,3586,559,3399,4133,"3958",706,149,2,3277,4134,151,313,115,139,225,1060,191,663,786,0,0,549,0,63,0,1,1,0,0,0,9,0,64,0,0,0,4,0,4,254,254,142,467,389,0,0,0,102,1173,"8",88,0,0,0,0,88,53,50,6,0,1812,1812,5,5,1,17212,8537,732,"Sudurpashchim Province","Kanchanpur","Municipality ","Krishnapur Municipality"
"748",70902,"Municipality ","Sudurpashchim Province","Kanchanpur","Shuklaphanta Municipality",924,914,882,882,828,729,840,326,447,792,278,23,274,42,368,23,6,371,27,11,4576,4096,477,20,0,4527,541,4201,5024,"4742",905,470,2,4086,5463,472,535,76,221,153,830,79,466,509,5,0,382,0,25,0,0,1,0,0,1,10,0,87,0,0,0,5,1,6,145,317,570,496,748,0,0,0,86,976,"11",84,0,0,0,0,60,43,33,7,0,708,708,0,2,3,19166,11243,736,"Sudurpashchim Province","Kanchanpur","Municipality ","Shuklaphanta Municipality"
"749",70903,"Municipality ","Sudurpashchim Province","Kanchanpur","Bedkot Municipality",929,951,884,888,894,790,911,361,537,905,170,14,165,24,607,56,10,381,20,34,4443,3955,420,22,0,3313,639,3029,3755,"3668",505,339,11,2443,3298,350,583,68,40,158,816,98,577,666,0,0,323,0,232,0,0,1,0,0,0,1,0,63,0,0,0,2,0,2,133,306,763,745,564,0,3,0,84,909,"6",72,0,0,0,0,63,40,38,1,0,2059,2059,3,2,7,14686,8909,728,"Sudurpashchim Province","Kanchanpur","Municipality ","Bedkot Municipality"
"750",70904,"Municipality ","Sudurpashchim Province","Kanchanpur","Bhimdatta Municipality",2180,2127,2028,2033,1893,1694,1991,965,1061,1722,197,16,197,153,2088,46,16,1748,36,11,9779,8856,419,138,0,4354,515,2805,4911,"3320",621,184,3,3850,4658,187,510,183,227,300,2148,170,1142,1182,0,0,2050,0,146,0,0,0,0,0,0,80,34,452,407,0,0,1,1,2,1165,1751,699,1439,1576,67,0,2,150,1480,"1",12,2118,28,94,0,164,101,92,81,3,25173,25173,26,7,1,38429,29504,731,"Sudurpashchim Province","Kanchanpur","Municipality ","Bhimdatta Municipality"
"751",70905,"Municipality ","Sudurpashchim Province","Kanchanpur","Mahakali Municipality",934,906,876,875,797,724,847,374,500,689,147,12,144,26,1218,27,11,1003,43,11,4182,3661,601,56,0,1956,485,8356,2613,"8841",793,96,9,1379,2277,105,212,57,96,198,735,106,375,480,0,0,580,0,37,0,0,0,0,0,0,8,0,119,0,0,0,1,1,2,181,642,378,690,441,0,0,0,84,698,"5",49,0,0,0,0,75,47,40,15,0,1624,1624,4,1,5,15550,8599,734,"Sudurpashchim Province","Kanchanpur","Municipality ","Mahakali Municipality"
"752",70906,"Rural Municipality","Sudurpashchim Province","Kanchanpur","Laljhadi Rural Municipality",460,470,456,456,463,374,431,245,250,397,140,12,138,33,427,22,13,340,26,9,1640,1452,395,28,0,1509,442,1472,1932,"1914",607,151,1,915,1674,152,148,20,63,117,578,71,399,444,0,0,433,0,192,1,0,0,0,0,0,13,0,146,0,0,0,6,1,7,288,392,312,675,505,0,0,0,39,461,"11",123,215,0,0,0,37,38,38,3,0,1439,1439,4,1,5,10661,6331,733,"Sudurpashchim Province","Kanchanpur","Rural Municipality","Laljhadi Rural Municipality"
"753",70907,"Municipality ","Sudurpashchim Province","Kanchanpur","Punarbas Municipality",1141,1042,1002,1002,900,808,921,628,388,1377,241,20,241,39,520,20,8,158,13,7,5228,4644,658,20,0,3184,707,3184,3862,"3891",1370,261,0,3882,5513,261,385,47,120,175,950,88,519,597,0,0,573,0,311,0,1,0,0,0,0,6,0,146,0,0,0,2,0,2,692,380,138,501,308,0,0,0,95,1049,"11",130,0,0,0,8,82,48,41,14,0,5629,5629,2,3,6,25922,15933,735,"Sudurpashchim Province","Kanchanpur","Municipality ","Punarbas Municipality"
"754",70908,"Municipality ","Sudurpashchim Province","Kanchanpur","Belouri Municipality",879,852,800,800,720,713,797,376,352,775,139,12,139,67,1023,28,1,500,10,9,4171,3607,975,176,0,3951,846,3077,5102,"3923",1706,28,14,2789,4537,42,33,42,17,105,808,80,587,630,0,0,671,0,535,0,0,2,0,0,0,8,0,212,14,0,0,6,0,6,548,793,1602,1284,438,0,0,0,118,1314,"18",207,0,0,0,0,60,39,36,9,0,2107,2107,3,2,2,15837,9939,729,"Sudurpashchim Province","Kanchanpur","Municipality ","Belouri Municipality"
"755",70909,"Rural Municipality","Sudurpashchim Province","Kanchanpur","Beldandi Rural Municipality",407,400,354,354,344,305,342,188,259,380,108,9,108,20,240,23,13,221,21,9,2579,2276,245,46,1,1793,218,1678,2085,"1896",349,138,0,1682,2169,138,92,35,15,75,406,43,306,365,0,0,303,0,153,1,0,0,0,0,0,3,0,110,5,0,0,1,0,1,236,409,0,790,329,0,0,0,48,503,"8",87,0,0,0,1,29,13,11,1,0,1985,1985,1,0,1,10536,6253,730,"Sudurpashchim Province","Kanchanpur","Rural Municipality","Beldandi Rural Municipality"
