"","Code","fid","Governance.Units","Provinces","Districts","Name.of.Government.Unit","Hospital","Primary.Health.Care.Centers","Health.Post","Urban.Health.Centers","Community.Health.Unit","Other.Health.Facilities","Total","Non.public.health.facilities","Total.health.facilities..Public.and.Non.Public.","X","X.1","X.2","X.3","X.4","X.5","X.6","X.7","X.8"
"1",10105,1,"Rural Municipality","Koshi Province","Taplejung","Aatharai Tribeni Rural Municipality",0,0,7,0,0,0,7,0,7,NA,NA,NA,NA,NA,NA,NA,NA,""
"2",10104,2,"Rural Municipality","Koshi Province","Taplejung","Maiwakhola Rural Municipality",0,1,2,0,3,0,6,0,6,NA,NA,NA,NA,NA,NA,NA,NA,""
"3",10103,3,"Rural Municipality","Koshi Province","Taplejung","Meringden Rural Municipality",0,0,6,0,1,0,7,0,7,NA,NA,NA,NA,NA,NA,NA,NA,""
"4",10102,4,"Rural Municipality","Koshi Province","Taplejung","Mikwakhola Rural Municipality",0,0,4,0,1,0,5,0,5,NA,NA,NA,NA,NA,NA,NA,NA,""
"5",10101,5,"Rural Municipality","Koshi Province","Taplejung","Phaktanlung Rural Municipality",0,0,7,0,2,0,9,0,9,NA,NA,NA,NA,NA,NA,NA,NA,""
"6",10106,6,"Municipality ","Koshi Province","Taplejung","Phungling Municipality",1,0,4,2,3,0,10,5,15,NA,NA,NA,NA,NA,NA,NA,NA,""
"7",10109,7,"Rural Municipality","Koshi Province","Taplejung","Sidingba Rural Municipality",0,0,7,0,0,0,7,0,7,NA,NA,NA,NA,NA,NA,NA,NA,""
"8",10108,8,"Rural Municipality","Koshi Province","Taplejung","Sirijanga Rural Municipality",0,1,7,0,1,0,9,0,9,NA,NA,NA,NA,NA,NA,NA,NA,"Total health facilities (Public and Non-Public) "
"9",10107,9,"Rural Municipality","Koshi Province","Taplejung","Pathibhara Yangwarak Rural Municipality",0,0,6,0,0,0,6,0,6,NA,NA,NA,NA,NA,NA,NA,NA,""
"10",10903,10,"Rural Municipality","Koshi Province","Panchthar","Falelung Rural Municipality",0,0,4,0,2,0,6,0,6,NA,NA,NA,NA,NA,NA,NA,NA,""
"11",10905,11,"Rural Municipality","Koshi Province","Panchthar","Falgunanda Rural Municipality",0,0,6,0,1,0,7,0,7,NA,NA,NA,NA,NA,NA,NA,NA,""
"12",10902,12,"Rural Municipality","Koshi Province","Panchthar","Hilihan Rural Municipality",0,1,4,0,1,0,6,0,6,NA,NA,NA,NA,NA,NA,NA,NA,""
"13",10906,13,"Rural Municipality","Koshi Province","Panchthar","Kummayak Rural Municipality",0,0,4,0,1,0,5,0,5,NA,NA,NA,NA,NA,NA,NA,NA,""
"14",10908,14,"Rural Municipality","Koshi Province","Panchthar","Miklajung Rural Municipality",0,1,5,0,1,0,7,0,7,NA,NA,NA,NA,NA,NA,NA,NA,""
"15",10904,15,"Municipality ","Koshi Province","Panchthar","Phidim Municipality",1,0,8,1,1,0,11,4,15,NA,NA,NA,NA,NA,NA,NA,NA,""
"16",10907,16,"Rural Municipality","Koshi Province","Panchthar","Tumbewa Rural Municipality",0,0,4,0,1,0,5,0,5,NA,NA,NA,NA,NA,NA,NA,NA,""
"17",10901,17,"Rural Municipality","Koshi Province","Panchthar","Yangbarak Rural Municipality",0,0,5,0,1,0,6,0,6,NA,NA,NA,NA,NA,NA,NA,NA,""
"18",11007,18,"Rural Municipality","Koshi Province","Ilam","Chulachuli Rural Municipality",0,0,2,0,2,0,4,0,4,NA,NA,NA,NA,NA,NA,NA,NA,""
"19",11004,19,"Municipality ","Koshi Province","Ilam","Deumai Municipality",0,1,5,0,0,0,6,0,6,NA,NA,NA,NA,NA,NA,NA,NA,""
"20",11005,20,"Rural Municipality","Koshi Province","Ilam","Fakfokathum Rural Municipality",0,0,5,0,0,0,5,0,5,NA,NA,NA,NA,NA,NA,NA,NA,""
"21",11003,21,"Municipality ","Koshi Province","Ilam","Ilam Municipality",1,0,7,2,1,1,12,3,15,NA,NA,NA,NA,NA,NA,NA,NA,""
"22",11008,22,"Municipality ","Koshi Province","Ilam","Mai Municipality",0,0,3,0,0,0,3,0,3,NA,NA,NA,NA,NA,NA,NA,NA,""
"23",11001,23,"Rural Municipality","Koshi Province","Ilam","Mai Jogmai Rural Municipality",0,1,4,0,0,0,5,0,5,NA,NA,NA,NA,NA,NA,NA,NA,""
"24",11006,24,"Rural Municipality","Koshi Province","Ilam","Mangsebung Rural Municipality",0,0,3,0,1,0,4,0,4,NA,NA,NA,NA,NA,NA,NA,NA,""
"25",11010,25,"Rural Municipality","Koshi Province","Ilam","Rong Rural Municipality",0,0,4,0,0,0,4,0,4,NA,NA,NA,NA,NA,NA,NA,NA,""
"26",11002,26,"Rural Municipality","Koshi Province","Ilam","Sandakpur Rural Municipality",0,0,5,0,0,0,5,0,5,NA,NA,NA,NA,NA,NA,NA,NA,""
"27",11009,27,"Municipality ","Koshi Province","Ilam","Suryodaya Municipality",0,2,6,0,0,0,8,0,8,NA,NA,NA,NA,NA,NA,NA,NA,""
"28",11103,28,"Municipality ","Koshi Province","Jhapa","Arjundhara Municipality",0,1,2,0,0,0,3,1,4,NA,NA,NA,NA,NA,NA,NA,NA,""
"29",11111,29,"Rural Municipality","Koshi Province","Jhapa","Barhadashi Rural Municipality",0,0,3,0,0,0,3,0,3,NA,NA,NA,NA,NA,NA,NA,NA,""
"30",11114,30,"Municipality ","Koshi Province","Jhapa","Bhadrapur Municipality",1,0,3,1,0,1,6,1,7,NA,NA,NA,NA,NA,NA,NA,NA,""
"31",11112,31,"Municipality ","Koshi Province","Jhapa","Birtamod Municipality",0,0,3,0,0,0,3,15,18,NA,NA,NA,NA,NA,NA,NA,NA,""
"32",11102,32,"Rural Municipality","Koshi Province","Jhapa","Buddhashanti Rural Municipality",0,0,2,0,1,0,3,0,3,NA,NA,NA,NA,NA,NA,NA,NA,""
"33",11107,33,"Municipality ","Koshi Province","Jhapa","Damak Municipality",0,0,1,3,0,0,4,9,13,NA,NA,NA,NA,NA,NA,NA,NA,""
"34",11108,34,"Municipality ","Koshi Province","Jhapa","Gauradaha Municipality",0,0,5,1,0,0,6,1,7,NA,NA,NA,NA,NA,NA,NA,NA,""
"35",11109,35,"Rural Municipality","Koshi Province","Jhapa","Gauriganj Rural Municipality",0,1,3,0,0,0,4,0,4,NA,NA,NA,NA,NA,NA,NA,NA,""
"36",11113,36,"Rural Municipality","Koshi Province","Jhapa","Haldibari Rural Municipality",0,0,3,0,0,0,3,0,3,NA,NA,NA,NA,NA,NA,NA,NA,""
"37",11110,37,"Rural Municipality","Koshi Province","Jhapa","Jhapa Rural Municipality",0,0,3,0,0,0,3,0,3,NA,NA,NA,NA,NA,NA,NA,NA,""
"38",11115,38,"Rural Municipality","Koshi Province","Jhapa","Kachanakawal Rural Municipality",0,1,5,0,0,0,6,0,6,NA,NA,NA,NA,NA,NA,NA,NA,""
"39",11106,39,"Rural Municipality","Koshi Province","Jhapa","Kamal Rural Municipality",0,0,2,0,0,0,2,0,2,NA,NA,NA,NA,NA,NA,NA,NA,""
"40",11104,40,"Municipality ","Koshi Province","Jhapa","Kankai Municipality",0,1,1,0,0,0,2,1,3,NA,NA,NA,NA,NA,NA,NA,NA,""
"41",11101,41,"Municipality ","Koshi Province","Jhapa","Mechinagar Municipality",0,1,5,2,1,0,9,2,11,NA,NA,NA,NA,NA,NA,NA,NA,""
"42",11105,42,"Municipality ","Koshi Province","Jhapa","Shivasatakshi Municipality",0,1,3,0,0,0,4,2,6,NA,NA,NA,NA,NA,NA,NA,NA,""
"43",11205,43,"Municipality ","Koshi Province","Morang","Belbari Municipality",0,1,3,1,0,0,5,2,7,NA,NA,NA,NA,NA,NA,NA,NA,""
"44",11214,44,"Metropolitan City","Koshi Province","Morang","Biratnagar Metropolitan City",1,1,1,1,0,2,6,27,33,NA,NA,NA,NA,NA,NA,NA,NA,""
"45",11213,45,"Rural Municipality","Koshi Province","Morang","Budhiganga Rural Municipality",0,0,4,0,0,0,4,0,4,NA,NA,NA,NA,NA,NA,NA,NA,""
"46",11216,46,"Rural Municipality","Koshi Province","Morang","Dhanapalthan Rural Municipality",0,0,6,0,0,0,6,0,6,NA,NA,NA,NA,NA,NA,NA,NA,""
"47",11212,47,"Rural Municipality","Koshi Province","Morang","Gramthan Rural Municipality",0,1,5,0,0,0,6,0,6,NA,NA,NA,NA,NA,NA,NA,NA,""
"48",11217,48,"Rural Municipality","Koshi Province","Morang","Jahada Rural Municipality",0,0,5,0,0,0,5,0,5,NA,NA,NA,NA,NA,NA,NA,NA,""
"49",11206,49,"Rural Municipality","Koshi Province","Morang","Kanepokhari Rural Municipality",0,0,3,0,0,0,3,0,3,NA,NA,NA,NA,NA,NA,NA,NA,""
"50",11215,50,"Rural Municipality","Koshi Province","Morang","Katahari Rural Municipality",0,0,3,0,0,0,3,0,3,NA,NA,NA,NA,NA,NA,NA,NA,""
"51",11203,51,"Rural Municipality","Koshi Province","Morang","Kerabari Rural Municipality",0,0,4,0,0,0,4,0,4,NA,NA,NA,NA,NA,NA,NA,NA,""
"52",11202,52,"Municipality ","Koshi Province","Morang","Letang Municipality",0,1,3,1,0,0,5,0,5,NA,NA,NA,NA,NA,NA,NA,NA,""
"53",11201,53,"Rural Municipality","Koshi Province","Morang","Miklajung Rural Municipality",0,0,4,0,0,0,4,0,4,NA,NA,NA,NA,NA,NA,NA,NA,""
"54",11207,54,"Municipality ","Koshi Province","Morang","Pathari Shanishchare Municipality",0,0,3,1,0,0,4,2,6,NA,NA,NA,NA,NA,NA,NA,NA,""
"55",11211,55,"Municipality ","Koshi Province","Morang","Rangeli Municipality",1,0,3,1,0,1,6,0,6,NA,NA,NA,NA,NA,NA,NA,NA,""
"56",11209,56,"Municipality ","Koshi Province","Morang","Ratuwamai Municipality",0,1,4,0,0,0,5,0,5,NA,NA,NA,NA,NA,NA,NA,NA,""
"57",11204,57,"Municipality ","Koshi Province","Morang","Sundarharaicha Municipality",0,1,4,2,0,0,7,2,9,NA,NA,NA,NA,NA,NA,NA,NA,""
"58",11210,58,"Municipality ","Koshi Province","Morang","Sunwarshi Municipality",0,0,4,0,0,0,4,0,4,NA,NA,NA,NA,NA,NA,NA,NA,""
"59",11208,59,"Municipality ","Koshi Province","Morang","Urlabari Municipality",1,0,1,1,0,0,3,4,7,NA,NA,NA,NA,NA,NA,NA,NA,""
"60",11302,60,"Municipality ","Koshi Province","Sunsari","Baraha Municipality",0,2,3,0,0,0,5,0,5,NA,NA,NA,NA,NA,NA,NA,NA,""
"61",11312,61,"Rural Municipality","Koshi Province","Sunsari","Barju Rural Municipality",0,0,4,0,0,0,4,0,4,NA,NA,NA,NA,NA,NA,NA,NA,""
"62",11304,62,"Rural Municipality","Koshi Province","Sunsari","Bhokraha Narsingh Rural Municipality",0,0,2,0,0,0,2,0,2,NA,NA,NA,NA,NA,NA,NA,NA,""
"63",11311,63,"Rural Municipality","Koshi Province","Sunsari","Dewangunj Rural Municipality",0,0,5,0,0,0,5,0,5,NA,NA,NA,NA,NA,NA,NA,NA,""
"64",11301,64,"Sub-Metropolitan City","Koshi Province","Sunsari","Dharan Sub-Metropolitan City",1,0,3,1,1,0,6,4,10,NA,NA,NA,NA,NA,NA,NA,NA,""
"65",11307,65,"Municipality ","Koshi Province","Sunsari","Duhabi Municipality",0,0,6,1,1,0,8,1,9,NA,NA,NA,NA,NA,NA,NA,NA,""
"66",11308,66,"Rural Municipality","Koshi Province","Sunsari","Gadhi Rural Municipality",0,1,3,0,0,0,4,0,4,NA,NA,NA,NA,NA,NA,NA,NA,""
"67",11310,67,"Rural Municipality","Koshi Province","Sunsari","Harinagara Rural Municipality",0,1,4,0,0,0,5,0,5,NA,NA,NA,NA,NA,NA,NA,NA,""
"68",11309,68,"Municipality ","Koshi Province","Sunsari","Inaruwa Municipality",1,0,5,1,0,1,8,5,13,NA,NA,NA,NA,NA,NA,NA,NA,""
"69",11306,69,"Sub-Metropolitan City","Koshi Province","Sunsari","Itahari Sub-Metropolitan City",0,1,4,5,0,0,10,8,18,NA,NA,NA,NA,NA,NA,NA,NA,""
"70",11303,70,"Rural Municipality","Koshi Province","Sunsari","Koshi Rural Municipality",0,0,4,0,0,0,4,0,4,NA,NA,NA,NA,NA,NA,NA,NA,""
"71",11305,71,"Municipality ","Koshi Province","Sunsari","Ramdhuni Municipality",0,0,4,0,0,0,4,0,4,NA,NA,NA,NA,NA,NA,NA,NA,""
"72",10707,73,"Rural Municipality","Koshi Province","Dhankuta","Chaubise Rural Municipality",0,0,7,0,3,0,10,0,10,NA,NA,NA,NA,NA,NA,NA,NA,""
"73",10703,74,"Rural Municipality","Koshi Province","Dhankuta","Chhathar Jorpati Rural Municipality",0,0,4,0,0,0,4,0,4,NA,NA,NA,NA,NA,NA,NA,NA,""
"74",10704,75,"Municipality ","Koshi Province","Dhankuta","Dhankuta Municipality",1,0,2,2,1,1,7,9,16,NA,NA,NA,NA,NA,NA,NA,NA,""
"75",10705,76,"Rural Municipality","Koshi Province","Dhankuta","Khalsa Chhintang Sahidbhumi Rural Municipality",0,0,4,0,2,0,6,0,6,NA,NA,NA,NA,NA,NA,NA,NA,""
"76",10701,77,"Municipality ","Koshi Province","Dhankuta","Mahalaxmi Municipality",0,1,5,0,0,0,6,0,6,NA,NA,NA,NA,NA,NA,NA,NA,""
"77",10702,78,"Municipality ","Koshi Province","Dhankuta","Pakhribas Municipality",0,0,6,1,0,0,7,0,7,NA,NA,NA,NA,NA,NA,NA,NA,""
"78",10706,79,"Rural Municipality","Koshi Province","Dhankuta","Sangurigadhi Rural Municipality",0,1,7,0,0,0,8,0,8,NA,NA,NA,NA,NA,NA,NA,NA,""
"79",10801,80,"Rural Municipality","Koshi Province","Terhathum","Aatharai Rural Municipality",0,1,6,0,0,0,7,0,7,NA,NA,NA,NA,NA,NA,NA,NA,""
"80",10806,81,"Rural Municipality","Koshi Province","Terhathum","Chhathar Rural Municipality",0,0,6,0,0,0,6,0,6,NA,NA,NA,NA,NA,NA,NA,NA,""
"81",10805,82,"Municipality ","Koshi Province","Terhathum","Laligurans Municipality",0,1,4,0,0,0,5,0,5,NA,NA,NA,NA,NA,NA,NA,NA,""
"82",10803,83,"Rural Municipality","Koshi Province","Terhathum","Menchhayayem Rural Municipality",0,0,3,0,0,0,3,0,3,NA,NA,NA,NA,NA,NA,NA,NA,""
"83",10804,84,"Municipality ","Koshi Province","Terhathum","Myanglung Municipality",1,0,5,1,0,0,7,1,8,NA,NA,NA,NA,NA,NA,NA,NA,""
"84",10802,85,"Rural Municipality","Koshi Province","Terhathum","Phedap Rural Municipality",0,0,5,0,0,0,5,0,5,NA,NA,NA,NA,NA,NA,NA,NA,""
"85",10201,86,"Rural Municipality","Koshi Province","Sankhuwasabha","Bhotkhola Rural Municipality",0,0,3,0,2,0,5,0,5,NA,NA,NA,NA,NA,NA,NA,NA,""
"86",10208,87,"Municipality ","Koshi Province","Sankhuwasabha","Chainapur Municipality",0,1,5,1,2,0,9,0,9,NA,NA,NA,NA,NA,NA,NA,NA,""
"87",10204,88,"Rural Municipality","Koshi Province","Sankhuwasabha","Chichila Rural Municipality",0,0,2,0,0,0,2,0,2,NA,NA,NA,NA,NA,NA,NA,NA,""
"88",10210,89,"Municipality ","Koshi Province","Sankhuwasabha","Dharmadevi Municipality",0,0,3,4,0,0,7,0,7,NA,NA,NA,NA,NA,NA,NA,NA,""
"89",10206,90,"Municipality ","Koshi Province","Sankhuwasabha","Khandabari Municipality",1,0,5,2,0,0,8,7,15,NA,NA,NA,NA,NA,NA,NA,NA,""
"90",10209,91,"Municipality ","Koshi Province","Sankhuwasabha","Madi Municipality",0,0,3,1,0,0,4,0,4,NA,NA,NA,NA,NA,NA,NA,NA,""
"91",10202,92,"Rural Municipality","Koshi Province","Sankhuwasabha","Makalu Rural Municipality",0,0,5,0,3,0,8,0,8,NA,NA,NA,NA,NA,NA,NA,NA,""
"92",10207,93,"Municipality ","Koshi Province","Sankhuwasabha","Panchakhapan Municipality",0,0,4,0,1,0,5,0,5,NA,NA,NA,NA,NA,NA,NA,NA,""
"93",10205,94,"Rural Municipality","Koshi Province","Sankhuwasabha","Sabhapokhari Rural Municipality",0,0,3,0,0,0,3,0,3,NA,NA,NA,NA,NA,NA,NA,NA,""
"94",10203,95,"Rural Municipality","Koshi Province","Sankhuwasabha","Silichong Rural Municipality",0,1,3,0,0,0,4,1,5,NA,NA,NA,NA,NA,NA,NA,NA,""
"95",10609,96,"Rural Municipality","Koshi Province","Bhojpur","Aamchowk Rural Municipality",0,0,8,0,0,0,8,0,8,NA,NA,NA,NA,NA,NA,NA,NA,""
"96",10605,97,"Rural Municipality","Koshi Province","Bhojpur","Arun Rural Municipality",0,1,5,0,1,0,7,0,7,NA,NA,NA,NA,NA,NA,NA,NA,""
"97",10604,98,"Municipality ","Koshi Province","Bhojpur","Bhojpur Municipality",1,0,7,1,0,1,10,5,15,NA,NA,NA,NA,NA,NA,NA,NA,""
"98",10608,99,"Rural Municipality","Koshi Province","Bhojpur","Hatuwagadhi Rural Municipality",0,1,5,0,0,0,6,0,6,NA,NA,NA,NA,NA,NA,NA,NA,""
"99",10606,100,"Rural Municipality","Koshi Province","Bhojpur","Pauwa Dunma Rural Municipality",0,0,6,0,0,0,6,0,6,NA,NA,NA,NA,NA,NA,NA,NA,""
"100",10607,101,"Rural Municipality","Koshi Province","Bhojpur","Ramprasad Rai Rural Municipality",0,0,7,0,0,0,7,0,7,NA,NA,NA,NA,NA,NA,NA,NA,""
"101",10602,102,"Rural Municipality","Koshi Province","Bhojpur","Salpa Silichho Rural Municipality",0,0,4,0,1,0,5,0,5,NA,NA,NA,NA,NA,NA,NA,NA,""
"102",10601,103,"Municipality ","Koshi Province","Bhojpur","Shadananda Municipality",0,1,9,1,0,0,11,0,11,NA,NA,NA,NA,NA,NA,NA,NA,""
"103",10603,104,"Rural Municipality","Koshi Province","Bhojpur","Tyamke Maiyum Rural Municipality",0,0,9,0,0,0,9,0,9,NA,NA,NA,NA,NA,NA,NA,NA,""
"104",10305,105,"Rural Municipality","Koshi Province","Solukhumbu","Thulung Dudhkoshi Rural Municipality",0,0,6,0,0,0,6,0,6,NA,NA,NA,NA,NA,NA,NA,NA,""
"105",10304,106,"Rural Municipality","Koshi Province","Solukhumbu","Dhudhakoshi Rural Municipality",0,0,3,0,0,0,3,0,3,NA,NA,NA,NA,NA,NA,NA,NA,""
"106",10301,107,"Rural Municipality","Koshi Province","Solukhumbu","Khumbu Pasanglhamu Rural Municipality",0,0,4,0,0,0,4,2,6,NA,NA,NA,NA,NA,NA,NA,NA,""
"107",10308,108,"Rural Municipality","Koshi Province","Solukhumbu","Likhu Pike Rural Municipality",0,0,3,0,1,0,4,0,4,NA,NA,NA,NA,NA,NA,NA,NA,""
"108",10302,109,"Rural Municipality","Koshi Province","Solukhumbu","Mahakulung Rural Municipality",0,0,3,0,0,0,3,0,3,NA,NA,NA,NA,NA,NA,NA,NA,""
"109",10306,110,"Rural Municipality","Koshi Province","Solukhumbu","Necha Salyan Rural Municipality",0,1,3,0,0,0,4,1,5,NA,NA,NA,NA,NA,NA,NA,NA,""
"110",10307,111,"Municipality ","Koshi Province","Solukhumbu","Solu Dhudhakunda Municipality",1,0,9,0,0,1,11,0,11,NA,NA,NA,NA,NA,NA,NA,NA,""
"111",10303,112,"Rural Municipality","Koshi Province","Solukhumbu","Sotang Rural Municipality",0,1,1,0,1,0,3,0,3,NA,NA,NA,NA,NA,NA,NA,NA,""
"112",10406,113,"Rural Municipality","Koshi Province","Okhaldhunga","Champadevi Rural Municipality",0,1,5,0,0,0,6,0,6,NA,NA,NA,NA,NA,NA,NA,NA,""
"113",10401,114,"Rural Municipality","Koshi Province","Okhaldhunga","Chishankhu Gadhi Rural Municipality",0,0,7,0,0,0,7,0,7,NA,NA,NA,NA,NA,NA,NA,NA,""
"114",10404,115,"Rural Municipality","Koshi Province","Okhaldhunga","Khiji Demba Rural Municipality",0,0,6,0,0,0,6,0,6,NA,NA,NA,NA,NA,NA,NA,NA,""
"115",10405,116,"Rural Municipality","Koshi Province","Okhaldhunga","Likhu Rural Municipality",0,0,6,0,0,0,6,0,6,NA,NA,NA,NA,NA,NA,NA,NA,""
"116",10408,117,"Rural Municipality","Koshi Province","Okhaldhunga","Manebhanjyang Rural Municipality",0,0,8,0,0,0,8,0,8,NA,NA,NA,NA,NA,NA,NA,NA,""
"117",10403,118,"Rural Municipality","Koshi Province","Okhaldhunga","Molung Rural Municipality",0,0,7,0,0,0,7,1,8,NA,NA,NA,NA,NA,NA,NA,NA,""
"118",10402,119,"Municipality ","Koshi Province","Okhaldhunga","Siddhicharan Municipality",1,0,10,0,0,0,11,2,13,NA,NA,NA,NA,NA,NA,NA,NA,""
"119",10407,120,"Rural Municipality","Koshi Province","Okhaldhunga","Sunkoshi Rural Municipality",0,0,5,0,0,0,5,0,5,NA,NA,NA,NA,NA,NA,NA,NA,""
"120",10502,121,"Rural Municipality","Koshi Province","Khotang","Aiselukharka Rural Municipality",0,1,6,0,0,0,7,0,7,NA,NA,NA,NA,NA,NA,NA,NA,""
"121",10510,122,"Rural Municipality","Koshi Province","Khotang","Baraha Pokhari Rural Municipality",0,0,6,0,2,0,8,0,8,NA,NA,NA,NA,NA,NA,NA,NA,""
"122",10507,123,"Rural Municipality","Koshi Province","Khotang","Diprung Rural Municipality",0,0,7,0,0,0,7,0,7,NA,NA,NA,NA,NA,NA,NA,NA,""
"123",10504,124,"Municipality ","Koshi Province","Khotang","Halesi Tuwachung Municipality",0,0,11,1,1,0,13,0,13,NA,NA,NA,NA,NA,NA,NA,NA,""
"124",10509,125,"Rural Municipality","Koshi Province","Khotang","Jante Dhunga Rural Municipality",0,1,5,0,0,0,6,0,6,NA,NA,NA,NA,NA,NA,NA,NA,""
"125",10501,126,"Rural Municipality","Koshi Province","Khotang","Kepilasgadhi Rural Municipality",0,0,7,0,0,0,7,0,7,NA,NA,NA,NA,NA,NA,NA,NA,""
"126",10508,127,"Rural Municipality","Koshi Province","Khotang","Khotehang Rural Municipality",0,0,9,0,0,0,9,0,9,NA,NA,NA,NA,NA,NA,NA,NA,""
"127",10503,128,"Rural Municipality","Koshi Province","Khotang","Rawa Besi Rural Municipality",0,0,6,0,0,0,6,0,6,NA,NA,NA,NA,NA,NA,NA,NA,""
"128",10505,129,"Municipality ","Koshi Province","Khotang","Rupakot Majhuwagadhi Municipality",1,0,12,3,0,0,16,2,18,NA,NA,NA,NA,NA,NA,NA,NA,""
"129",10506,130,"Rural Municipality","Koshi Province","Khotang","Sakela Rural Municipality",0,0,4,0,0,0,4,0,4,NA,NA,NA,NA,NA,NA,NA,NA,""
"130",11401,131,"Municipality ","Koshi Province","Udayapur","Belaka Municipality",0,0,4,0,0,0,4,0,4,NA,NA,NA,NA,NA,NA,NA,NA,""
"131",11402,132,"Municipality ","Koshi Province","Udayapur","Chaudandigadhi Municipality",0,1,5,0,0,0,6,1,7,NA,NA,NA,NA,NA,NA,NA,NA,""
"132",11407,133,"Municipality ","Koshi Province","Udayapur","Katari Municipality",1,0,8,0,0,0,9,1,10,NA,NA,NA,NA,NA,NA,NA,NA,""
"133",11404,134,"Rural Municipality","Koshi Province","Udayapur","Rautamai Rural Municipality",0,0,6,0,0,0,6,1,7,NA,NA,NA,NA,NA,NA,NA,NA,""
"134",11405,135,"Rural Municipality","Koshi Province","Udayapur","Sunkoshi Rural Municipality",0,0,5,0,0,0,5,0,5,NA,NA,NA,NA,NA,NA,NA,NA,""
"135",11406,136,"Rural Municipality","Koshi Province","Udayapur","Tapli Rural Municipality",0,0,5,0,0,0,5,0,5,NA,NA,NA,NA,NA,NA,NA,NA,""
"136",11403,137,"Municipality ","Koshi Province","Udayapur","Triyuga Municipality",1,0,6,6,0,0,13,3,16,NA,NA,NA,NA,NA,NA,NA,NA,""
"137",11408,138,"Rural Municipality","Koshi Province","Udayapur","Udayapurgadhi Rural Municipality",0,0,5,0,0,0,5,0,5,NA,NA,NA,NA,NA,NA,NA,NA,""
"138",20103,140,"Rural Municipality","Madhesh Province","Saptari","Agnisair Krishna Sabaran Rural Municipality",0,0,5,0,0,0,5,0,5,NA,NA,NA,NA,NA,NA,NA,NA,""
"139",20108,141,"Rural Municipality","Madhesh Province","Saptari","Balan-Bihul Rural Municipality",0,0,5,0,0,0,5,0,5,NA,NA,NA,NA,NA,NA,NA,NA,""
"140",20111,142,"Rural Municipality","Madhesh Province","Saptari","Belhi Chapena Rural Municipality",0,0,6,0,0,0,6,0,6,NA,NA,NA,NA,NA,NA,NA,NA,""
"141",20112,143,"Rural Municipality","Madhesh Province","Saptari","Bishnupur Rural Municipality",0,0,2,0,0,0,2,0,2,NA,NA,NA,NA,NA,NA,NA,NA,""
"142",20109,144,"Municipality ","Madhesh Province","Saptari","BodeBarsain Municipality",0,0,9,0,0,0,9,0,9,NA,NA,NA,NA,NA,NA,NA,NA,""
"143",20118,145,"Rural Municipality","Madhesh Province","Saptari","Chhinnamasta Rural Municipality",0,0,4,0,0,0,4,0,4,NA,NA,NA,NA,NA,NA,NA,NA,""
"144",20110,146,"Municipality ","Madhesh Province","Saptari","Dakneshwori Municipality",0,0,9,0,0,0,9,0,9,NA,NA,NA,NA,NA,NA,NA,NA,""
"145",20116,147,"Municipality ","Madhesh Province","Saptari","Hanumannagar Kankalini Municipality",1,0,8,0,0,0,9,1,10,NA,NA,NA,NA,NA,NA,NA,NA,""
"146",20102,148,"Municipality ","Madhesh Province","Saptari","Kanchanrup Municipality",0,1,9,0,0,0,10,2,12,NA,NA,NA,NA,NA,NA,NA,NA,""
"147",20106,149,"Municipality ","Madhesh Province","Saptari","Khadak Municipality",0,1,7,0,0,0,8,0,8,NA,NA,NA,NA,NA,NA,NA,NA,""
"148",20114,150,"Rural Municipality","Madhesh Province","Saptari","Mahadewa Rural Municipality",0,0,5,0,0,0,5,0,5,NA,NA,NA,NA,NA,NA,NA,NA,""
"149",20113,151,"Municipality ","Madhesh Province","Saptari","Rajbiraj Municipality",1,0,8,1,0,1,11,2,13,NA,NA,NA,NA,NA,NA,NA,NA,""
"150",20104,152,"Rural Municipality","Madhesh Province","Saptari","Rupani Rural Municipality",0,0,5,0,0,0,5,1,6,NA,NA,NA,NA,NA,NA,NA,NA,""
"151",20101,153,"Municipality ","Madhesh Province","Saptari","Saptakoshi Municipality",0,0,3,0,0,0,3,1,4,NA,NA,NA,NA,NA,NA,NA,NA,""
"152",20105,154,"Municipality ","Madhesh Province","Saptari","Shambhunath Municipality",0,0,7,0,0,0,7,0,7,NA,NA,NA,NA,NA,NA,NA,NA,""
"153",20107,155,"Municipality ","Madhesh Province","Saptari","Surunga Municipality",0,1,9,0,0,0,10,0,10,NA,NA,NA,NA,NA,NA,NA,NA,""
"154",20117,156,"Rural Municipality","Madhesh Province","Saptari","Tilathi Koiladi Rural Municipality",0,1,5,0,0,0,6,0,6,NA,NA,NA,NA,NA,NA,NA,NA,""
"155",20115,157,"Rural Municipality","Madhesh Province","Saptari","Tirahut Rural Municipality",0,0,5,0,0,0,5,0,5,NA,NA,NA,NA,NA,NA,NA,NA,""
"156",20209,159,"Rural Municipality","Madhesh Province","Siraha","Arnama Rural Municipality",0,0,4,0,0,0,4,0,4,NA,NA,NA,NA,NA,NA,NA,NA,""
"157",20216,160,"Rural Municipality","Madhesh Province","Siraha","Aurahi Rural Municipality",0,1,4,0,0,0,5,0,5,NA,NA,NA,NA,NA,NA,NA,NA,""
"158",20215,161,"Rural Municipality","Madhesh Province","Siraha","Bariyarpatti Rural Municipality",0,0,5,0,0,0,5,0,5,NA,NA,NA,NA,NA,NA,NA,NA,""
"159",20213,162,"Rural Municipality","Madhesh Province","Siraha","Bhagawanpur Rural Municipality",0,1,2,0,0,0,3,0,3,NA,NA,NA,NA,NA,NA,NA,NA,""
"160",20208,163,"Rural Municipality","Madhesh Province","Siraha","Bishnupur Rural Municipality",0,0,4,0,0,0,4,0,4,NA,NA,NA,NA,NA,NA,NA,NA,""
"161",20202,164,"Municipality ","Madhesh Province","Siraha","Dhangadhimai Municipality",0,0,6,0,0,0,6,6,12,NA,NA,NA,NA,NA,NA,NA,NA,""
"162",20203,165,"Municipality ","Madhesh Province","Siraha","Golbazar Municipality",0,0,9,0,0,0,9,6,15,NA,NA,NA,NA,NA,NA,NA,NA,""
"163",20206,166,"Municipality ","Madhesh Province","Siraha","Kalyanpur Municipality",0,0,11,0,0,0,11,0,11,NA,NA,NA,NA,NA,NA,NA,NA,""
"164",20205,167,"Municipality ","Madhesh Province","Siraha","Karjanha Municipality",0,0,4,0,0,0,4,4,8,NA,NA,NA,NA,NA,NA,NA,NA,""
"165",20201,168,"Municipality ","Madhesh Province","Siraha","Lahan Municipality",1,0,12,1,0,0,14,27,41,NA,NA,NA,NA,NA,NA,NA,NA,""
"166",20211,169,"Rural Municipality","Madhesh Province","Siraha","Laxmipur Patari Rural Municipality",0,0,6,0,0,0,6,0,6,NA,NA,NA,NA,NA,NA,NA,NA,""
"167",20204,170,"Municipality ","Madhesh Province","Siraha","Mirchaiya Municipality",0,1,7,0,0,0,8,11,19,NA,NA,NA,NA,NA,NA,NA,NA,""
"168",20207,171,"Rural Municipality","Madhesh Province","Siraha","Naraha Rural Municipality",0,0,4,0,0,0,4,0,4,NA,NA,NA,NA,NA,NA,NA,NA,""
"169",20214,172,"Rural Municipality","Madhesh Province","Siraha","Nawarajpur Rural Municipality",0,1,2,0,0,0,3,0,3,NA,NA,NA,NA,NA,NA,NA,NA,""
"170",20212,173,"Rural Municipality","Madhesh Province","Siraha","Sakhuwa Nankarkatti Rural Municipality",0,0,5,0,0,0,5,0,5,NA,NA,NA,NA,NA,NA,NA,NA,""
"171",20217,174,"Municipality ","Madhesh Province","Siraha","Siraha Municipality",1,0,12,1,0,1,15,4,19,NA,NA,NA,NA,NA,NA,NA,NA,""
"172",20210,175,"Municipality ","Madhesh Province","Siraha","Sukhipur Municipality",0,0,7,0,0,0,7,1,8,NA,NA,NA,NA,NA,NA,NA,NA,""
"173",20314,176,"Rural Municipality","Madhesh Province","Dhunasa","Aurahi Rural Municipality",0,1,3,0,0,0,4,0,4,NA,NA,NA,NA,NA,NA,NA,NA,""
"174",20304,177,"Rural Municipality","Madhesh Province","Dhunasa","Bateshwor Rural Municipality",0,0,4,0,0,0,4,0,4,NA,NA,NA,NA,NA,NA,NA,NA,""
"175",20313,178,"Municipality ","Madhesh Province","Dhunasa","Bideha Municipality",0,0,6,0,0,0,6,0,6,NA,NA,NA,NA,NA,NA,NA,NA,""
"176",20305,179,"Municipality ","Madhesh Province","Dhunasa","Chhireshwornath Municipality",0,1,3,0,0,0,4,0,4,NA,NA,NA,NA,NA,NA,NA,NA,""
"177",20316,180,"Rural Municipality","Madhesh Province","Dhunasa","Dhanauji Rural Municipality",0,0,4,0,1,0,5,0,5,NA,NA,NA,NA,NA,NA,NA,NA,""
"178",20302,181,"Municipality ","Madhesh Province","Dhunasa","Dhanushadham Municipality",0,1,3,0,0,0,4,0,4,NA,NA,NA,NA,NA,NA,NA,NA,""
"179",20301,182,"Municipality ","Madhesh Province","Dhunasa","Ganeshman Charnath Municipality",0,0,5,0,0,0,5,0,5,NA,NA,NA,NA,NA,NA,NA,NA,""
"180",20308,183,"Municipality ","Madhesh Province","Dhunasa","Hansapur Municipality",0,0,8,0,0,0,8,0,8,NA,NA,NA,NA,NA,NA,NA,NA,""
"181",20312,184,"Rural Municipality","Madhesh Province","Dhunasa","Janak Nandini Rural Municipality",0,0,6,0,0,0,6,0,6,NA,NA,NA,NA,NA,NA,NA,NA,""
"182",20315,185,"Sub-Metropolitan City","Madhesh Province","Dhunasa","Janakpur Sub-Metropolitan City",1,0,10,1,0,1,13,16,29,NA,NA,NA,NA,NA,NA,NA,NA,""
"183",20311,186,"Municipality ","Madhesh Province","Dhunasa","Kamala Municipality",0,0,6,0,0,0,6,0,6,NA,NA,NA,NA,NA,NA,NA,NA,""
"184",20306,187,"Rural Municipality","Madhesh Province","Dhunasa","Laxminiya Rural Municipality",0,0,4,0,0,0,4,0,4,NA,NA,NA,NA,NA,NA,NA,NA,""
"185",20303,188,"Municipality ","Madhesh Province","Dhunasa","Mithila Municipality",0,0,7,0,0,0,7,1,8,NA,NA,NA,NA,NA,NA,NA,NA,""
"186",20307,189,"Municipality ","Madhesh Province","Dhunasa","Mithila Bihari Municipality",0,0,5,0,0,0,5,0,5,NA,NA,NA,NA,NA,NA,NA,NA,""
"187",20318,190,"Rural Municipality","Madhesh Province","Dhunasa","Mukhiyapatti Musaharmiya Rural Municipality",0,0,4,0,0,0,4,0,4,NA,NA,NA,NA,NA,NA,NA,NA,""
"188",20317,191,"Municipality ","Madhesh Province","Dhunasa","Nagarain Municipality",0,0,5,0,0,0,5,0,5,NA,NA,NA,NA,NA,NA,NA,NA,""
"189",20309,192,"Municipality ","Madhesh Province","Dhunasa","Sabaila Municipality",0,1,7,0,0,0,8,0,8,NA,NA,NA,NA,NA,NA,NA,NA,""
"190",20310,193,"Municipality ","Madhesh Province","Dhunasa","Shahidnagar Municipality",0,1,8,0,0,0,9,0,9,NA,NA,NA,NA,NA,NA,NA,NA,""
"191",20404,194,"Municipality ","Madhesh Province","Mohattari","Aurahi Municipality",0,0,3,0,0,0,3,0,3,NA,NA,NA,NA,NA,NA,NA,NA,""
"192",20407,195,"Municipality ","Madhesh Province","Mohattari","Balawa Municipality",0,0,5,0,0,0,5,0,5,NA,NA,NA,NA,NA,NA,NA,NA,""
"193",20401,196,"Municipality ","Madhesh Province","Mohattari","Bardibas Municipality",1,0,7,0,0,0,8,10,18,NA,NA,NA,NA,NA,NA,NA,NA,""
"194",20405,197,"Municipality ","Madhesh Province","Mohattari","Bhangaha Municipality",0,0,6,0,1,0,7,0,7,NA,NA,NA,NA,NA,NA,NA,NA,""
"195",20411,198,"Rural Municipality","Madhesh Province","Mohattari","Ekadara Rural Municipality",0,0,4,0,0,0,4,0,4,NA,NA,NA,NA,NA,NA,NA,NA,""
"196",20402,199,"Municipality ","Madhesh Province","Mohattari","Gaushala Municipality",0,1,6,1,0,0,8,0,8,NA,NA,NA,NA,NA,NA,NA,NA,""
"197",20415,200,"Municipality ","Madhesh Province","Mohattari","Jaleshwor Municipality",1,0,6,3,0,2,12,3,15,NA,NA,NA,NA,NA,NA,NA,NA,""
"198",20406,201,"Municipality ","Madhesh Province","Mohattari","Loharpatti Municipality",0,1,4,0,0,0,5,0,5,NA,NA,NA,NA,NA,NA,NA,NA,""
"199",20412,202,"Rural Municipality","Madhesh Province","Mohattari","Mahottari Rural Municipality",0,0,3,0,0,0,3,0,3,NA,NA,NA,NA,NA,NA,NA,NA,""
"200",20410,203,"Municipality ","Madhesh Province","Mohattari","Manara Shisawa Municipality",0,0,7,0,1,0,8,0,8,NA,NA,NA,NA,NA,NA,NA,NA,""
"201",20414,204,"Municipality ","Madhesh Province","Mohattari","Matihani Municipality",0,0,4,0,1,0,5,0,5,NA,NA,NA,NA,NA,NA,NA,NA,""
"202",20413,205,"Rural Municipality","Madhesh Province","Mohattari","Pipara Rural Municipality",0,0,5,0,0,0,5,0,5,NA,NA,NA,NA,NA,NA,NA,NA,""
"203",20408,206,"Municipality ","Madhesh Province","Mohattari","Ram Gopalpur Municipality",0,0,4,0,0,0,4,0,4,NA,NA,NA,NA,NA,NA,NA,NA,""
"204",20409,207,"Rural Municipality","Madhesh Province","Mohattari","Samsi Rural Municipality",0,1,4,0,0,0,5,0,5,NA,NA,NA,NA,NA,NA,NA,NA,""
"205",20403,208,"Rural Municipality","Madhesh Province","Mohattari","Sonama Rural Municipality",0,0,4,0,0,0,4,0,4,NA,NA,NA,NA,NA,NA,NA,NA,""
"206",20503,209,"Municipality ","Madhesh Province","Sarlahi","Bagmati Municipality",0,0,4,0,0,0,4,0,4,NA,NA,NA,NA,NA,NA,NA,NA,""
"207",20516,210,"Municipality ","Madhesh Province","Sarlahi","Balara Municipality",0,1,7,0,0,0,8,0,8,NA,NA,NA,NA,NA,NA,NA,NA,""
"208",20504,211,"Municipality ","Madhesh Province","Sarlahi","Barahathawa Municipality",0,1,5,0,0,0,6,0,6,NA,NA,NA,NA,NA,NA,NA,NA,""
"209",20513,212,"Rural Municipality","Madhesh Province","Sarlahi","Basbariya Rural Municipality",0,0,4,0,0,0,4,0,4,NA,NA,NA,NA,NA,NA,NA,NA,""
"210",20518,213,"Rural Municipality","Madhesh Province","Sarlahi","Bishnu Rural Municipality",0,0,4,0,0,0,4,0,4,NA,NA,NA,NA,NA,NA,NA,NA,""
"211",20509,214,"Rural Municipality","Madhesh Province","Sarlahi","Brahmapuri Rural Municipality",0,0,4,0,0,0,4,0,4,NA,NA,NA,NA,NA,NA,NA,NA,""
"212",20512,215,"Rural Municipality","Madhesh Province","Sarlahi","Chakraghatta Rural Municipality",0,0,5,0,0,0,5,0,5,NA,NA,NA,NA,NA,NA,NA,NA,""
"213",20510,216,"Rural Municipality","Madhesh Province","Sarlahi","Chandranagar Rural Municipality",0,0,4,0,0,0,4,0,4,NA,NA,NA,NA,NA,NA,NA,NA,""
"214",20514,217,"Rural Municipality","Madhesh Province","Sarlahi","Dhanakaul Rural Municipality",0,0,5,0,0,0,5,0,5,NA,NA,NA,NA,NA,NA,NA,NA,""
"215",20517,218,"Municipality ","Madhesh Province","Sarlahi","Godaita Municipality",0,0,9,0,0,0,9,0,9,NA,NA,NA,NA,NA,NA,NA,NA,""
"216",20505,219,"Municipality ","Madhesh Province","Sarlahi","Haripur Municipality",0,1,4,0,0,0,5,0,5,NA,NA,NA,NA,NA,NA,NA,NA,""
"217",20507,220,"Municipality ","Madhesh Province","Sarlahi","Haripurwa Municipality",0,0,3,0,0,0,3,0,3,NA,NA,NA,NA,NA,NA,NA,NA,""
"218",20502,221,"Municipality ","Madhesh Province","Sarlahi","Hariwan Municipality",0,0,4,0,0,0,4,3,7,NA,NA,NA,NA,NA,NA,NA,NA,""
"219",20506,222,"Municipality ","Madhesh Province","Sarlahi","Ishworpur Municipality",0,0,5,0,0,0,5,0,5,NA,NA,NA,NA,NA,NA,NA,NA,""
"220",20511,223,"Municipality ","Madhesh Province","Sarlahi","Kabilashi Municipality",0,1,4,0,0,0,5,0,5,NA,NA,NA,NA,NA,NA,NA,NA,""
"221",20519,224,"Rural Municipality","Madhesh Province","Sarlahi","Kaudena Rural Municipality",0,0,5,0,0,0,5,0,5,NA,NA,NA,NA,NA,NA,NA,NA,""
"222",20501,225,"Municipality ","Madhesh Province","Sarlahi","Lalbandi Municipality",0,1,6,0,0,0,7,2,9,NA,NA,NA,NA,NA,NA,NA,NA,""
"223",20520,226,"Municipality ","Madhesh Province","Sarlahi","Malangawa Municipality",1,0,4,0,0,1,6,4,10,NA,NA,NA,NA,NA,NA,NA,NA,""
"224",20508,227,"Rural Municipality","Madhesh Province","Sarlahi","Parsa Rural Municipality",0,0,4,0,0,0,4,0,4,NA,NA,NA,NA,NA,NA,NA,NA,""
"225",20515,228,"Rural Municipality","Madhesh Province","Sarlahi","Ramnagar Rural Municipality",0,0,4,0,0,0,4,0,4,NA,NA,NA,NA,NA,NA,NA,NA,""
"226",31101,229,"Municipality ","Bagmati Province","Sindhuli","Dudhouli Municipality",0,1,9,2,0,0,12,3,15,NA,NA,NA,NA,NA,NA,NA,NA,""
"227",31107,230,"Rural Municipality","Bagmati Province","Sindhuli","Ghyanglekha Rural Municipality",0,0,5,0,0,0,5,0,5,NA,NA,NA,NA,NA,NA,NA,NA,""
"228",31104,231,"Rural Municipality","Bagmati Province","Sindhuli","Golanjor Rural Municipality",0,0,7,0,1,0,8,3,11,NA,NA,NA,NA,NA,NA,NA,NA,""
"229",31109,232,"Rural Municipality","Bagmati Province","Sindhuli","Hariharpurgaghi Rural Municipality",0,0,4,0,0,0,4,0,4,NA,NA,NA,NA,NA,NA,NA,NA,""
"230",31105,233,"Municipality ","Bagmati Province","Sindhuli","Kamalamai Municipality",1,0,7,3,0,1,12,13,25,NA,NA,NA,NA,NA,NA,NA,NA,""
"231",31108,234,"Rural Municipality","Bagmati Province","Sindhuli","Marin Rural Municipality",0,1,2,0,1,0,4,0,4,NA,NA,NA,NA,NA,NA,NA,NA,""
"232",31102,235,"Rural Municipality","Bagmati Province","Sindhuli","Phikkal Rural Municipality",0,0,6,0,0,0,6,0,6,NA,NA,NA,NA,NA,NA,NA,NA,""
"233",31106,236,"Rural Municipality","Bagmati Province","Sindhuli","Sunkoshi Rural Municipality",0,0,5,0,0,0,5,2,7,NA,NA,NA,NA,NA,NA,NA,NA,""
"234",31103,237,"Rural Municipality","Bagmati Province","Sindhuli","Tinpatan Rural Municipality",0,2,6,0,1,0,9,0,9,NA,NA,NA,NA,NA,NA,NA,NA,""
"235",31007,238,"Rural Municipality","Bagmati Province","Ramechhap","Doramba Rural Municipality",0,0,6,0,3,0,9,0,9,NA,NA,NA,NA,NA,NA,NA,NA,""
"236",31002,239,"Rural Municipality","Bagmati Province","Ramechhap","Gokulganga Rural Municipality",0,0,6,0,0,0,6,0,6,NA,NA,NA,NA,NA,NA,NA,NA,""
"237",31006,240,"Rural Municipality","Bagmati Province","Ramechhap","Khandadevi Rural Municipality",0,0,8,0,4,0,12,0,12,NA,NA,NA,NA,NA,NA,NA,NA,""
"238",31003,241,"Rural Municipality","Bagmati Province","Ramechhap","Likhu Rural Municipality",0,1,5,0,2,0,8,0,8,NA,NA,NA,NA,NA,NA,NA,NA,""
"239",31005,242,"Municipality ","Bagmati Province","Ramechhap","Manthali Municipality",0,2,9,9,0,0,20,5,25,NA,NA,NA,NA,NA,NA,NA,NA,""
"240",31004,243,"Municipality ","Bagmati Province","Ramechhap","Ramechhap Municipality",1,0,7,3,1,0,12,0,12,NA,NA,NA,NA,NA,NA,NA,NA,""
"241",31008,244,"Rural Municipality","Bagmati Province","Ramechhap","Sunapati Rural Municipality",0,0,5,0,2,0,7,0,7,NA,NA,NA,NA,NA,NA,NA,NA,""
"242",31001,245,"Rural Municipality","Bagmati Province","Ramechhap","Umakunda Rural Municipality",0,0,6,0,1,0,7,0,7,NA,NA,NA,NA,NA,NA,NA,NA,""
"243",30104,246,"Rural Municipality","Bagmati Province","Dolakha","Baiteshwor Rural Municipality",0,0,5,0,2,0,7,1,8,NA,NA,NA,NA,NA,NA,NA,NA,""
"244",30109,247,"Municipality ","Bagmati Province","Dolakha","Bhimeshwor Municipality",0,1,6,7,1,0,15,8,23,NA,NA,NA,NA,NA,NA,NA,NA,""
"245",30102,248,"Rural Municipality","Bagmati Province","Dolakha","Bigu Rural Municipality",0,0,8,0,2,0,10,0,10,NA,NA,NA,NA,NA,NA,NA,NA,""
"246",30101,249,"Rural Municipality","Bagmati Province","Dolakha","Gaurishankar Rural Municipality",0,1,6,0,0,0,7,0,7,NA,NA,NA,NA,NA,NA,NA,NA,""
"247",30105,250,"Municipality ","Bagmati Province","Dolakha","Jiri Municipality",1,0,3,1,0,0,5,0,5,NA,NA,NA,NA,NA,NA,NA,NA,""
"248",30103,251,"Rural Municipality","Bagmati Province","Dolakha","Kalinchowk Rural Municipality",0,0,6,0,4,0,10,1,11,NA,NA,NA,NA,NA,NA,NA,NA,""
"249",30107,252,"Rural Municipality","Bagmati Province","Dolakha","Melung Rural Municipality",0,0,5,0,2,0,7,0,7,NA,NA,NA,NA,NA,NA,NA,NA,""
"250",30108,253,"Rural Municipality","Bagmati Province","Dolakha","Shailung Rural Municipality",0,0,6,0,0,0,6,0,6,NA,NA,NA,NA,NA,NA,NA,NA,""
"251",30106,254,"Rural Municipality","Bagmati Province","Dolakha","Tamakoshi Rural Municipality",0,0,7,0,1,0,8,0,8,NA,NA,NA,NA,NA,NA,NA,NA,""
"252",30208,255,"Rural Municipality","Bagmati Province","Sindhupalchok","Balephi Rural Municipality",0,1,3,0,1,0,5,0,5,NA,NA,NA,NA,NA,NA,NA,NA,""
"253",30209,256,"Municipality ","Bagmati Province","Sindhupalchok","Bahrabise Municipality",0,1,5,0,3,0,9,1,10,NA,NA,NA,NA,NA,NA,NA,NA,""
"254",30201,257,"Rural Municipality","Bagmati Province","Sindhupalchok","Bhotekoshi Rural Municipality",0,0,4,0,1,0,5,0,5,NA,NA,NA,NA,NA,NA,NA,NA,""
"255",30207,258,"Municipality ","Bagmati Province","Sindhupalchok","Choutara Sangachowkgadhi Municipality",1,0,9,2,2,1,15,3,18,NA,NA,NA,NA,NA,NA,NA,NA,""
"256",30204,259,"Rural Municipality","Bagmati Province","Sindhupalchok","Helambu Rural Municipality",0,0,5,0,2,0,7,1,8,NA,NA,NA,NA,NA,NA,NA,NA,""
"257",30206,260,"Rural Municipality","Bagmati Province","Sindhupalchok","Indrawoti Rural Municipality",0,0,7,0,1,0,8,0,8,NA,NA,NA,NA,NA,NA,NA,NA,""
"258",30202,261,"Rural Municipality","Bagmati Province","Sindhupalchok","Jugal Rural Municipality",0,0,6,0,1,0,7,0,7,NA,NA,NA,NA,NA,NA,NA,NA,""
"259",30211,262,"Rural Municipality","Bagmati Province","Sindhupalchok","Lisankhu Pakhar Rural Municipality",0,0,6,0,1,0,7,0,7,NA,NA,NA,NA,NA,NA,NA,NA,""
"260",30205,263,"Municipality ","Bagmati Province","Sindhupalchok","Melanchi Municipality",0,1,10,2,0,0,13,3,16,NA,NA,NA,NA,NA,NA,NA,NA,""
"261",30203,264,"Rural Municipality","Bagmati Province","Sindhupalchok","Panchpokhari Thangpal Rural Municipality",0,0,8,0,0,0,8,1,9,NA,NA,NA,NA,NA,NA,NA,NA,""
"262",30212,265,"Rural Municipality","Bagmati Province","Sindhupalchok","Sunkoshi Rural Municipality",0,0,6,0,2,0,8,1,9,NA,NA,NA,NA,NA,NA,NA,NA,""
"263",30210,266,"Rural Municipality","Bagmati Province","Sindhupalchok","Tripurasundari Rural Municipality",0,0,6,0,0,0,6,0,6,NA,NA,NA,NA,NA,NA,NA,NA,""
"264",30904,267,"Municipality ","Bagmati Province","Kavrepalanchok","Banepa Municipality",0,0,5,2,0,0,7,22,29,NA,NA,NA,NA,NA,NA,NA,NA,""
"265",30910,268,"Rural Municipality","Bagmati Province","Kavrepalanchok","Bethanchowk Rural Municipality",0,0,5,0,0,0,5,1,6,NA,NA,NA,NA,NA,NA,NA,NA,""
"266",30902,269,"Rural Municipality","Bagmati Province","Kavrepalanchok","Bhumlu Rural Municipality",0,0,9,0,1,0,10,0,10,NA,NA,NA,NA,NA,NA,NA,NA,""
"267",30901,270,"Rural Municipality","Bagmati Province","Kavrepalanchok","Chauri Deurali Rural Municipality",0,0,9,0,0,0,9,3,12,NA,NA,NA,NA,NA,NA,NA,NA,""
"268",30905,271,"Municipality ","Bagmati Province","Kavrepalanchok","Dhulikhel Municipality",0,1,6,3,0,0,10,1,11,NA,NA,NA,NA,NA,NA,NA,NA,""
"269",30913,272,"Rural Municipality","Bagmati Province","Kavrepalanchok","Khanikhola Rural Municipality",0,0,5,0,0,0,5,0,5,NA,NA,NA,NA,NA,NA,NA,NA,""
"270",30912,273,"Rural Municipality","Bagmati Province","Kavrepalanchok","Mahabharat Rural Municipality",0,0,5,0,0,0,5,0,5,NA,NA,NA,NA,NA,NA,NA,NA,""
"271",30903,274,"Municipality ","Bagmati Province","Kavrepalanchok","Mandan Deupur Municipality",0,0,7,0,1,0,8,1,9,NA,NA,NA,NA,NA,NA,NA,NA,""
"272",30908,275,"Municipality ","Bagmati Province","Kavrepalanchok","Namobuddha Municipality",1,0,7,0,0,0,8,1,9,NA,NA,NA,NA,NA,NA,NA,NA,""
"273",30909,276,"Municipality ","Bagmati Province","Kavrepalanchok","Panauti Municipality",0,2,8,2,3,0,15,2,17,NA,NA,NA,NA,NA,NA,NA,NA,""
"274",30906,277,"Municipality ","Bagmati Province","Kavrepalanchok","Panchkhal Municipality",0,1,6,0,0,1,8,3,11,NA,NA,NA,NA,NA,NA,NA,NA,""
"275",30911,278,"Rural Municipality","Bagmati Province","Kavrepalanchok","Roshi Rural Municipality",0,0,10,0,1,0,11,1,12,NA,NA,NA,NA,NA,NA,NA,NA,""
"276",30907,279,"Rural Municipality","Bagmati Province","Kavrepalanchok","Temal Rural Municipality",0,0,7,0,1,0,8,1,9,NA,NA,NA,NA,NA,NA,NA,NA,""
"277",30806,280,"Rural Municipality","Bagmati Province","Lalitpur","Bagmati Rural Municipality",0,0,7,0,0,0,7,0,7,NA,NA,NA,NA,NA,NA,NA,NA,""
"278",30803,281,"Municipality ","Bagmati Province","Lalitpur","Godawari Municipality",0,3,10,1,0,0,14,15,29,NA,NA,NA,NA,NA,NA,NA,NA,""
"279",30804,282,"Rural Municipality","Bagmati Province","Lalitpur","Konjyosom Rural Municipality",0,0,5,0,0,0,5,0,5,NA,NA,NA,NA,NA,NA,NA,NA,""
"280",30802,283,"Metropolitan City","Bagmati Province","Lalitpur","Lalitpur Metropolitan City",3,0,6,6,1,1,17,167,184,NA,NA,NA,NA,NA,NA,NA,NA,""
"281",30801,284,"Municipality ","Bagmati Province","Lalitpur","Mahalaxmi Municipality",0,1,4,0,0,0,5,4,9,NA,NA,NA,NA,NA,NA,NA,NA,""
"282",30805,285,"Rural Municipality","Bagmati Province","Lalitpur","Mahankal Rural Municipality",0,0,6,0,0,0,6,0,6,NA,NA,NA,NA,NA,NA,NA,NA,""
"283",30702,286,"Municipality ","Bagmati Province","Bhaktapur","Bhaktapur Municipality",2,0,0,2,0,2,6,29,35,NA,NA,NA,NA,NA,NA,NA,NA,""
"284",30701,287,"Municipality ","Bagmati Province","Bhaktapur","Changunarayan Municipality",0,1,7,0,1,0,9,3,12,NA,NA,NA,NA,NA,NA,NA,NA,""
"285",30703,288,"Municipality ","Bagmati Province","Bhaktapur","Madhyapur Thimi Municipality",1,0,5,2,1,1,10,16,26,NA,NA,NA,NA,NA,NA,NA,NA,""
"286",30704,289,"Municipality ","Bagmati Province","Bhaktapur","Suryabinayak Municipality",0,1,7,0,0,0,8,6,14,NA,NA,NA,NA,NA,NA,NA,NA,""
"287",30604,290,"Municipality ","Bagmati Province","Kathmandu","Budhanilkhantha Municipality",0,0,6,0,0,0,6,5,11,NA,NA,NA,NA,NA,NA,NA,NA,""
"288",30610,291,"Municipality ","Bagmati Province","Kathmandu","Chandragiri Municipality",0,0,11,0,0,0,11,7,18,NA,NA,NA,NA,NA,NA,NA,NA,""
"289",30611,292,"Municipality ","Bagmati Province","Kathmandu","Dakshinkali Municipality",0,1,5,2,0,0,8,3,11,NA,NA,NA,NA,NA,NA,NA,NA,""
"290",30603,293,"Municipality ","Bagmati Province","Kathmandu","Gokarneshwor Municipality",0,1,4,0,0,0,5,14,19,NA,NA,NA,NA,NA,NA,NA,NA,""
"291",30602,294,"Municipality ","Bagmati Province","Kathmandu","Kageshwori Manahara Municipality",0,1,5,0,0,0,6,1,7,NA,NA,NA,NA,NA,NA,NA,NA,""
"292",30608,295,"Metropolitan City","Bagmati Province","Kathmandu","Kathmandu Metropolitan City",14,1,0,30,0,6,51,885,936,NA,NA,NA,NA,NA,NA,NA,NA,""
"293",30609,296,"Municipality ","Bagmati Province","Kathmandu","Kirtipur Municipality",0,1,7,0,0,0,8,6,14,NA,NA,NA,NA,NA,NA,NA,NA,""
"294",30607,297,"Municipality ","Bagmati Province","Kathmandu","Nagarjun Municipality",0,1,4,0,0,0,5,5,10,NA,NA,NA,NA,NA,NA,NA,NA,""
"295",30601,298,"Municipality ","Bagmati Province","Kathmandu","Shankharapur Municipality",0,0,6,0,0,0,6,4,10,NA,NA,NA,NA,NA,NA,NA,NA,""
"296",30606,299,"Municipality ","Bagmati Province","Kathmandu","Tarakeshwor Municipality",0,1,6,5,0,0,12,3,15,NA,NA,NA,NA,NA,NA,NA,NA,""
"297",30605,300,"Municipality ","Bagmati Province","Kathmandu","Tokha Municipality",0,1,4,0,0,0,5,15,20,NA,NA,NA,NA,NA,NA,NA,NA,""
"298",30508,301,"Municipality ","Bagmati Province","Nuwakot","Belkotgadhi Municipality",0,0,7,0,2,0,9,1,10,NA,NA,NA,NA,NA,NA,NA,NA,""
"299",30504,302,"Municipality ","Bagmati Province","Nuwakot","Bidur Municipality",1,0,6,4,1,1,13,9,22,NA,NA,NA,NA,NA,NA,NA,NA,""
"300",30501,303,"Rural Municipality","Bagmati Province","Nuwakot","Dupcheshwor Rural Municipality",0,0,7,0,0,0,7,1,8,NA,NA,NA,NA,NA,NA,NA,NA,""
"301",30512,304,"Rural Municipality","Bagmati Province","Nuwakot","Kakani Rural Municipality",0,1,5,0,0,0,6,0,6,NA,NA,NA,NA,NA,NA,NA,NA,""
"302",30505,305,"Rural Municipality","Bagmati Province","Nuwakot","Kispang Rural Municipality",0,0,6,0,0,0,6,0,6,NA,NA,NA,NA,NA,NA,NA,NA,""
"303",30509,306,"Rural Municipality","Bagmati Province","Nuwakot","Likhu Rural Municipality",0,0,3,0,0,0,3,0,3,NA,NA,NA,NA,NA,NA,NA,NA,""
"304",30506,307,"Rural Municipality","Bagmati Province","Nuwakot","Meghang Rural Municipality",0,1,5,0,0,0,6,0,6,NA,NA,NA,NA,NA,NA,NA,NA,""
"305",30510,308,"Rural Municipality","Bagmati Province","Nuwakot","Panchakanya Rural Municipality",0,0,4,0,1,0,5,1,6,NA,NA,NA,NA,NA,NA,NA,NA,""
"306",30511,309,"Rural Municipality","Bagmati Province","Nuwakot","Shivapuri Rural Municipality",0,0,8,0,2,0,10,0,10,NA,NA,NA,NA,NA,NA,NA,NA,""
"307",30503,310,"Rural Municipality","Bagmati Province","Nuwakot","Suryagadhi Rural Municipality",0,0,4,0,0,0,4,0,4,NA,NA,NA,NA,NA,NA,NA,NA,""
"308",30502,311,"Rural Municipality","Bagmati Province","Nuwakot","Tadi Rural Municipality",0,1,3,0,1,0,5,0,5,NA,NA,NA,NA,NA,NA,NA,NA,""
"309",30507,312,"Rural Municipality","Bagmati Province","Nuwakot","Tarakeshwor Rural Municipality",0,0,5,0,0,0,5,0,5,NA,NA,NA,NA,NA,NA,NA,NA,""
"310",30301,315,"Rural Municipality","Bagmati Province","Rasuwa","Gosaikunda Rural Municipality",1,0,6,0,0,1,8,2,10,NA,NA,NA,NA,NA,NA,NA,NA,""
"311",30304,316,"Rural Municipality","Bagmati Province","Rasuwa","Kalika Rural Municipality",0,1,1,0,2,0,4,0,4,NA,NA,NA,NA,NA,NA,NA,NA,""
"312",30305,317,"Rural Municipality","Bagmati Province","Rasuwa","Naukunda Rural Municipality",0,0,3,0,3,0,6,0,6,NA,NA,NA,NA,NA,NA,NA,NA,""
"313",30302,318,"Rural Municipality","Bagmati Province","Rasuwa","Parbatikunda Rural Municipality",0,0,4,0,1,0,5,0,5,NA,NA,NA,NA,NA,NA,NA,NA,""
"314",30303,319,"Rural Municipality","Bagmati Province","Rasuwa","Uttargaya Rural Municipality",0,0,3,0,1,0,4,0,4,NA,NA,NA,NA,NA,NA,NA,NA,""
"315",30409,320,"Rural Municipality","Bagmati Province","Dhading","Benighat Rorang Rural Municipality",0,0,4,0,4,0,8,1,9,NA,NA,NA,NA,NA,NA,NA,NA,""
"316",30413,321,"Municipality ","Bagmati Province","Dhading","Dhunibenshi Municipality",0,0,3,0,0,0,3,1,4,NA,NA,NA,NA,NA,NA,NA,NA,""
"317",30410,322,"Rural Municipality","Bagmati Province","Dhading","Gajuri Rural Municipality",0,1,2,0,0,0,3,2,5,NA,NA,NA,NA,NA,NA,NA,NA,""
"318",30411,323,"Rural Municipality","Bagmati Province","Dhading","Galchhi Rural Municipality",0,0,3,0,0,0,3,1,4,NA,NA,NA,NA,NA,NA,NA,NA,""
"319",30403,324,"Rural Municipality","Bagmati Province","Dhading","Ganga Jamuna Rural Municipality",0,0,5,0,4,0,9,1,10,NA,NA,NA,NA,NA,NA,NA,NA,""
"320",30407,325,"Rural Municipality","Bagmati Province","Dhading","Jwalamukhi Rural Municipality",0,0,4,0,1,0,5,0,5,NA,NA,NA,NA,NA,NA,NA,NA,""
"321",30402,326,"Rural Municipality","Bagmati Province","Dhading","Khaniyabas Rural Municipality",0,0,3,0,0,0,3,1,4,NA,NA,NA,NA,NA,NA,NA,NA,""
"322",30405,327,"Rural Municipality","Bagmati Province","Dhading","Netrawati Rural Municipality",0,0,3,0,3,0,6,0,6,NA,NA,NA,NA,NA,NA,NA,NA,""
"323",30406,328,"Municipality ","Bagmati Province","Dhading","Nilkhantha Municipality",1,0,7,1,2,1,12,5,17,NA,NA,NA,NA,NA,NA,NA,NA,""
"324",30401,329,"Rural Municipality","Bagmati Province","Dhading","Rubi Valley Rural Municipality",0,0,3,0,1,0,4,1,5,NA,NA,NA,NA,NA,NA,NA,NA,""
"325",30408,330,"Rural Municipality","Bagmati Province","Dhading","Siddhalek Rural Municipality",0,0,3,0,0,0,3,1,4,NA,NA,NA,NA,NA,NA,NA,NA,""
"326",30412,331,"Rural Municipality","Bagmati Province","Dhading","Thakre Rural Municipality",0,0,5,0,0,0,5,1,6,NA,NA,NA,NA,NA,NA,NA,NA,""
"327",30404,332,"Rural Municipality","Bagmati Province","Dhading","Tripurasundari Rural Municipality",0,1,4,0,0,0,5,1,6,NA,NA,NA,NA,NA,NA,NA,NA,""
"328",31210,333,"Rural Municipality","Bagmati Province","Makwanpur","Bagmati Rural Municipality",0,0,3,0,0,0,3,0,3,NA,NA,NA,NA,NA,NA,NA,NA,""
"329",31209,334,"Rural Municipality","Bagmati Province","Makwanpur","Bakaiya Rural Municipality",0,1,4,0,0,0,5,1,6,NA,NA,NA,NA,NA,NA,NA,NA,""
"330",31207,335,"Rural Municipality","Bagmati Province","Makwanpur","Bhimphedi Rural Municipality",0,1,4,0,0,0,5,0,5,NA,NA,NA,NA,NA,NA,NA,NA,""
"331",31206,336,"Sub-Metropolitan City","Bagmati Province","Makwanpur","Hetauda Sub-Metropolitan City",1,0,6,4,0,1,12,14,26,NA,NA,NA,NA,NA,NA,NA,NA,""
"332",31201,337,"Rural Municipality","Bagmati Province","Makwanpur","Indrasarowar Rural Municipality",0,0,4,0,0,0,4,0,4,NA,NA,NA,NA,NA,NA,NA,NA,""
"333",31203,338,"Rural Municipality","Bagmati Province","Makwanpur","Kailash Rural Municipality",0,0,5,0,0,0,5,0,5,NA,NA,NA,NA,NA,NA,NA,NA,""
"334",31208,339,"Rural Municipality","Bagmati Province","Makwanpur","Makawanpurgadhi Rural Municipality",0,0,4,0,4,0,8,0,8,NA,NA,NA,NA,NA,NA,NA,NA,""
"335",31205,340,"Rural Municipality","Bagmati Province","Makwanpur","Manahari Rural Municipality",0,1,1,0,0,0,2,0,2,NA,NA,NA,NA,NA,NA,NA,NA,""
"336",31204,341,"Rural Municipality","Bagmati Province","Makwanpur","Raksirang Rural Municipality",0,0,4,0,1,0,5,0,5,NA,NA,NA,NA,NA,NA,NA,NA,""
"337",31202,342,"Municipality ","Bagmati Province","Makwanpur","Thaha Municipality",0,1,6,2,0,0,9,0,9,NA,NA,NA,NA,NA,NA,NA,NA,""
"338",20611,345,"Municipality ","Madhesh Province","Rautahat","Boudhimai Municipality",0,0,5,0,0,0,5,0,5,NA,NA,NA,NA,NA,NA,NA,NA,""
"339",20605,346,"Municipality ","Madhesh Province","Rautahat","Brindaban Municipality",0,0,5,0,0,0,5,0,5,NA,NA,NA,NA,NA,NA,NA,NA,""
"340",20601,347,"Municipality ","Madhesh Province","Rautahat","Chandrapur Municipality",1,0,4,0,0,0,5,3,8,NA,NA,NA,NA,NA,NA,NA,NA,""
"341",20609,348,"Municipality ","Madhesh Province","Rautahat","Dewahi Gonahi Municipality",0,0,5,0,0,0,5,0,5,NA,NA,NA,NA,NA,NA,NA,NA,""
"342",20615,349,"Rural Municipality","Madhesh Province","Rautahat","Durga Bhagawati Rural Municipality",0,1,4,0,0,0,5,0,5,NA,NA,NA,NA,NA,NA,NA,NA,""
"343",20606,350,"Municipality ","Madhesh Province","Rautahat","Gadhimai Municipality",0,0,6,0,0,0,6,0,6,NA,NA,NA,NA,NA,NA,NA,NA,""
"344",20608,351,"Municipality ","Madhesh Province","Rautahat","Garuda Municipality",0,0,9,0,0,0,9,1,10,NA,NA,NA,NA,NA,NA,NA,NA,""
"345",20617,352,"Municipality ","Madhesh Province","Rautahat","Gaur Municipality",1,0,1,0,0,0,2,4,6,NA,NA,NA,NA,NA,NA,NA,NA,""
"346",20602,353,"Municipality ","Madhesh Province","Rautahat","Gujara Municipality",0,0,5,0,0,0,5,0,5,NA,NA,NA,NA,NA,NA,NA,NA,""
"347",20618,354,"Municipality ","Madhesh Province","Rautahat","Ishanath Municipality",0,0,6,0,0,0,6,0,6,NA,NA,NA,NA,NA,NA,NA,NA,""
"348",20604,355,"Municipality ","Madhesh Province","Rautahat","Katahariya Municipality",0,1,5,0,0,0,6,0,6,NA,NA,NA,NA,NA,NA,NA,NA,""
"349",20607,356,"Municipality ","Madhesh Province","Rautahat","Madhav Narayan Municipality",0,0,8,0,0,0,8,0,8,NA,NA,NA,NA,NA,NA,NA,NA,""
"350",20610,357,"Municipality ","Madhesh Province","Rautahat","Maulapur Municipality",0,0,4,0,0,0,4,0,4,NA,NA,NA,NA,NA,NA,NA,NA,""
"351",20612,358,"Municipality ","Madhesh Province","Rautahat","Paroha Municipality",0,0,6,0,0,0,6,0,6,NA,NA,NA,NA,NA,NA,NA,NA,""
"352",20603,359,"Municipality ","Madhesh Province","Rautahat","Phatuwa Bijayapur Municipality",0,0,5,0,0,0,5,0,5,NA,NA,NA,NA,NA,NA,NA,NA,""
"353",20616,360,"Municipality ","Madhesh Province","Rautahat","Rajdevi Municipality",0,0,7,0,0,0,7,0,7,NA,NA,NA,NA,NA,NA,NA,NA,""
"354",20613,361,"Municipality ","Madhesh Province","Rautahat","Rajpur Municipality",0,1,4,0,0,0,5,0,5,NA,NA,NA,NA,NA,NA,NA,NA,""
"355",20614,362,"Rural Municipality","Madhesh Province","Rautahat","Yamunamai Rural Municipality",0,0,4,0,0,0,4,0,4,NA,NA,NA,NA,NA,NA,NA,NA,""
"356",20711,363,"Rural Municipality","Madhesh Province","Bara","Aadarsha Kotwal Rural Municipality",0,0,5,0,0,0,5,0,5,NA,NA,NA,NA,NA,NA,NA,NA,""
"357",20710,364,"Rural Municipality","Madhesh Province","Bara","Baragadhi Rural Municipality",0,0,6,0,0,0,6,0,6,NA,NA,NA,NA,NA,NA,NA,NA,""
"358",20706,365,"Rural Municipality","Madhesh Province","Bara","Bishrampur Rural Municipality",0,0,4,0,0,0,4,0,4,NA,NA,NA,NA,NA,NA,NA,NA,""
"359",20715,366,"Rural Municipality","Madhesh Province","Bara","Devtal Rural Municipality",0,0,4,0,0,0,4,0,4,NA,NA,NA,NA,NA,NA,NA,NA,""
"360",20703,367,"Sub-Metropolitan City","Madhesh Province","Bara","Jitpur Simara Sub-Metropolitan City",0,1,8,0,1,0,10,5,15,NA,NA,NA,NA,NA,NA,NA,NA,""
"361",20708,368,"Sub-Metropolitan City","Madhesh Province","Bara","Kalaiya Sub-Metropolitan City",1,0,13,1,0,1,16,12,28,NA,NA,NA,NA,NA,NA,NA,NA,""
"362",20709,369,"Rural Municipality","Madhesh Province","Bara","Karaiyamai Rural Municipality",0,0,6,0,0,0,6,0,6,NA,NA,NA,NA,NA,NA,NA,NA,""
"363",20702,370,"Municipality ","Madhesh Province","Bara","Kolhabi Municipality",0,1,6,1,1,0,9,2,11,NA,NA,NA,NA,NA,NA,NA,NA,""
"364",20714,371,"Municipality ","Madhesh Province","Bara","Mahagadhimai Municipality",0,1,8,1,1,0,11,0,11,NA,NA,NA,NA,NA,NA,NA,NA,""
"365",20701,372,"Municipality ","Madhesh Province","Bara","Nijagadh Municipality",0,1,3,1,0,0,5,3,8,NA,NA,NA,NA,NA,NA,NA,NA,""
"366",20713,373,"Municipality ","Madhesh Province","Bara","Pacharauta Municipality",0,0,7,0,0,0,7,0,7,NA,NA,NA,NA,NA,NA,NA,NA,""
"367",20704,374,"Rural Municipality","Madhesh Province","Bara","Parawanipur Rural Municipality",0,0,4,0,0,0,4,0,4,NA,NA,NA,NA,NA,NA,NA,NA,""
"368",20707,375,"Rural Municipality","Madhesh Province","Bara","Pheta Rural Municipality",0,0,4,0,0,0,4,0,4,NA,NA,NA,NA,NA,NA,NA,NA,""
"369",20705,376,"Rural Municipality","Madhesh Province","Bara","Prasauni Rural Municipality",0,0,3,0,0,0,3,0,3,NA,NA,NA,NA,NA,NA,NA,NA,""
"370",20712,377,"Municipality ","Madhesh Province","Bara","Simroungadh Municipality",0,0,8,1,0,0,9,0,9,NA,NA,NA,NA,NA,NA,NA,NA,""
"371",20716,378,"Rural Municipality","Madhesh Province","Bara","Subarna Rural Municipality",0,1,5,0,0,0,6,0,6,NA,NA,NA,NA,NA,NA,NA,NA,""
"372",20808,380,"Municipality ","Madhesh Province","Parsa","Bahudarmai Municipality",0,0,7,0,0,0,7,0,7,NA,NA,NA,NA,NA,NA,NA,NA,""
"373",20814,381,"Rural Municipality","Madhesh Province","Parsa","Bindabasini Rural Municipality",0,0,4,0,0,0,4,0,4,NA,NA,NA,NA,NA,NA,NA,NA,""
"374",20807,382,"Metropolitan City","Madhesh Province","Parsa","Birgunj Metropolitan City",1,1,16,4,0,1,23,34,57,NA,NA,NA,NA,NA,NA,NA,NA,""
"375",20812,383,"Rural Municipality","Madhesh Province","Parsa","Chhipaharmai Rural Municipality",0,0,5,0,0,0,5,0,5,NA,NA,NA,NA,NA,NA,NA,NA,""
"376",20811,384,"Rural Municipality","Madhesh Province","Parsa","Dhobini Rural Municipality",0,1,4,0,0,0,5,0,5,NA,NA,NA,NA,NA,NA,NA,NA,""
"377",20803,385,"Rural Municipality","Madhesh Province","Parsa","Jagarnathpur Rural Municipality",0,0,6,0,0,0,6,0,6,NA,NA,NA,NA,NA,NA,NA,NA,""
"378",20802,386,"Rural Municipality","Madhesh Province","Parsa","Jirabhawani Rural Municipality",0,0,5,0,0,0,5,0,5,NA,NA,NA,NA,NA,NA,NA,NA,""
"379",20810,387,"Rural Municipality","Madhesh Province","Parsa","Kalikamai Rural Municipality",0,0,5,0,0,0,5,0,5,NA,NA,NA,NA,NA,NA,NA,NA,""
"380",20813,388,"Rural Municipality","Madhesh Province","Parsa","Pakaha Mainpur Rural Municipality",0,0,5,0,0,0,5,0,5,NA,NA,NA,NA,NA,NA,NA,NA,""
"381",20806,389,"Municipality ","Madhesh Province","Parsa","Parsagadhi Municipality",0,1,4,0,0,0,5,0,5,NA,NA,NA,NA,NA,NA,NA,NA,""
"382",20804,390,"Rural Municipality","Madhesh Province","Parsa","Paterwa Sugauli Rural Municipality",0,0,4,0,0,0,4,0,4,NA,NA,NA,NA,NA,NA,NA,NA,""
"383",20809,391,"Municipality ","Madhesh Province","Parsa","Pokhariya Municipality",1,0,5,0,0,0,6,0,6,NA,NA,NA,NA,NA,NA,NA,NA,""
"384",20805,392,"Rural Municipality","Madhesh Province","Parsa","Sakhuwa Prasauni Rural Municipality",0,0,6,0,0,0,6,0,6,NA,NA,NA,NA,NA,NA,NA,NA,""
"385",20801,393,"Rural Municipality","Madhesh Province","Parsa","Thori Rural Municipality",0,0,3,0,0,0,3,0,3,NA,NA,NA,NA,NA,NA,NA,NA,""
"386",31304,396,"Metropolitan City","Bagmati Province","Chitwan","Bharatpur Metropolitan City",2,1,13,8,1,1,26,62,88,NA,NA,NA,NA,NA,NA,NA,NA,""
"387",31303,397,"Rural Municipality","Bagmati Province","Chitwan","Ichchha Kamana Rural Municipality",0,0,5,0,0,0,5,0,5,NA,NA,NA,NA,NA,NA,NA,NA,""
"388",31302,398,"Municipality ","Bagmati Province","Chitwan","Kalika Municipality",0,1,3,0,0,0,4,0,4,NA,NA,NA,NA,NA,NA,NA,NA,""
"389",31306,399,"Municipality ","Bagmati Province","Chitwan","Khairahani Municipality",0,1,3,0,0,0,4,3,7,NA,NA,NA,NA,NA,NA,NA,NA,""
"390",31307,400,"Municipality ","Bagmati Province","Chitwan","Madi Municipality",1,0,3,4,1,0,9,1,10,NA,NA,NA,NA,NA,NA,NA,NA,""
"391",31301,401,"Municipality ","Bagmati Province","Chitwan","Rapti Municipality",0,0,6,0,1,0,7,0,7,NA,NA,NA,NA,NA,NA,NA,NA,""
"392",31305,402,"Municipality ","Bagmati Province","Chitwan","Ratnanagar Municipality",1,0,3,3,1,0,8,5,13,NA,NA,NA,NA,NA,NA,NA,NA,""
"393",40105,404,"Rural Municipality","Gandaki Province","Gorkha","Aarughat Rural Municipality",0,1,4,0,0,0,5,2,7,NA,NA,NA,NA,NA,NA,NA,NA,""
"394",40102,405,"Rural Municipality","Gandaki Province","Gorkha","Ajirkot Rural Municipality",0,0,5,0,0,0,5,0,5,NA,NA,NA,NA,NA,NA,NA,NA,""
"395",40106,406,"Rural Municipality","Gandaki Province","Gorkha","Bhimsen Rural Municipality",0,0,6,0,0,0,6,0,6,NA,NA,NA,NA,NA,NA,NA,NA,""
"396",40101,407,"Rural Municipality","Gandaki Province","Gorkha","Chumanubri Rural Municipality",0,0,7,0,0,0,7,2,9,NA,NA,NA,NA,NA,NA,NA,NA,""
"397",40104,408,"Rural Municipality","Gandaki Province","Gorkha","Dharche Rural Municipality",0,0,7,0,0,3,10,0,10,NA,NA,NA,NA,NA,NA,NA,NA,""
"398",40111,409,"Rural Municipality","Gandaki Province","Gorkha","Gandaki Rural Municipality",0,1,5,0,0,0,6,0,6,NA,NA,NA,NA,NA,NA,NA,NA,""
"399",40109,410,"Municipality ","Gandaki Province","Gorkha","Gorkha Municipality",1,0,6,3,0,1,11,3,14,NA,NA,NA,NA,NA,NA,NA,NA,""
"400",40108,411,"Municipality ","Gandaki Province","Gorkha","Palungtar Municipality",0,0,7,0,0,0,7,3,10,NA,NA,NA,NA,NA,NA,NA,NA,""
"401",40110,412,"Rural Municipality","Gandaki Province","Gorkha","Shahid Lakhan Rural Municipality",0,0,6,0,0,1,7,0,7,NA,NA,NA,NA,NA,NA,NA,NA,""
"402",40107,413,"Rural Municipality","Gandaki Province","Gorkha","Siranchowk Rural Municipality",0,1,6,0,1,0,8,0,8,NA,NA,NA,NA,NA,NA,NA,NA,""
"403",40103,414,"Rural Municipality","Gandaki Province","Gorkha","Sulikot Rural Municipality",0,0,7,0,0,1,8,0,8,NA,NA,NA,NA,NA,NA,NA,NA,""
"404",40605,415,"Municipality ","Gandaki Province","Lamjung","Besi Shahar Municipality",1,0,7,3,2,0,13,11,24,NA,NA,NA,NA,NA,NA,NA,NA,""
"405",40601,416,"Rural Municipality","Gandaki Province","Lamjung","Dordi Rural Municipality",0,0,9,0,0,0,9,0,9,NA,NA,NA,NA,NA,NA,NA,NA,""
"406",40608,417,"Rural Municipality","Gandaki Province","Lamjung","Dudhapokhari Rural Municipality",0,1,4,0,0,0,5,0,5,NA,NA,NA,NA,NA,NA,NA,NA,""
"407",40603,418,"Rural Municipality","Gandaki Province","Lamjung","Kwhola Sothar Rural Municipality",0,0,7,0,3,0,10,0,10,NA,NA,NA,NA,NA,NA,NA,NA,""
"408",40602,420,"Rural Municipality","Gandaki Province","Lamjung","Marshyangdi Rural Municipality",0,0,7,0,5,0,12,0,12,NA,NA,NA,NA,NA,NA,NA,NA,""
"409",40604,419,"Municipality ","Gandaki Province","Lamjung","Madhya Nepal Municipality",0,0,10,3,1,0,14,1,15,NA,NA,NA,NA,NA,NA,NA,NA,""
"410",40607,421,"Municipality ","Gandaki Province","Lamjung","Rainas Municipality",0,0,6,0,0,0,6,1,7,NA,NA,NA,NA,NA,NA,NA,NA,""
"411",40606,422,"Municipality ","Gandaki Province","Lamjung","Sundarbazar Municipality",1,1,8,2,0,0,12,4,16,NA,NA,NA,NA,NA,NA,NA,NA,""
"412",40710,423,"Rural Municipality","Gandaki Province","Tanahu","Aanbu Khaireni Rural Municipality",0,0,3,0,0,0,3,3,6,NA,NA,NA,NA,NA,NA,NA,NA,""
"413",40709,424,"Rural Municipality","Gandaki Province","Tanahu","Bandipur Rural Municipality",1,0,1,1,1,0,4,2,6,NA,NA,NA,NA,NA,NA,NA,NA,""
"414",40701,425,"Municipality ","Gandaki Province","Tanahu","Bhanu Municipality",0,1,6,0,2,0,9,3,12,NA,NA,NA,NA,NA,NA,NA,NA,""
"415",40705,426,"Municipality ","Gandaki Province","Tanahu","Bhimad Municipality",0,1,4,0,3,0,8,1,9,NA,NA,NA,NA,NA,NA,NA,NA,""
"416",40702,427,"Municipality ","Gandaki Province","Tanahu","Byas Municipality",1,0,10,4,0,0,15,9,24,NA,NA,NA,NA,NA,NA,NA,NA,""
"417",40708,428,"Rural Municipality","Gandaki Province","Tanahu","Devghat Rural Municipality",0,0,5,0,1,0,6,1,7,NA,NA,NA,NA,NA,NA,NA,NA,""
"418",40706,429,"Rural Municipality","Gandaki Province","Tanahu","Ghiring Rural Municipality",0,0,3,0,2,0,5,0,5,NA,NA,NA,NA,NA,NA,NA,NA,""
"419",40703,430,"Rural Municipality","Gandaki Province","Tanahu","Myagde Rural Municipality",0,0,3,0,0,0,3,0,3,NA,NA,NA,NA,NA,NA,NA,NA,""
"420",40707,431,"Rural Municipality","Gandaki Province","Tanahu","Rhishing Rural Municipality",0,0,5,0,0,0,5,0,5,NA,NA,NA,NA,NA,NA,NA,NA,""
"421",40704,432,"Municipality ","Gandaki Province","Tanahu","Shuklagandaki Municipality",1,0,6,3,1,0,11,6,17,NA,NA,NA,NA,NA,NA,NA,NA,""
"422",40903,433,"Rural Municipality","Gandaki Province","Syangja","Aandhikhola Rural Municipality",0,1,5,0,0,0,6,0,6,NA,NA,NA,NA,NA,NA,NA,NA,""
"423",40904,434,"Rural Municipality","Gandaki Province","Syangja","Arjun Choupari Rural Municipality",0,0,4,0,0,0,4,0,4,NA,NA,NA,NA,NA,NA,NA,NA,""
"424",40905,435,"Municipality ","Gandaki Province","Syangja","Bhirkot Municipaity",0,0,6,0,0,0,6,1,7,NA,NA,NA,NA,NA,NA,NA,NA,""
"425",40906,436,"Rural Municipality","Gandaki Province","Syangja","Biruwa Rural Municipality",0,0,6,0,2,0,8,0,8,NA,NA,NA,NA,NA,NA,NA,NA,""
"426",40908,437,"Municipality ","Gandaki Province","Syangja","Chapakot Municipality",1,0,5,1,2,0,9,1,10,NA,NA,NA,NA,NA,NA,NA,NA,""
"427",40910,438,"Municipality ","Gandaki Province","Syangja","Galyang Municipality",0,1,8,0,0,0,9,1,10,NA,NA,NA,NA,NA,NA,NA,NA,""
"428",40907,439,"Rural Municipality","Gandaki Province","Syangja","Harinas Rural Municipality",0,0,3,0,1,0,4,0,4,NA,NA,NA,NA,NA,NA,NA,NA,""
"429",40911,440,"Rural Municipality","Gandaki Province","Syangja","Kaligandaki Rural Municipality",0,0,4,0,0,0,4,0,4,NA,NA,NA,NA,NA,NA,NA,NA,""
"430",40902,441,"Rural Municipality","Gandaki Province","Syangja","Phedikhola Rural Municipality",0,0,4,0,1,0,5,0,5,NA,NA,NA,NA,NA,NA,NA,NA,""
"431",40901,442,"Municipality ","Gandaki Province","Syangja","Putalibazar Municipality",1,0,10,2,0,0,13,1,14,NA,NA,NA,NA,NA,NA,NA,NA,""
"432",40909,443,"Municipality ","Gandaki Province","Syangja","Walling Municipality",0,1,9,7,0,0,17,0,17,NA,NA,NA,NA,NA,NA,NA,NA,""
"433",40503,444,"Rural Municipality","Gandaki Province","Kaski","Annapurna Rural Municipality",0,0,5,0,0,0,5,0,5,NA,NA,NA,NA,NA,NA,NA,NA,""
"434",40502,445,"Rural Municipality","Gandaki Province","Kaski","Machhapuchchhre Rural Municipality",0,1,7,0,0,0,8,0,8,NA,NA,NA,NA,NA,NA,NA,NA,""
"435",40501,446,"Rural Municipality","Gandaki Province","Kaski","Madi Rural Municipality",0,1,7,0,0,0,8,0,8,NA,NA,NA,NA,NA,NA,NA,NA,""
"436",40504,447,"Metropolitan City","Gandaki Province","Kaski","Pokhara Lekhnath Metropolitan City",2,2,21,18,0,3,46,21,67,NA,NA,NA,NA,NA,NA,NA,NA,""
"437",40505,448,"Rural Municipality","Gandaki Province","Kaski","Rupa Rural Municipality",0,0,5,0,0,0,5,0,5,NA,NA,NA,NA,NA,NA,NA,NA,""
"438",40203,449,"Rural Municipality","Gandaki Province","Manang","Chame Rural Municipality",1,0,1,0,0,0,2,1,3,NA,NA,NA,NA,NA,NA,NA,NA,""
"439",40201,450,"Rural Municipality","Gandaki Province","Manang","Naraphu Rural Municipality",0,0,2,0,0,0,2,0,2,NA,NA,NA,NA,NA,NA,NA,NA,""
"440",40204,451,"Rural Municipality","Gandaki Province","Manang","Nashong Rural Municipality",0,0,3,0,1,0,4,1,5,NA,NA,NA,NA,NA,NA,NA,NA,""
"441",40202,452,"Rural Municipality","Gandaki Province","Manang","Neshang Rural Municipality",0,0,7,0,1,0,8,0,8,NA,NA,NA,NA,NA,NA,NA,NA,""
"442",40303,453,"Rural Municipality","Gandaki Province","Mustang","Bahragaun Muktikshetra Rural Municipality",0,0,4,0,0,0,4,0,4,NA,NA,NA,NA,NA,NA,NA,NA,""
"443",40301,454,"Rural Municipality","Gandaki Province","Mustang","Dalome Rural Municipality",0,0,3,0,0,0,3,0,3,NA,NA,NA,NA,NA,NA,NA,NA,""
"444",40302,455,"Rural Municipality","Gandaki Province","Mustang","Gharpajhong Rural Municipality",1,0,2,0,0,0,3,0,3,NA,NA,NA,NA,NA,NA,NA,NA,""
"445",40304,456,"Rural Municipality","Gandaki Province","Mustang","Lomanthang Rural Municipality",0,0,3,0,0,0,3,0,3,NA,NA,NA,NA,NA,NA,NA,NA,""
"446",40305,457,"Rural Municipality","Gandaki Province","Mustang","Thasang Rural Municipality",0,1,3,0,0,0,4,0,4,NA,NA,NA,NA,NA,NA,NA,NA,""
"447",40401,458,"Rural Municipality","Gandaki Province","Myagdi","Annapurna Rural Municipality",0,0,8,0,1,0,9,0,9,NA,NA,NA,NA,NA,NA,NA,NA,""
"448",40406,459,"Municipality ","Gandaki Province","Myagdi","Beni Municipality",1,0,7,0,3,1,12,1,13,NA,NA,NA,NA,NA,NA,NA,NA,""
"449",40403,460,"Rural Municipality","Gandaki Province","Myagdi","Dhawalagiri Rural Municipality",0,0,7,0,2,0,9,0,9,NA,NA,NA,NA,NA,NA,NA,NA,""
"450",40404,461,"Rural Municipality","Gandaki Province","Myagdi","Malika Rural Municipality",0,1,5,0,1,0,7,0,7,NA,NA,NA,NA,NA,NA,NA,NA,""
"451",40405,462,"Rural Municipality","Gandaki Province","Myagdi","Mangala Rural Municipality",0,0,4,0,3,0,7,0,7,NA,NA,NA,NA,NA,NA,NA,NA,""
"452",40402,463,"Rural Municipality","Gandaki Province","Myagdi","Raghuganga Rural Municipality",0,0,8,0,0,0,8,0,8,NA,NA,NA,NA,NA,NA,NA,NA,""
"453",41006,465,"Rural Municipality","Gandaki Province","Parbat","Bihadi Rural Municipality",0,0,6,0,0,0,6,0,6,NA,NA,NA,NA,NA,NA,NA,NA,""
"454",41002,466,"Rural Municipality","Gandaki Province","Parbat","Jaljala Rural Municipality",0,0,7,0,0,0,7,0,7,NA,NA,NA,NA,NA,NA,NA,NA,""
"455",41003,467,"Municipality ","Gandaki Province","Parbat","Kushma Municipality",1,1,9,0,0,1,12,3,15,NA,NA,NA,NA,NA,NA,NA,NA,""
"456",41005,468,"Rural Municipality","Gandaki Province","Parbat","Mahashila Rural Municipality",0,1,5,0,0,0,6,0,6,NA,NA,NA,NA,NA,NA,NA,NA,""
"457",41001,469,"Rural Municipality","Gandaki Province","Parbat","Modi Rural Municipality",0,0,8,0,0,0,8,0,8,NA,NA,NA,NA,NA,NA,NA,NA,""
"458",41007,470,"Rural Municipality","Gandaki Province","Parbat","Paiyu Rural Municipality",0,0,6,0,0,0,6,0,6,NA,NA,NA,NA,NA,NA,NA,NA,""
"459",41004,471,"Municipality ","Gandaki Province","Parbat","Phalebas Municipality",0,0,11,0,0,0,11,1,12,NA,NA,NA,NA,NA,NA,NA,NA,""
"460",41107,472,"Rural Municipality","Gandaki Province","Baglung","Badigad Rural Municipality",0,0,7,0,0,0,7,0,7,NA,NA,NA,NA,NA,NA,NA,NA,""
"461",41101,473,"Municipality ","Gandaki Province","Baglung","Baglung Municipality",1,0,10,4,0,1,16,4,20,NA,NA,NA,NA,NA,NA,NA,NA,""
"462",41109,474,"Rural Municipality","Gandaki Province","Baglung","Bareng Rural Municipality",0,0,5,0,0,0,5,0,5,NA,NA,NA,NA,NA,NA,NA,NA,""
"463",41105,475,"Municipality ","Gandaki Province","Baglung","Dhorpatan Municipality",0,1,3,0,0,0,4,0,4,NA,NA,NA,NA,NA,NA,NA,NA,""
"464",41108,476,"Municipality ","Gandaki Province","Baglung","Galkot Municipality",0,1,7,0,0,0,8,2,10,NA,NA,NA,NA,NA,NA,NA,NA,""
"465",41110,477,"Municipality ","Gandaki Province","Baglung","Jaimuni Municipality",0,1,8,0,0,0,9,0,9,NA,NA,NA,NA,NA,NA,NA,NA,""
"466",41102,478,"Rural Municipality","Gandaki Province","Baglung","Kathekhola Rural Municipality",0,0,7,0,0,0,7,0,7,NA,NA,NA,NA,NA,NA,NA,NA,""
"467",41106,479,"Rural Municipality","Gandaki Province","Baglung","Nisikhola Rural Municipality",0,0,4,0,0,0,4,0,4,NA,NA,NA,NA,NA,NA,NA,NA,""
"468",41104,480,"Rural Municipality","Gandaki Province","Baglung","Tamankhola Rural Municipality",0,0,3,0,0,0,3,0,3,NA,NA,NA,NA,NA,NA,NA,NA,""
"469",41103,481,"Rural Municipality","Gandaki Province","Baglung","Tarakhola Rural Municipality",0,0,4,0,0,0,4,0,4,NA,NA,NA,NA,NA,NA,NA,NA,""
"470",50403,483,"Rural Municipality","Lumbini Province","Gulmi","Chandrakot Rural Municipality",0,0,8,0,1,0,9,1,10,NA,NA,NA,NA,NA,NA,NA,NA,""
"471",50411,484,"Rural Municipality","Lumbini Province","Gulmi","Chhatrakot Rural Municipality",0,1,5,0,1,0,7,0,7,NA,NA,NA,NA,NA,NA,NA,NA,""
"472",50408,485,"Rural Municipality","Lumbini Province","Gulmi","Dhurkot Rural Municipality",0,1,6,0,1,0,8,0,8,NA,NA,NA,NA,NA,NA,NA,NA,""
"473",50410,486,"Rural Municipality","Lumbini Province","Gulmi","Gulmi Durbar Rural Municipality",0,0,6,0,0,0,6,0,6,NA,NA,NA,NA,NA,NA,NA,NA,""
"474",50405,487,"Rural Municipality","Lumbini Province","Gulmi","Isma Rural Municipality",0,0,5,0,0,0,5,0,5,NA,NA,NA,NA,NA,NA,NA,NA,""
"475",50401,488,"Rural Municipality","Lumbini Province","Gulmi","Kali Gandaki Rural Municipality",0,0,7,0,0,0,7,0,7,NA,NA,NA,NA,NA,NA,NA,NA,""
"476",50407,489,"Rural Municipality","Lumbini Province","Gulmi","Madane Rural Municipality",0,0,7,0,0,0,7,0,7,NA,NA,NA,NA,NA,NA,NA,NA,""
"477",50406,490,"Rural Municipality","Lumbini Province","Gulmi","Malika Rural Municipality",0,0,8,0,0,0,8,0,8,NA,NA,NA,NA,NA,NA,NA,NA,""
"478",50404,491,"Municipality ","Lumbini Province","Gulmi","Musikot Municipality",0,0,7,2,2,0,11,3,14,NA,NA,NA,NA,NA,NA,NA,NA,""
"479",50409,492,"Municipality ","Lumbini Province","Gulmi","Resunga Municipality",1,0,4,5,0,0,10,2,12,NA,NA,NA,NA,NA,NA,NA,NA,""
"480",50412,493,"Rural Municipality","Lumbini Province","Gulmi","Ruru Rural Municipality",0,1,6,0,0,0,7,0,7,NA,NA,NA,NA,NA,NA,NA,NA,""
"481",50402,494,"Rural Municipality","Lumbini Province","Gulmi","Satyawoti Rural Municipality",0,1,7,0,0,0,8,0,8,NA,NA,NA,NA,NA,NA,NA,NA,""
"482",50604,495,"Rural Municipality","Lumbini Province","Palpa","Baganaskali Rural Municipality",0,0,9,0,0,0,9,0,9,NA,NA,NA,NA,NA,NA,NA,NA,""
"483",50609,496,"Rural Municipality","Lumbini Province","Palpa","Mathagadhi Rural Municipality",0,0,7,0,1,0,8,0,8,NA,NA,NA,NA,NA,NA,NA,NA,""
"484",50610,497,"Rural Municipality","Lumbini Province","Palpa","Nisdi Rural Municipality",0,0,7,0,0,0,7,0,7,NA,NA,NA,NA,NA,NA,NA,NA,""
"485",50602,498,"Rural Municipality","Lumbini Province","Palpa","Purbakhola Rural Municipality",0,0,6,0,1,0,7,0,7,NA,NA,NA,NA,NA,NA,NA,NA,""
"486",50607,499,"Rural Municipality","Lumbini Province","Palpa","Rainadevi Chhahara Rural Municipality",0,0,8,0,0,0,8,0,8,NA,NA,NA,NA,NA,NA,NA,NA,""
"487",50603,500,"Rural Municipality","Lumbini Province","Palpa","Rambha Rural Municipality",0,1,4,0,0,0,5,0,5,NA,NA,NA,NA,NA,NA,NA,NA,""
"488",50601,501,"Municipality ","Lumbini Province","Palpa","Rampur Municipality",1,0,4,2,1,0,8,0,8,NA,NA,NA,NA,NA,NA,NA,NA,""
"489",50606,502,"Rural Municipality","Lumbini Province","Palpa","Ribdikot Rural Municipality",0,1,7,0,2,0,10,0,10,NA,NA,NA,NA,NA,NA,NA,NA,""
"490",50605,503,"Municipality ","Lumbini Province","Palpa","Tansen Municipality",1,0,6,2,1,1,11,6,17,NA,NA,NA,NA,NA,NA,NA,NA,""
"491",50608,504,"Rural Municipality","Lumbini Province","Palpa","Tinau Rural Municipality",0,0,4,0,1,0,5,0,5,NA,NA,NA,NA,NA,NA,NA,NA,""
"492",50701,505,"Municipality ","Lumbini Province","Nawalparasi West","Bardaghat Municipality",1,0,4,1,1,0,7,6,13,NA,NA,NA,NA,NA,NA,NA,NA,""
"493",50704,506,"Rural Municipality","Lumbini Province","Nawalparasi West","Palhinandan Rural Municipality",0,1,5,0,0,0,6,0,6,NA,NA,NA,NA,NA,NA,NA,NA,""
"494",50706,507,"Rural Municipality","Lumbini Province","Nawalparasi West","Pratapapur Rural Municipality",0,1,6,0,0,0,7,0,7,NA,NA,NA,NA,NA,NA,NA,NA,""
"495",50703,508,"Municipality ","Lumbini Province","Nawalparasi West","Ramgram Municipality",1,0,8,2,0,0,11,4,15,NA,NA,NA,NA,NA,NA,NA,NA,""
"496",50705,509,"Rural Municipality","Lumbini Province","Nawalparasi West","Sarawal Rural Municipality",0,0,6,0,1,0,7,0,7,NA,NA,NA,NA,NA,NA,NA,NA,""
"497",50702,510,"Municipality ","Lumbini Province","Nawalparasi West","Sunawal Municipality",0,0,3,1,0,0,4,1,5,NA,NA,NA,NA,NA,NA,NA,NA,""
"498",50707,511,"Rural Municipality","Lumbini Province","Nawalparasi West","Susta Rural Municipality",0,0,4,0,1,0,5,0,5,NA,NA,NA,NA,NA,NA,NA,NA,""
"499",50802,512,"Sub-Metropolitan City","Lumbini Province","Rupandehi","Butwal Sub-Metropolitan City",1,0,2,6,0,1,10,38,48,NA,NA,NA,NA,NA,NA,NA,NA,""
"500",50801,513,"Municipality ","Lumbini Province","Rupandehi","Devdaha Municipality",0,0,3,1,1,0,5,1,6,NA,NA,NA,NA,NA,NA,NA,NA,""
"501",50805,514,"Rural Municipality","Lumbini Province","Rupandehi","Gaidahawa Rural Municipality",0,0,4,0,0,0,4,0,4,NA,NA,NA,NA,NA,NA,NA,NA,""
"502",50804,515,"Rural Municipality","Lumbini Province","Rupandehi","Kanchan Rural Municipality",0,0,2,0,0,0,2,0,2,NA,NA,NA,NA,NA,NA,NA,NA,""
"503",50814,516,"Rural Municipality","Lumbini Province","Rupandehi","Kotahimai Rural Municipality",0,0,6,0,0,0,6,0,6,NA,NA,NA,NA,NA,NA,NA,NA,""
"504",50816,518,"Rural Municipality","Lumbini Province","Rupandehi","Marchawari Rural Municipality",0,1,3,0,0,0,4,1,5,NA,NA,NA,NA,NA,NA,NA,NA,""
"505",50812,519,"Rural Municipality","Lumbini Province","Rupandehi","Mayadevi Rural Municipality",0,0,4,0,0,0,4,0,4,NA,NA,NA,NA,NA,NA,NA,NA,""
"506",50809,520,"Rural Municipality","Lumbini Province","Rupandehi","Om Satiya Rural Municipality",0,1,4,0,1,0,6,0,6,NA,NA,NA,NA,NA,NA,NA,NA,""
"507",50810,521,"Rural Municipality","Lumbini Province","Rupandehi","Rohini Rural Municipality",0,1,5,0,0,0,6,0,6,NA,NA,NA,NA,NA,NA,NA,NA,""
"508",50803,522,"Municipality ","Lumbini Province","Rupandehi","Sainamaina Municipality",0,0,3,1,0,0,4,1,5,NA,NA,NA,NA,NA,NA,NA,NA,""
"509",50815,523,"Rural Municipality","Lumbini Province","Rupandehi","Sammarimai Rural Municipality",0,0,6,0,0,0,6,0,6,NA,NA,NA,NA,NA,NA,NA,NA,""
"510",50811,524,"Municipality ","Lumbini Province","Rupandehi","Siddharthanagar Municipality",1,0,0,2,0,1,4,26,30,NA,NA,NA,NA,NA,NA,NA,NA,""
"511",50807,525,"Rural Municipality","Lumbini Province","Rupandehi","Siyari Rural Municipality",0,0,5,0,1,0,6,0,6,NA,NA,NA,NA,NA,NA,NA,NA,""
"512",50806,526,"Rural Municipality","Lumbini Province","Rupandehi","Suddhodhan Rural Municipality",0,1,3,0,0,0,4,0,4,NA,NA,NA,NA,NA,NA,NA,NA,""
"513",50808,527,"Municipality ","Lumbini Province","Rupandehi","Tilottama Municipality",0,0,7,3,0,0,10,1,11,NA,NA,NA,NA,NA,NA,NA,NA,""
"514",50813,517,"Municipality ","Lumbini Province","Rupandehi","Lumbini Sanskritik Municipality",0,1,7,1,0,0,9,0,9,NA,NA,NA,NA,NA,NA,NA,NA,""
"515",50901,529,"Municipality ","Lumbini Province","Kapilbastu","Banganga Municipality",1,0,6,1,1,0,9,4,13,NA,NA,NA,NA,NA,NA,NA,NA,""
"516",50904,530,"Rural Municipality","Lumbini Province","Kapilbastu","Bijayanagar Rural Municipality",0,0,4,0,1,0,5,0,5,NA,NA,NA,NA,NA,NA,NA,NA,""
"517",50902,531,"Municipality ","Lumbini Province","Kapilbastu","Buddhabhumi Municipality",0,0,10,1,0,0,11,0,11,NA,NA,NA,NA,NA,NA,NA,NA,""
"518",50907,532,"Municipality ","Lumbini Province","Kapilbastu","Kapilbastu Municipality",1,0,7,1,0,1,10,9,19,NA,NA,NA,NA,NA,NA,NA,NA,""
"519",50905,533,"Municipality ","Lumbini Province","Kapilbastu","Krishnanagar Municipality",1,0,9,1,0,0,11,0,11,NA,NA,NA,NA,NA,NA,NA,NA,""
"520",50906,534,"Municipality ","Lumbini Province","Kapilbastu","Maharajganj Municipality",0,1,8,0,0,0,9,0,9,NA,NA,NA,NA,NA,NA,NA,NA,""
"521",50909,535,"Rural Municipality","Lumbini Province","Kapilbastu","Mayadevi Rural Municipality",0,1,7,0,0,0,8,0,8,NA,NA,NA,NA,NA,NA,NA,NA,""
"522",50903,536,"Municipality ","Lumbini Province","Kapilbastu","Shivaraj Municipality",0,0,8,1,1,0,10,2,12,NA,NA,NA,NA,NA,NA,NA,NA,""
"523",50910,537,"Rural Municipality","Lumbini Province","Kapilbastu","Shuddhodhan Rural Municipality",0,0,6,0,1,0,7,1,8,NA,NA,NA,NA,NA,NA,NA,NA,""
"524",50908,538,"Rural Municipality","Lumbini Province","Kapilbastu","Yasodhara Rural Municipality",0,0,8,0,0,0,8,0,8,NA,NA,NA,NA,NA,NA,NA,NA,""
"525",50503,539,"Municipality ","Lumbini Province","Arghakhanchi","Bhumikasthan Municipality",0,0,7,0,1,0,8,0,8,NA,NA,NA,NA,NA,NA,NA,NA,""
"526",50501,540,"Rural Municipality","Lumbini Province","Arghakhanchi","Chhatradev Rural Municipality",0,1,6,0,0,0,7,0,7,NA,NA,NA,NA,NA,NA,NA,NA,""
"527",50502,541,"Rural Municipality","Lumbini Province","Arghakhanchi","Malarani Rural Municipality",0,0,6,0,2,0,8,0,8,NA,NA,NA,NA,NA,NA,NA,NA,""
"528",50505,542,"Rural Municipality","Lumbini Province","Arghakhanchi","Panini Rural Municipality",0,0,8,0,1,0,9,1,10,NA,NA,NA,NA,NA,NA,NA,NA,""
"529",50504,543,"Municipality ","Lumbini Province","Arghakhanchi","Sandhikharka Municipality",1,0,6,1,0,0,8,6,14,NA,NA,NA,NA,NA,NA,NA,NA,""
"530",50506,544,"Municipality ","Lumbini Province","Arghakhanchi","Shitaganga Municipality",0,1,6,0,0,0,7,0,7,NA,NA,NA,NA,NA,NA,NA,NA,""
"531",50308,545,"Rural Municipality","Lumbini Province","Pyuthan","Aairawati Rural Municipality",0,0,6,0,0,0,6,0,6,NA,NA,NA,NA,NA,NA,NA,NA,""
"532",50301,546,"Rural Municipality","Lumbini Province","Pyuthan","Gaumukhi Rural Municipality",0,0,6,0,1,0,7,0,7,NA,NA,NA,NA,NA,NA,NA,NA,""
"533",50303,547,"Rural Municipality","Lumbini Province","Pyuthan","Jhimaruk Rural Municipality",0,0,5,0,0,0,5,0,5,NA,NA,NA,NA,NA,NA,NA,NA,""
"534",50307,548,"Rural Municipality","Lumbini Province","Pyuthan","Mallarani Rural Municipality",0,1,3,1,1,0,6,0,6,NA,NA,NA,NA,NA,NA,NA,NA,""
"535",50306,549,"Rural Municipality","Lumbini Province","Pyuthan","Mandavi Rural Municipality",0,0,5,0,0,0,5,0,5,NA,NA,NA,NA,NA,NA,NA,NA,""
"536",50302,550,"Rural Municipality","Lumbini Province","Pyuthan","Naubahini Rural Municipality",0,0,6,0,3,0,9,0,9,NA,NA,NA,NA,NA,NA,NA,NA,""
"537",50304,551,"Municipality ","Lumbini Province","Pyuthan","Pyuthan Municipality",1,0,6,2,0,0,9,5,14,NA,NA,NA,NA,NA,NA,NA,NA,""
"538",50309,552,"Rural Municipality","Lumbini Province","Pyuthan","Sarumarani Rural Municipality",0,0,3,0,1,0,4,0,4,NA,NA,NA,NA,NA,NA,NA,NA,""
"539",50305,553,"Municipality ","Lumbini Province","Pyuthan","Sworgadwari Municipality",0,1,6,0,0,0,7,0,7,NA,NA,NA,NA,NA,NA,NA,NA,""
"540",50203,554,"Rural Municipality","Lumbini Province","Rolpa","Paribartan Rural Municipality",0,0,5,0,3,0,8,0,8,NA,NA,NA,NA,NA,NA,NA,NA,""
"541",50210,555,"Rural Municipality","Lumbini Province","Rolpa","Lungri Rural Municipality",0,0,5,0,1,0,6,0,6,NA,NA,NA,NA,NA,NA,NA,NA,""
"542",50205,556,"Rural Municipality","Lumbini Province","Rolpa","Madi Rural Municipality",0,0,4,0,2,0,6,1,7,NA,NA,NA,NA,NA,NA,NA,NA,""
"543",50207,557,"Municipality ","Lumbini Province","Rolpa","Rolpa Municipality",1,0,7,8,0,0,16,2,18,NA,NA,NA,NA,NA,NA,NA,NA,""
"544",50208,558,"Rural Municipality","Lumbini Province","Rolpa","Runtigadhi Rural Municipality",0,1,5,0,1,0,7,0,7,NA,NA,NA,NA,NA,NA,NA,NA,""
"545",50204,559,"Rural Municipality","Lumbini Province","Rolpa","Gangadev Rural Municipality",0,0,4,0,0,0,4,0,4,NA,NA,NA,NA,NA,NA,NA,NA,""
"546",50201,560,"Rural Municipality","Lumbini Province","Rolpa","Sunchhahari Rural Municipality",0,0,6,0,1,0,7,0,7,NA,NA,NA,NA,NA,NA,NA,NA,""
"547",50209,561,"Rural Municipality","Lumbini Province","Rolpa","Sunil Smriti Rural Municipality",0,1,5,0,0,0,6,2,8,NA,NA,NA,NA,NA,NA,NA,NA,""
"548",50202,562,"Rural Municipality","Lumbini Province","Rolpa","Thawang Rural Municipality",0,0,3,0,1,0,4,0,4,NA,NA,NA,NA,NA,NA,NA,NA,""
"549",50206,563,"Rural Municipality","Lumbini Province","Rolpa","Tribeni Rural Municipality",0,0,5,0,0,0,5,0,5,NA,NA,NA,NA,NA,NA,NA,NA,""
"550",60801,564,"Municipality ","Karnali Province","Rukum West","Aathabisakot Municipality",0,0,5,0,0,0,5,0,5,NA,NA,NA,NA,NA,NA,NA,NA,""
"551",60803,565,"Rural Municipality","Karnali Province","Rukum West","Banphikot Rural Municipality",0,0,4,0,0,0,4,0,4,NA,NA,NA,NA,NA,NA,NA,NA,""
"552",60806,566,"Municipality ","Karnali Province","Rukum West","Chaurjahari Municipality",0,1,4,0,0,0,5,1,6,NA,NA,NA,NA,NA,NA,NA,NA,""
"553",60804,567,"Municipality ","Karnali Province","Rukum West","Musikot Municipality",1,0,5,0,0,0,6,1,7,NA,NA,NA,NA,NA,NA,NA,NA,""
"554",60802,568,"Rural Municipality","Karnali Province","Rukum West","Sanibheri Rural Municipality",0,0,4,0,0,0,4,0,4,NA,NA,NA,NA,NA,NA,NA,NA,""
"555",60805,569,"Rural Municipality","Karnali Province","Rukum West","Tribeni Rural Municipality",0,0,4,0,0,0,4,0,4,NA,NA,NA,NA,NA,NA,NA,NA,""
"556",60905,570,"Municipality ","Karnali Province","Salyan","Bagachour Municipality",0,1,5,0,0,0,6,0,6,NA,NA,NA,NA,NA,NA,NA,NA,""
"557",60903,571,"Municipality ","Karnali Province","Salyan","Banagad Kupinde Municipality",0,0,7,0,0,0,7,0,7,NA,NA,NA,NA,NA,NA,NA,NA,""
"558",60906,572,"Rural Municipality","Karnali Province","Salyan","Chhatreshwori Rural Municipality",0,1,3,0,0,0,4,0,4,NA,NA,NA,NA,NA,NA,NA,NA,""
"559",60901,573,"Rural Municipality","Karnali Province","Salyan","Darma Rural Municipality",0,0,3,0,0,0,3,0,3,NA,NA,NA,NA,NA,NA,NA,NA,""
"560",60904,574,"Municipality ","Karnali Province","Salyan","Dhorchaur Rural Municipality",0,0,3,0,0,0,3,0,3,NA,NA,NA,NA,NA,NA,NA,NA,""
"561",60908,575,"Rural Municipality","Karnali Province","Salyan","Kalimati Rural Municipality",0,0,4,0,0,0,4,0,4,NA,NA,NA,NA,NA,NA,NA,NA,""
"562",60910,576,"Rural Municipality","Karnali Province","Salyan","Kapurkot Rural Municipality",0,0,4,0,0,0,4,0,4,NA,NA,NA,NA,NA,NA,NA,NA,""
"563",60902,577,"Rural Municipality","Karnali Province","Salyan","Kumakh Malika Rural Municipality",0,0,5,0,0,0,5,0,5,NA,NA,NA,NA,NA,NA,NA,NA,""
"564",60907,578,"Municipality ","Karnali Province","Salyan","Sharada Municipality",1,0,7,0,0,0,8,0,8,NA,NA,NA,NA,NA,NA,NA,NA,""
"565",60909,579,"Rural Municipality","Karnali Province","Salyan","Tribeni Rural Municipality",0,0,4,0,0,0,4,0,4,NA,NA,NA,NA,NA,NA,NA,NA,""
"566",51005,580,"Rural Municipality","Lumbini Province","Dang","Babai Rural Municipality",0,0,2,0,0,0,2,0,2,NA,NA,NA,NA,NA,NA,NA,NA,""
"567",51001,581,"Rural Municipality","Lumbini Province","Dang","Bangalachuli Rural Municipality",0,1,3,0,0,0,4,0,4,NA,NA,NA,NA,NA,NA,NA,NA,""
"568",51006,582,"Rural Municipality","Lumbini Province","Dang","Dangisharan Rural Municipality",0,1,2,0,0,0,3,0,3,NA,NA,NA,NA,NA,NA,NA,NA,""
"569",51009,583,"Rural Municipality","Lumbini Province","Dang","Gadhawa Rural Municipality",0,0,4,0,0,0,4,0,4,NA,NA,NA,NA,NA,NA,NA,NA,""
"570",51002,584,"Sub-Metropolitan City","Lumbini Province","Dang","Ghorahi Sub-Metropolitan City",1,0,8,4,0,0,13,9,22,NA,NA,NA,NA,NA,NA,NA,NA,""
"571",51007,585,"Municipality ","Lumbini Province","Dang","Lamahi Municipality",1,0,2,0,0,0,3,2,5,NA,NA,NA,NA,NA,NA,NA,NA,""
"572",51010,586,"Rural Municipality","Lumbini Province","Dang","Rajpur Rural Municipality",0,0,2,0,0,0,2,0,2,NA,NA,NA,NA,NA,NA,NA,NA,""
"573",51008,587,"Rural Municipality","Lumbini Province","Dang","Rapti Rural Municipality",0,0,2,0,0,0,2,0,2,NA,NA,NA,NA,NA,NA,NA,NA,""
"574",51004,588,"Rural Municipality","Lumbini Province","Dang","Shantinagar Rural Municipality",0,0,3,0,0,0,3,0,3,NA,NA,NA,NA,NA,NA,NA,NA,""
"575",51003,589,"Sub-Metropolitan City","Lumbini Province","Dang","Tulsipur Sub-Metropolitan City",1,0,8,2,0,0,11,3,14,NA,NA,NA,NA,NA,NA,NA,NA,""
"576",51103,590,"Rural Municipality","Lumbini Province","Banke","Baijanath Rural Municipality",0,1,3,0,0,0,4,0,4,NA,NA,NA,NA,NA,NA,NA,NA,""
"577",51107,591,"Rural Municipality","Lumbini Province","Banke","Duduwa Rural Municipality",0,0,5,0,0,0,5,0,5,NA,NA,NA,NA,NA,NA,NA,NA,""
"578",51105,592,"Rural Municipality","Lumbini Province","Banke","Janaki Rural Municipality",0,0,6,0,0,0,6,1,7,NA,NA,NA,NA,NA,NA,NA,NA,""
"579",51104,593,"Rural Municipality","Lumbini Province","Banke","Khajura Rural Municipality",0,1,5,0,0,0,6,1,7,NA,NA,NA,NA,NA,NA,NA,NA,""
"580",51102,594,"Municipality ","Lumbini Province","Banke","Kohalpur Municipality",0,0,3,0,0,0,3,4,7,NA,NA,NA,NA,NA,NA,NA,NA,""
"581",51108,595,"Rural Municipality","Lumbini Province","Banke","Narainapur Rural Municipality",0,1,5,0,0,0,6,0,6,NA,NA,NA,NA,NA,NA,NA,NA,""
"582",51106,596,"Sub-Metropolitan City","Lumbini Province","Banke","Nepalganj Sub-Metropolitan City",3,0,11,7,0,1,22,20,42,NA,NA,NA,NA,NA,NA,NA,NA,""
"583",51101,597,"Rural Municipality","Lumbini Province","Banke","Rapti Sonari Rural Municipality",0,0,6,0,0,0,6,0,6,NA,NA,NA,NA,NA,NA,NA,NA,""
"584",51208,598,"Rural Municipality","Lumbini Province","Bardiya","Badhaiyatal Rural Municipality",0,1,3,0,1,0,5,0,5,NA,NA,NA,NA,NA,NA,NA,NA,""
"585",51201,599,"Municipality ","Lumbini Province","Bardiya","Bansgadhi Municipality",0,0,3,3,1,0,7,1,8,NA,NA,NA,NA,NA,NA,NA,NA,""
"586",51201,600,"Municipality ","Lumbini Province","Bardiya","Bansgadhi Municipality",0,0,3,3,1,0,7,1,8,NA,NA,NA,NA,NA,NA,NA,NA,""
"587",51202,601,"Municipality ","Lumbini Province","Bardiya","Barbardiya Municipality",0,1,3,0,2,0,6,0,6,NA,NA,NA,NA,NA,NA,NA,NA,""
"588",51204,602,"Rural Municipality","Lumbini Province","Bardiya","Geruwa Rural Municipality",0,0,4,0,1,0,5,0,5,NA,NA,NA,NA,NA,NA,NA,NA,""
"589",51207,603,"Municipality ","Lumbini Province","Bardiya","Gulariya Municipality",1,0,3,3,0,1,8,5,13,NA,NA,NA,NA,NA,NA,NA,NA,""
"590",51206,604,"Municipality ","Lumbini Province","Bardiya","Madhuwan Municipality",0,0,4,1,0,0,5,1,6,NA,NA,NA,NA,NA,NA,NA,NA,""
"591",51205,605,"Municipality ","Lumbini Province","Bardiya","Rajapur Municipality",0,1,6,1,0,0,8,0,8,NA,NA,NA,NA,NA,NA,NA,NA,""
"592",51203,606,"Municipality ","Lumbini Province","Bardiya","Thakurbaba Municipality",0,0,4,1,1,0,6,2,8,NA,NA,NA,NA,NA,NA,NA,NA,""
"593",61007,608,"Rural Municipality","Karnali Province","Surkhet","Barahatal Rural Municipality",0,0,5,0,3,0,8,0,8,NA,NA,NA,NA,NA,NA,NA,NA,""
"594",61005,609,"Municipality ","Karnali Province","Surkhet","Bheriganga Municipality",0,0,4,1,0,0,5,1,6,NA,NA,NA,NA,NA,NA,NA,NA,""
"595",61006,610,"Municipality ","Karnali Province","Surkhet","Birendranagar Municipality",1,0,7,8,0,2,18,31,49,NA,NA,NA,NA,NA,NA,NA,NA,""
"596",61009,611,"Rural Municipality","Karnali Province","Surkhet","Chaukune Rural Municipality",0,0,5,0,0,0,5,0,5,NA,NA,NA,NA,NA,NA,NA,NA,""
"597",61002,612,"Rural Municipality","Karnali Province","Surkhet","Chingad Rural Municipality",0,1,4,0,1,0,6,0,6,NA,NA,NA,NA,NA,NA,NA,NA,""
"598",61004,613,"Municipality ","Karnali Province","Surkhet","Gurbhakot Municipality",1,0,6,5,1,0,13,1,14,NA,NA,NA,NA,NA,NA,NA,NA,""
"599",61003,614,"Municipality ","Karnali Province","Surkhet","Lekabeshi Municipality",0,1,4,0,2,0,7,0,7,NA,NA,NA,NA,NA,NA,NA,NA,""
"600",61008,615,"Municipality ","Karnali Province","Surkhet","Panchapuri Municipality",0,1,4,0,2,0,7,1,8,NA,NA,NA,NA,NA,NA,NA,NA,""
"601",61001,616,"Rural Municipality","Karnali Province","Surkhet","Simta Rural Municipality",0,0,8,0,2,0,10,0,10,NA,NA,NA,NA,NA,NA,NA,NA,""
"602",60605,617,"Municipality ","Karnali Province","Dailekh","Aathbis Municipality",0,0,6,0,0,0,6,2,8,NA,NA,NA,NA,NA,NA,NA,NA,""
"603",60609,618,"Rural Municipality","Karnali Province","Dailekh","Bhagawatimai Rural Municipality",0,0,6,0,0,0,6,1,7,NA,NA,NA,NA,NA,NA,NA,NA,""
"604",60603,619,"Rural Municipality","Karnali Province","Dailekh","Bhairabi Rural Municipality",0,0,3,0,0,0,3,0,3,NA,NA,NA,NA,NA,NA,NA,NA,""
"605",60606,620,"Municipality ","Karnali Province","Dailekh","Chamunda Bindrasaini Municipality",0,0,3,0,0,0,3,0,3,NA,NA,NA,NA,NA,NA,NA,NA,""
"606",60607,621,"Municipality ","Karnali Province","Dailekh","Dullu Municipality",1,0,9,1,0,0,11,3,14,NA,NA,NA,NA,NA,NA,NA,NA,""
"607",60610,622,"Rural Municipality","Karnali Province","Dailekh","Dungeshwor Rural Municipality",0,0,4,0,0,0,4,2,6,NA,NA,NA,NA,NA,NA,NA,NA,""
"608",60611,623,"Rural Municipality","Karnali Province","Dailekh","Gurans Rural Municipality",0,0,6,0,1,0,7,0,7,NA,NA,NA,NA,NA,NA,NA,NA,""
"609",60602,624,"Rural Municipality","Karnali Province","Dailekh","Mahabu Rural Municipality",0,0,5,0,1,0,6,0,6,NA,NA,NA,NA,NA,NA,NA,NA,""
"610",60608,625,"Municipality ","Karnali Province","Dailekh","Narayan Municipality",1,0,6,2,0,0,9,5,14,NA,NA,NA,NA,NA,NA,NA,NA,""
"611",60601,626,"Rural Municipality","Karnali Province","Dailekh","Naumule Rural Municipality",0,1,6,0,1,0,8,0,8,NA,NA,NA,NA,NA,NA,NA,NA,""
"612",60604,627,"Rural Municipality","Karnali Province","Dailekh","Thantikandh Rural Municipality",0,1,2,0,2,0,5,0,5,NA,NA,NA,NA,NA,NA,NA,NA,""
"613",60701,628,"Rural Municipality","Karnali Province","Jajarkot","Barekot Rural Municipality",0,1,3,0,0,0,4,0,4,NA,NA,NA,NA,NA,NA,NA,NA,""
"614",60706,629,"Municipality ","Karnali Province","Jajarkot","Bheri Malika Municipality",1,0,5,0,0,0,6,0,6,NA,NA,NA,NA,NA,NA,NA,NA,""
"615",60704,630,"Municipality ","Karnali Province","Jajarkot","Chhedagad Municipality",0,0,7,0,0,0,7,0,7,NA,NA,NA,NA,NA,NA,NA,NA,""
"616",60703,631,"Rural Municipality","Karnali Province","Jajarkot","Junichande Rural Municipality",0,1,3,0,0,0,4,0,4,NA,NA,NA,NA,NA,NA,NA,NA,""
"617",60702,632,"Rural Municipality","Karnali Province","Jajarkot","Kuse Rural Municipality",0,0,5,0,0,0,5,0,5,NA,NA,NA,NA,NA,NA,NA,NA,""
"618",60705,633,"Rural Municipality","Karnali Province","Jajarkot","Shivalaya Rural Municipality",0,0,3,0,0,0,3,0,3,NA,NA,NA,NA,NA,NA,NA,NA,""
"619",60707,634,"Municipality ","Karnali Province","Jajarkot","Tribeni Nalagad Municipality",0,0,6,0,0,0,6,0,6,NA,NA,NA,NA,NA,NA,NA,NA,""
"620",60108,635,"Rural Municipality","Karnali Province","Dolpa","Chharka Tangsong Rural Municipality",0,0,2,0,0,0,2,0,2,NA,NA,NA,NA,NA,NA,NA,NA,""
"621",60101,636,"Rural Municipality","Karnali Province","Dolpa","Dolpo Buddha Rural Municipality",0,0,2,0,0,0,2,0,2,NA,NA,NA,NA,NA,NA,NA,NA,""
"622",60103,637,"Rural Municipality","Karnali Province","Dolpa","Jagadulla Rural Municipality",0,0,3,0,0,0,3,0,3,NA,NA,NA,NA,NA,NA,NA,NA,""
"623",60107,638,"Rural Municipality","Karnali Province","Dolpa","Kaike Rural Municipality",0,0,2,0,0,0,2,0,2,NA,NA,NA,NA,NA,NA,NA,NA,""
"624",60104,639,"Rural Municipality","Karnali Province","Dolpa","Mudkechula Rural Municipality",0,0,3,0,0,0,3,0,3,NA,NA,NA,NA,NA,NA,NA,NA,""
"625",60102,640,"Rural Municipality","Karnali Province","Dolpa","Shey Phoksundo Rural Municipality",0,0,3,0,0,0,3,0,3,NA,NA,NA,NA,NA,NA,NA,NA,""
"626",60106,641,"Municipality ","Karnali Province","Dolpa","Thulibheri Municipality",1,0,3,0,0,0,4,0,4,NA,NA,NA,NA,NA,NA,NA,NA,""
"627",60105,642,"Municipality ","Karnali Province","Dolpa","Tripurasundari Municipality",0,0,5,0,0,0,5,0,5,NA,NA,NA,NA,NA,NA,NA,NA,""
"628",60404,643,"Municipality ","Karnali Province","Jumla","Chandannath Municipality",1,0,3,1,0,1,6,10,16,NA,NA,NA,NA,NA,NA,NA,NA,""
"629",60405,644,"Rural Municipality","Karnali Province","Jumla","Guthichaur Rural Municipality",0,0,3,0,0,0,3,0,3,NA,NA,NA,NA,NA,NA,NA,NA,""
"630",60408,645,"Rural Municipality","Karnali Province","Jumla","Hima Rural Municipality",0,1,2,0,0,0,3,0,3,NA,NA,NA,NA,NA,NA,NA,NA,""
"631",60402,646,"Rural Municipality","Karnali Province","Jumla","Kanaka Sundari Rural Municipality",0,0,5,0,0,0,5,0,5,NA,NA,NA,NA,NA,NA,NA,NA,""
"632",60401,647,"Rural Municipality","Karnali Province","Jumla","Patarasi Rural Municipality",0,0,4,0,0,0,4,0,4,NA,NA,NA,NA,NA,NA,NA,NA,""
"633",60403,648,"Rural Municipality","Karnali Province","Jumla","Sinja Rural Municipality",0,0,3,0,0,0,3,0,3,NA,NA,NA,NA,NA,NA,NA,NA,""
"634",60406,649,"Rural Municipality","Karnali Province","Jumla","Tatopani Rural Municipality",0,0,4,0,0,0,4,0,4,NA,NA,NA,NA,NA,NA,NA,NA,""
"635",60407,650,"Rural Municipality","Karnali Province","Jumla","Tila Rural Municipality",0,0,5,0,0,0,5,0,5,NA,NA,NA,NA,NA,NA,NA,NA,""
"636",60509,651,"Rural Municipality","Karnali Province","Kalikot","Kalika Rural Municipality",0,0,3,0,0,0,3,0,3,NA,NA,NA,NA,NA,NA,NA,NA,""
"637",60506,652,"Municipality ","Karnali Province","Kalikot","Khandachakra Municipality",1,0,2,0,0,0,3,0,3,NA,NA,NA,NA,NA,NA,NA,NA,""
"638",60508,653,"Rural Municipality","Karnali Province","Kalikot","Mahawai Rural Municipality",0,0,2,0,0,0,2,0,2,NA,NA,NA,NA,NA,NA,NA,NA,""
"639",60505,654,"Rural Municipality","Karnali Province","Kalikot","Naraharinath Rural Municipality",0,1,4,0,0,0,5,0,5,NA,NA,NA,NA,NA,NA,NA,NA,""
"640",60502,655,"Rural Municipality","Karnali Province","Kalikot","Pachal Jharana Rural Municipality",0,0,3,0,0,0,3,0,3,NA,NA,NA,NA,NA,NA,NA,NA,""
"641",60501,656,"Rural Municipality","Karnali Province","Kalikot","Palata Rural Municipality",0,0,3,0,0,0,3,0,3,NA,NA,NA,NA,NA,NA,NA,NA,""
"642",60503,657,"Municipality ","Karnali Province","Kalikot","Raskot Municipality",0,0,3,0,0,0,3,0,3,NA,NA,NA,NA,NA,NA,NA,NA,""
"643",60504,658,"Rural Municipality","Karnali Province","Kalikot","Sanni Tribeni Rural Municipality",0,0,3,0,0,0,3,0,3,NA,NA,NA,NA,NA,NA,NA,NA,""
"644",60507,659,"Municipality ","Karnali Province","Kalikot","Tilagupha Municipality",0,0,5,0,0,0,5,0,5,NA,NA,NA,NA,NA,NA,NA,NA,""
"645",60202,660,"Rural Municipality","Karnali Province","Mugu","Chhayanath Rara Municipality",1,0,6,0,3,0,10,0,10,NA,NA,NA,NA,NA,NA,NA,NA,""
"646",60204,661,"Rural Municipality","Karnali Province","Mugu","Khatyad Rural Municipality",0,1,6,0,2,0,9,0,9,NA,NA,NA,NA,NA,NA,NA,NA,""
"647",60201,662,"Rural Municipality","Karnali Province","Mugu","Mugumkarmarog Rural Municipality",0,0,5,0,0,0,5,0,5,NA,NA,NA,NA,NA,NA,NA,NA,""
"648",60203,663,"Rural Municipality","Karnali Province","Mugu","Soru Rural Municipality",0,0,7,0,1,0,8,0,8,NA,NA,NA,NA,NA,NA,NA,NA,""
"649",60306,664,"Rural Municipality","Karnali Province","Humla","Adanchuli Rural Municipality",0,0,2,0,0,0,2,0,2,NA,NA,NA,NA,NA,NA,NA,NA,""
"650",60301,665,"Rural Municipality","Karnali Province","Humla","Chankheli Rural Municipality",0,0,4,0,0,0,4,0,4,NA,NA,NA,NA,NA,NA,NA,NA,""
"651",60302,666,"Rural Municipality","Karnali Province","Humla","Kharpunath Rural Municipality",0,0,4,0,0,0,4,0,4,NA,NA,NA,NA,NA,NA,NA,NA,""
"652",60304,667,"Rural Municipality","Karnali Province","Humla","Namkha Rural Municipality",0,0,4,0,0,0,4,0,4,NA,NA,NA,NA,NA,NA,NA,NA,""
"653",60305,668,"Rural Municipality","Karnali Province","Humla","Sarkegad Rural Municipality",0,0,6,0,0,0,6,0,6,NA,NA,NA,NA,NA,NA,NA,NA,""
"654",60303,669,"Rural Municipality","Karnali Province","Humla","Simkot Rural Municipality",1,0,4,0,0,0,5,1,6,NA,NA,NA,NA,NA,NA,NA,NA,""
"655",60307,670,"Rural Municipality","Karnali Province","Humla","Tanjakot Rural Municipality",0,0,2,0,0,0,2,0,2,NA,NA,NA,NA,NA,NA,NA,NA,""
"656",70106,671,"Municipality ","Sudurpashchim Province","Bajura","Badimalika Municipality",1,0,3,5,0,0,9,1,10,NA,NA,NA,NA,NA,NA,NA,NA,""
"657",70108,672,"Municipality ","Sudurpashchim Province","Bajura","Budhiganga Municipality",0,0,3,1,0,0,4,0,4,NA,NA,NA,NA,NA,NA,NA,NA,""
"658",70103,673,"Municipality ","Sudurpashchim Province","Bajura","Budhinanda Municipality",0,1,3,1,0,0,5,0,5,NA,NA,NA,NA,NA,NA,NA,NA,""
"659",70107,674,"Rural Municipality","Sudurpashchim Province","Bajura","Khaptad Chhededaha Rural Municipality",0,0,5,0,0,0,5,0,5,NA,NA,NA,NA,NA,NA,NA,NA,""
"660",70102,675,"Rural Municipality","Sudurpashchim Province","Bajura","Gaumul Rural Municipality",0,0,2,0,3,0,5,0,5,NA,NA,NA,NA,NA,NA,NA,NA,""
"661",70101,676,"Rural Municipality","Sudurpashchim Province","Bajura","Himali Rural Municipality",0,0,2,0,1,0,3,0,3,NA,NA,NA,NA,NA,NA,NA,NA,""
"662",70105,677,"Rural Municipality","Sudurpashchim Province","Bajura","Jagannath Rural Municipality",0,0,2,0,1,0,3,0,3,NA,NA,NA,NA,NA,NA,NA,NA,""
"663",70104,678,"Rural Municipality","Sudurpashchim Province","Bajura","Swami Kartik Rural Municipality",0,0,3,0,1,0,4,0,4,NA,NA,NA,NA,NA,NA,NA,NA,""
"664",70109,679,"Municipality ","Sudurpashchim Province","Bajura","Tribeni Municipality",0,0,3,2,0,0,5,0,5,NA,NA,NA,NA,NA,NA,NA,NA,""
"665",70210,681,"Rural Municipality","Sudurpashchim Province","Bajhang","Bitthadchir Rural Municipality",0,1,2,0,0,0,3,0,3,NA,NA,NA,NA,NA,NA,NA,NA,""
"666",70202,682,"Municipality ","Sudurpashchim Province","Bajhang","Bungal Municipality",0,0,5,0,3,0,8,0,8,NA,NA,NA,NA,NA,NA,NA,NA,""
"667",70207,683,"Rural Municipality","Sudurpashchim Province","Bajhang","Chhabis Pathibhara Rural Municipality",0,0,5,0,1,0,6,0,6,NA,NA,NA,NA,NA,NA,NA,NA,""
"668",70208,684,"Rural Municipality","Sudurpashchim Province","Bajhang","Durgathali Rural Municipality",0,0,3,0,0,0,3,0,3,NA,NA,NA,NA,NA,NA,NA,NA,""
"669",70206,685,"Municipality ","Sudurpashchim Province","Bajhang","Jayaprithbi Municipality",1,0,5,2,0,1,9,1,10,NA,NA,NA,NA,NA,NA,NA,NA,""
"670",70201,686,"Rural Municipality","Sudurpashchim Province","Bajhang","Kanda Rural Municipality",0,0,1,0,0,0,1,0,1,NA,NA,NA,NA,NA,NA,NA,NA,""
"671",70209,687,"Rural Municipality","Sudurpashchim Province","Bajhang","Kedarsyun Rural Municipality",0,1,3,0,2,0,6,0,6,NA,NA,NA,NA,NA,NA,NA,NA,""
"672",70212,688,"Rural Municipality","Sudurpashchim Province","Bajhang","Khaptad Chhanna Rural Municipality",0,0,6,0,0,0,6,0,6,NA,NA,NA,NA,NA,NA,NA,NA,""
"673",70205,689,"Rural Municipality","Sudurpashchim Province","Bajhang","Masta Rural Municipality",0,0,4,0,0,0,4,0,4,NA,NA,NA,NA,NA,NA,NA,NA,""
"674",70203,690,"Rural Municipality","Sudurpashchim Province","Bajhang","Surma Rural Municipality",0,0,2,0,0,0,2,0,2,NA,NA,NA,NA,NA,NA,NA,NA,""
"675",70204,691,"Rural Municipality","Sudurpashchim Province","Bajhang","Talkot Rural Municipality",0,0,4,0,0,0,4,0,4,NA,NA,NA,NA,NA,NA,NA,NA,""
"676",70211,692,"Rural Municipality","Sudurpashchim Province","Bajhang","Thalara Rural Municipality",0,0,5,0,0,0,5,0,5,NA,NA,NA,NA,NA,NA,NA,NA,""
"677",70707,694,"Rural Municipality","Sudurpashchim Province","Achham","Bannigadhi Jayagadh Rural Municipality",0,0,6,0,0,0,6,0,6,NA,NA,NA,NA,NA,NA,NA,NA,""
"678",70705,695,"Rural Municipality","Sudurpashchim Province","Achham","Chaurpati Rural Municipality",0,1,5,0,0,0,6,0,6,NA,NA,NA,NA,NA,NA,NA,NA,""
"679",70709,696,"Rural Municipality","Sudurpashchim Province","Achham","Dhakari Rural Municipality",0,0,4,0,1,0,5,0,5,NA,NA,NA,NA,NA,NA,NA,NA,""
"680",70708,697,"Municipality ","Sudurpashchim Province","Achham","Kamal Bazar Municipality",0,1,8,0,0,0,9,0,9,NA,NA,NA,NA,NA,NA,NA,NA,""
"681",70706,698,"Municipality ","Sudurpashchim Province","Achham","Mangalsen Municipality",1,0,8,1,0,0,10,2,12,NA,NA,NA,NA,NA,NA,NA,NA,""
"682",70703,699,"Rural Municipality","Sudurpashchim Province","Achham","Mellekh Rural Municipality",0,0,7,0,0,0,7,0,7,NA,NA,NA,NA,NA,NA,NA,NA,""
"683",70701,700,"Municipality ","Sudurpashchim Province","Achham","Panchdebal Binayak Municipality",0,0,8,0,0,0,8,0,8,NA,NA,NA,NA,NA,NA,NA,NA,""
"684",70702,701,"Rural Municipality","Sudurpashchim Province","Achham","Ramaroshan Rural Municipality",0,0,7,0,0,0,7,0,7,NA,NA,NA,NA,NA,NA,NA,NA,""
"685",70704,702,"Municipality ","Sudurpashchim Province","Achham","Sanphebagar Municipality",0,0,13,1,0,0,14,1,15,NA,NA,NA,NA,NA,NA,NA,NA,""
"686",70710,703,"Rural Municipality","Sudurpashchim Province","Achham","Turmakhand Rural Municipality",0,0,8,0,1,0,9,0,9,NA,NA,NA,NA,NA,NA,NA,NA,""
"687",70603,705,"Rural Municipality","Sudurpashchim Province","Doti","Aadarsha Rural Municipality",0,0,6,0,1,0,7,1,8,NA,NA,NA,NA,NA,NA,NA,NA,""
"688",70608,706,"Rural Municipality","Sudurpashchim Province","Doti","Badi Kedar Rural Municipality",0,0,4,0,1,0,5,0,5,NA,NA,NA,NA,NA,NA,NA,NA,""
"689",70607,707,"Rural Municipality","Sudurpashchim Province","Doti","Bogatan Rural Municipality",0,1,6,0,2,0,9,0,9,NA,NA,NA,NA,NA,NA,NA,NA,""
"690",70605,708,"Municipality ","Sudurpashchim Province","Doti","Dipayal Silgadhi Municipality",2,0,4,4,0,0,10,6,16,NA,NA,NA,NA,NA,NA,NA,NA,""
"691",70609,709,"Rural Municipality","Sudurpashchim Province","Doti","Jorayal Rural Municipality",0,1,5,0,2,0,8,0,8,NA,NA,NA,NA,NA,NA,NA,NA,""
"692",70606,710,"Rural Municipality","Sudurpashchim Province","Doti","K.I. Singh Rural Municipality",0,0,5,0,0,0,5,0,5,NA,NA,NA,NA,NA,NA,NA,NA,""
"693",70601,711,"Rural Municipality","Sudurpashchim Province","Doti","Purbichouki Rural Municipality",0,0,7,0,0,0,7,0,7,NA,NA,NA,NA,NA,NA,NA,NA,""
"694",70602,712,"Rural Municipality","Sudurpashchim Province","Doti","Sayal Rural Municipality",0,0,3,0,0,0,3,0,3,NA,NA,NA,NA,NA,NA,NA,NA,""
"695",70604,713,"Municipality ","Sudurpashchim Province","Doti","Shikhar Municipality",0,0,9,0,0,0,9,0,9,NA,NA,NA,NA,NA,NA,NA,NA,""
"696",70806,715,"Rural Municipality","Sudurpashchim Province","Kailali","Bardagoriya Rural Municipality",0,0,2,0,0,0,2,0,2,NA,NA,NA,NA,NA,NA,NA,NA,""
"697",70811,716,"Municipality ","Sudurpashchim Province","Kailali","Bhajani Municipality",0,1,3,1,0,0,5,0,5,NA,NA,NA,NA,NA,NA,NA,NA,""
"698",70802,717,"Rural Municipality","Sudurpashchim Province","Kailali","Chure Rural Municipality",0,0,3,0,2,0,5,0,5,NA,NA,NA,NA,NA,NA,NA,NA,""
"699",70813,718,"Sub-Metropolitan City","Sudurpashchim Province","Kailali","Dhangadhi Sub-Metropolitan City",1,0,2,8,0,1,12,6,18,NA,NA,NA,NA,NA,NA,NA,NA,""
"700",70804,719,"Municipality ","Sudurpashchim Province","Kailali","Gauriganga Municipality",0,1,1,0,1,0,3,0,3,NA,NA,NA,NA,NA,NA,NA,NA,""
"701",70805,720,"Municipality ","Sudurpashchim Province","Kailali","Ghodaghodi Municipality",0,0,4,2,0,0,6,1,7,NA,NA,NA,NA,NA,NA,NA,NA,""
"702",70803,721,"Municipality ","Sudurpashchim Province","Kailali","Godawari Municipality",1,0,4,3,2,0,10,7,17,NA,NA,NA,NA,NA,NA,NA,NA,""
"703",70808,722,"Rural Municipality","Sudurpashchim Province","Kailali","Janaki Rural Municipality",0,0,4,0,0,0,4,0,4,NA,NA,NA,NA,NA,NA,NA,NA,""
"704",70809,723,"Rural Municipality","Sudurpashchim Province","Kailali","Joshipur Rural Municipality",0,1,1,0,0,0,2,0,2,NA,NA,NA,NA,NA,NA,NA,NA,""
"705",70812,724,"Rural Municipality","Sudurpashchim Province","Kailali","Kailari Rural Municipality",0,1,5,0,0,0,6,0,6,NA,NA,NA,NA,NA,NA,NA,NA,""
"706",70807,725,"Municipality ","Sudurpashchim Province","Kailali","Lamki Chuha Municipality",0,0,3,1,0,0,4,1,5,NA,NA,NA,NA,NA,NA,NA,NA,""
"707",70801,726,"Rural Municipality","Sudurpashchim Province","Kailali","Mohanyal Rural Municipality",0,0,3,0,1,0,4,0,4,NA,NA,NA,NA,NA,NA,NA,NA,""
"708",70810,727,"Municipality ","Sudurpashchim Province","Kailali","Tikapur Municipality",1,0,2,5,1,0,9,0,9,NA,NA,NA,NA,NA,NA,NA,NA,""
"709",70903,728,"Municipality ","Sudurpashchim Province","Kanchanpur","Bedkot Municipality",0,0,2,1,2,0,5,0,5,NA,NA,NA,NA,NA,NA,NA,NA,""
"710",70908,729,"Municipality ","Sudurpashchim Province","Kanchanpur","Belouri Municipality",0,1,2,1,0,0,4,0,4,NA,NA,NA,NA,NA,NA,NA,NA,""
"711",70909,730,"Rural Municipality","Sudurpashchim Province","Kanchanpur","Beldandi Rural Municipality",0,1,1,0,0,0,2,0,2,NA,NA,NA,NA,NA,NA,NA,NA,""
"712",70904,731,"Municipality ","Sudurpashchim Province","Kanchanpur","Bhimdatta Municipality",1,0,1,7,0,1,10,6,16,NA,NA,NA,NA,NA,NA,NA,NA,""
"713",70901,732,"Municipality ","Sudurpashchim Province","Kanchanpur","Krishnapur Municipality",0,0,2,0,3,0,5,0,5,NA,NA,NA,NA,NA,NA,NA,NA,""
"714",70906,733,"Rural Municipality","Sudurpashchim Province","Kanchanpur","Laljhadi Rural Municipality",0,0,3,0,0,0,3,0,3,NA,NA,NA,NA,NA,NA,NA,NA,""
"715",70905,734,"Municipality ","Sudurpashchim Province","Kanchanpur","Mahakali Municipality",0,1,1,1,1,0,4,0,4,NA,NA,NA,NA,NA,NA,NA,NA,""
"716",70907,735,"Municipality ","Sudurpashchim Province","Kanchanpur","Punarbas Municipality",0,0,3,1,0,0,4,1,5,NA,NA,NA,NA,NA,NA,NA,NA,""
"717",70902,736,"Municipality ","Sudurpashchim Province","Kanchanpur","Shuklaphanta Municipality",0,0,3,0,1,0,4,0,4,NA,NA,NA,NA,NA,NA,NA,NA,""
"718",70503,738,"Rural Municipality","Sudurpashchim Province","Dadeldhura","Ajayameru Rural Municipality",0,0,5,0,1,0,6,0,6,NA,NA,NA,NA,NA,NA,NA,NA,""
"719",70506,739,"Rural Municipality","Sudurpashchim Province","Dadeldhura","Aalital Rural Municipality",0,0,2,0,0,0,2,0,2,NA,NA,NA,NA,NA,NA,NA,NA,""
"720",70502,740,"Municipality ","Sudurpashchim Province","Dadeldhura","Amargadhi Municipality",1,0,4,2,1,0,8,10,18,NA,NA,NA,NA,NA,NA,NA,NA,""
"721",70504,741,"Rural Municipality","Sudurpashchim Province","Dadeldhura","Bhageshwor Rural Municipality",0,0,3,0,0,0,3,0,3,NA,NA,NA,NA,NA,NA,NA,NA,""
"722",70507,742,"Rural Municipality","Sudurpashchim Province","Dadeldhura","Ganyapdhura Rural Municipality",0,0,4,0,0,0,4,0,4,NA,NA,NA,NA,NA,NA,NA,NA,""
"723",70501,743,"Rural Municipality","Sudurpashchim Province","Dadeldhura","Nawadurga Rural Municipality",0,0,4,0,1,0,5,0,5,NA,NA,NA,NA,NA,NA,NA,NA,""
"724",70505,744,"Municipality ","Sudurpashchim Province","Dadeldhura","Parashuram Municipality",1,0,2,2,0,0,5,0,5,NA,NA,NA,NA,NA,NA,NA,NA,""
"725",70405,745,"Municipality ","Sudurpashchim Province","Baitadi","Dasharathchand Municipality",1,0,9,3,0,0,13,0,13,NA,NA,NA,NA,NA,NA,NA,NA,""
"726",70401,746,"Rural Municipality","Sudurpashchim Province","Baitadi","Dilasaini Rural Municipality",0,0,5,0,1,0,6,0,6,NA,NA,NA,NA,NA,NA,NA,NA,""
"727",70402,747,"Rural Municipality","Sudurpashchim Province","Baitadi","Dogada Kedar Rural Municipality",0,0,8,0,0,0,8,0,8,NA,NA,NA,NA,NA,NA,NA,NA,""
"728",70408,748,"Municipality ","Sudurpashchim Province","Baitadi","Melauli Municipality",0,1,4,0,0,0,5,0,5,NA,NA,NA,NA,NA,NA,NA,NA,""
"729",70406,749,"Rural Municipality","Sudurpashchim Province","Baitadi","Pancheshwor Rural Municipality",0,0,6,0,0,0,6,0,6,NA,NA,NA,NA,NA,NA,NA,NA,""
"730",70409,750,"Municipality ","Sudurpashchim Province","Baitadi","Patan Municipality",0,1,8,2,1,0,12,1,13,NA,NA,NA,NA,NA,NA,NA,NA,""
"731",70403,751,"Municipality ","Sudurpashchim Province","Baitadi","Puchaundi Municipality",0,0,10,0,1,0,11,0,11,NA,NA,NA,NA,NA,NA,NA,NA,""
"732",70407,752,"Rural Municipality","Sudurpashchim Province","Baitadi","Shivanath Rural Municipality",0,0,3,0,1,0,4,0,4,NA,NA,NA,NA,NA,NA,NA,NA,""
"733",70410,753,"Rural Municipality","Sudurpashchim Province","Baitadi","Sigas Rural Municipality",0,0,6,0,1,0,7,0,7,NA,NA,NA,NA,NA,NA,NA,NA,""
"734",70404,754,"Rural Municipality","Sudurpashchim Province","Baitadi","Surnaya Rural Municipality",0,0,6,0,1,0,7,0,7,NA,NA,NA,NA,NA,NA,NA,NA,""
"735",70305,755,"Rural Municipality","Sudurpashchim Province","Darchula","Apihimal Rural Municipality",0,0,2,0,0,0,2,0,2,NA,NA,NA,NA,NA,NA,NA,NA,""
"736",70301,756,"Rural Municipality","Sudurpashchim Province","Darchula","Byas Rural Municipality",0,0,5,0,0,0,5,0,5,NA,NA,NA,NA,NA,NA,NA,NA,""
"737",70302,757,"Rural Municipality","Sudurpashchim Province","Darchula","Duhun Rural Municipality",0,0,4,0,0,0,4,0,4,NA,NA,NA,NA,NA,NA,NA,NA,""
"738",70309,758,"Rural Municipality","Sudurpashchim Province","Darchula","Lekam Rural Municipality",0,0,4,0,0,0,4,0,4,NA,NA,NA,NA,NA,NA,NA,NA,""
"739",70303,759,"Municipality ","Sudurpashchim Province","Darchula","Mahakali Municipality",1,0,5,0,0,0,6,0,6,NA,NA,NA,NA,NA,NA,NA,NA,""
"740",70308,760,"Rural Municipality","Sudurpashchim Province","Darchula","Malikarjun Rural Municipality",0,0,6,0,0,0,6,0,6,NA,NA,NA,NA,NA,NA,NA,NA,""
"741",70306,761,"Rural Municipality","Sudurpashchim Province","Darchula","Marma Rural Municipality",0,0,5,0,0,0,5,0,5,NA,NA,NA,NA,NA,NA,NA,NA,""
"742",70304,762,"Rural Municipality","Sudurpashchim Province","Darchula","Naugad Rural Municipality",0,0,4,0,0,0,4,0,4,NA,NA,NA,NA,NA,NA,NA,NA,""
"743",70307,763,"Municipality ","Sudurpashchim Province","Darchula","Shailyashikhar Municipality",1,0,5,0,0,0,6,0,6,NA,NA,NA,NA,NA,NA,NA,NA,""
"744",40808,764,"Rural Municipality","Gandaki Province","Nawalparasi East","Binayi Tribeni Rural Municipality",0,0,4,0,0,0,4,0,4,NA,NA,NA,NA,NA,NA,NA,NA,""
"745",40808,765,"Rural Municipality","Gandaki Province","Nawalparasi East","Binayi Tribeni Rural Municipality",0,0,4,0,0,0,4,0,4,NA,NA,NA,NA,NA,NA,NA,NA,""
"746",40802,766,"Rural Municipality","Gandaki Province","Nawalparasi East","Bulingtar Rural Municipality",0,1,5,0,0,0,6,0,6,NA,NA,NA,NA,NA,NA,NA,NA,""
"747",40803,767,"Rural Municipality","Gandaki Province","Nawalparasi East","Bungdikali Rural Municipality",0,0,5,0,1,0,6,0,6,NA,NA,NA,NA,NA,NA,NA,NA,""
"748",40805,768,"Municipality ","Gandaki Province","Nawalparasi East","Devchuli Municipality",0,1,3,0,0,0,4,1,5,NA,NA,NA,NA,NA,NA,NA,NA,""
"749",40801,769,"Municipality ","Gandaki Province","Nawalparasi East","Gaidakot Municipality",0,0,4,1,0,0,5,1,6,NA,NA,NA,NA,NA,NA,NA,NA,""
"750",40804,770,"Rural Municipality","Gandaki Province","Nawalparasi East","Hupsekot Rural Municipality",0,0,3,0,0,0,3,0,3,NA,NA,NA,NA,NA,NA,NA,NA,""
"751",40806,771,"Municipality ","Gandaki Province","Nawalparasi East","Kawasoti Municipality",0,0,5,0,0,0,5,9,14,NA,NA,NA,NA,NA,NA,NA,NA,""
"752",40807,772,"Municipality ","Gandaki Province","Nawalparasi East","Madhya Bindu Municipality",0,1,6,0,0,0,7,0,7,NA,NA,NA,NA,NA,NA,NA,NA,""
"753",50103,774,"Rural Municipality","Lumbini Province","Rukum East","Bhoome Rural Municipality",0,0,5,0,0,0,5,1,6,NA,NA,NA,NA,NA,NA,NA,NA,""
"754",50101,775,"Rural Municipality","Lumbini Province","Rukum East","Putha Uttanganga Rural Municipality",0,1,5,0,0,0,6,0,6,NA,NA,NA,NA,NA,NA,NA,NA,""
"755",50102,776,"Rural Municipality","Lumbini Province","Rukum East","Sisne Rural Municipality",0,0,5,0,0,0,5,0,5,NA,NA,NA,NA,NA,NA,NA,NA,""
